{
   "report": "analysis",
   "version": "1.2",
   "productVersion": "9.0",
   "productRelease": "19.0.0.2-TA1",
   "options": [
      "--sourceAppServer=was855",
      "--sourceJava=ibm7",
      "--sourceJavaEE=ee6",
      "--targetAppServer=was90",
      "--targetJava=ibm8",
      "--targetJavaEE=ee7",
      "--targetCloud=vmIBMCloud",
      "--excludePackages=com.ibm,com.informix,com.microsoft,com.sybase,com.sun,java,javax,net,oracle,org,sqlj,_ibmjsp"
   ],
   "totalRulesFlagged": 6,
   "filesAffected": 48,
   "totalResults": 68,
   "severitySummary": [
      {
         "severity": "Warning",
         "totalRulesFlagged": 5,
         "totalResults": 55
      },
      {
         "severity": "Information",
         "totalRulesFlagged": 1,
         "totalResults": 13
      }
   ],
   "applications": [
      "/usr/TA2/transformationadvisor-1.9.8/was_migration_22nd/ContractorMSB_war.ear"
   ],
   "rules": [
      {
         "ruleName": "Behavior change in month name formatting for some languages",
         "ruleId": "MonthFormattingNames",
         "severity": "Information",
         "category": "Java SE version migration / Java SE 8 compatibility impacts",
         "results": [
            {
               "fileName": "ContractorMSB_war.ear/ContractorMSB.war/WEB-INF/lib/gson-2.8.2.jar/com/google/gson/DefaultDateTypeAdapter.class",
               "details": [
                  {
                     "reference": "Method write",
                     "match": "java.text.DateFormat.format(*)",
                     "lineNumber": 92
                  }
               ]
            },
            {
               "fileName": "ContractorMSB_war.ear/ContractorMSB.war/WEB-INF/lib/gson-2.8.2.jar/com/google/gson/internal/bind/DateTypeAdapter.class",
               "details": [
                  {
                     "reference": "Method write",
                     "match": "java.text.DateFormat.format(*)",
                     "lineNumber": 83
                  }
               ]
            },
            {
               "fileName": "ContractorMSB_war.ear/ContractorMSB.war/WEB-INF/lib/gson-2.8.2.jar/com/google/gson/internal/bind/SqlDateTypeAdapter.class",
               "details": [
                  {
                     "reference": "Method write",
                     "match": "java.text.DateFormat.format(*)",
                     "lineNumber": 65
                  }
               ]
            },
            {
               "fileName": "ContractorMSB_war.ear/ContractorMSB.war/WEB-INF/lib/gson-2.8.2.jar/com/google/gson/internal/bind/TimeTypeAdapter.class",
               "details": [
                  {
                     "reference": "Method write",
                     "match": "java.text.DateFormat.format(*)",
                     "lineNumber": 64
                  }
               ]
            },
            {
               "fileName": "ContractorMSB_war.ear/ContractorMSB.war/WEB-INF/lib/sapidoc3.jar/com/sap/conn/idoc/rt/ErrorTrace.class",
               "details": [
                  {
                     "reference": "Method trace",
                     "match": "java.text.DateFormat.format(*)",
                     "lineNumber": 147
                  }
               ]
            },
            {
               "fileName": "ContractorMSB_war.ear/ContractorMSB.war/WEB-INF/lib/sapidoc3.jar/com/sap/conn/idoc/rt/util/SyncDateFormat.class",
               "details": [
                  {
                     "reference": "Method format",
                     "match": "java.text.SimpleDateFormat.format(*)",
                     "lineNumber": 50
                  }
               ]
            },
            {
               "fileName": "ContractorMSB_war.ear/ContractorMSB.war/WEB-INF/lib/sapjco3.jar/com/sap/conn/jco/rt/JCoRuntime.class",
               "details": [
                  {
                     "reference": "Method setPropertyValue",
                     "match": "java.text.DateFormat.format(*)",
                     "lineNumber": 851
                  }
               ]
            },
            {
               "fileName": "ContractorMSB_war.ear/ContractorMSB.war/WEB-INF/lib/sapjco3.jar/com/sap/conn/jco/rt/MiddlewareJavaRfc.class",
               "details": [
                  {
                     "reference": "Method setProperty",
                     "match": "java.text.DateFormat.format(*)",
                     "lineNumber": 440
                  }
               ]
            },
            {
               "fileName": "ContractorMSB_war.ear/ContractorMSB.war/WEB-INF/lib/sapjco3.jar/com/sap/conn/jco/util/ErrorTrace.class",
               "details": [
                  {
                     "reference": "Method trace",
                     "match": "java.text.DateFormat.format(*)",
                     "lineNumber": 146
                  }
               ]
            },
            {
               "fileName": "ContractorMSB_war.ear/ContractorMSB.war/WEB-INF/lib/sapjco3.jar/com/sap/conn/jco/util/SyncDateFormat.class",
               "details": [
                  {
                     "reference": "Method format",
                     "match": "java.text.SimpleDateFormat.format(*)",
                     "lineNumber": 47
                  }
               ]
            },
            {
               "fileName": "ContractorMSB_war.ear/ContractorMSB.war/WEB-INF/lib/sapjco3.jar/com/sap/tc/logging/LogRecord.class",
               "details": [
                  {
                     "reference": "Method formatTime",
                     "match": "java.text.DateFormat.format(*)",
                     "lineNumber": 1242
                  }
               ]
            },
            {
               "fileName": "ContractorMSB_war.ear/ContractorMSB.war/WEB-INF/lib/sapjco3.jar/com/sap/tc/logging/tools/lv/LVFormatter.class",
               "details": [
                  {
                     "reference": "Method format",
                     "match": "java.text.SimpleDateFormat.format(*)",
                     "lineNumber": 53
                  },
                  {
                     "reference": "Method format",
                     "match": "java.text.SimpleDateFormat.format(*)",
                     "lineNumber": 57
                  }
               ]
            }
         ]
      },
      {
         "ruleName": "CDI scans for implicit beans when there is no beans.xml file",
         "ruleId": "MissingBeansFile",
         "severity": "Warning",
         "category": "Java EE 7 / CDI",
         "results": [
            {
               "fileName": "ContractorMSB_war.ear/ContractorMSB.war",
               "details": [
                  {
                     "reference": null,
                     "match": ".*(\\.war|\\.jar)",
                     "lineNumber": 0
                  }
               ]
            },
            {
               "fileName": "ContractorMSB_war.ear/ContractorMSB.war/WEB-INF/lib/gson-2.8.2.jar",
               "details": [
                  {
                     "reference": null,
                     "match": ".*(\\.war|\\.jar)",
                     "lineNumber": 0
                  }
               ]
            },
            {
               "fileName": "ContractorMSB_war.ear/ContractorMSB.war/WEB-INF/lib/httpclient-osgi-4.3.jar",
               "details": [
                  {
                     "reference": null,
                     "match": ".*(\\.war|\\.jar)",
                     "lineNumber": 0
                  }
               ]
            },
            {
               "fileName": "ContractorMSB_war.ear/ContractorMSB.war/WEB-INF/lib/jackson-core-asl-1.9.2.jar",
               "details": [
                  {
                     "reference": null,
                     "match": ".*(\\.war|\\.jar)",
                     "lineNumber": 0
                  }
               ]
            },
            {
               "fileName": "ContractorMSB_war.ear/ContractorMSB.war/WEB-INF/lib/jackson-mapper-asl-1.9.2.jar",
               "details": [
                  {
                     "reference": null,
                     "match": ".*(\\.war|\\.jar)",
                     "lineNumber": 0
                  }
               ]
            },
            {
               "fileName": "ContractorMSB_war.ear/ContractorMSB.war/WEB-INF/lib/ngdbc.jar",
               "details": [
                  {
                     "reference": null,
                     "match": ".*(\\.war|\\.jar)",
                     "lineNumber": 0
                  }
               ]
            },
            {
               "fileName": "ContractorMSB_war.ear/ContractorMSB.war/WEB-INF/lib/ojdbc6.jar",
               "details": [
                  {
                     "reference": null,
                     "match": ".*(\\.war|\\.jar)",
                     "lineNumber": 0
                  }
               ]
            },
            {
               "fileName": "ContractorMSB_war.ear/ContractorMSB.war/WEB-INF/lib/sapidoc3.jar",
               "details": [
                  {
                     "reference": null,
                     "match": ".*(\\.war|\\.jar)",
                     "lineNumber": 0
                  }
               ]
            },
            {
               "fileName": "ContractorMSB_war.ear/ContractorMSB.war/WEB-INF/lib/sapjco3.jar",
               "details": [
                  {
                     "reference": null,
                     "match": ".*(\\.war|\\.jar)",
                     "lineNumber": 0
                  }
               ]
            }
         ]
      },
      {
         "ruleName": "Check for compatibility when using system modules",
         "ruleId": "SystemLoadLibrary",
         "severity": "Warning",
         "category": "All application servers",
         "results": [
            {
               "fileName": "ContractorMSB_war.ear/ContractorMSB.war/WEB-INF/lib/ngdbc.jar/com/sap/db/jdbc/Driver.class",
               "details": [
                  {
                     "reference": "Method loadNativeAuthentication",
                     "match": "java.lang.System.loadLibrary(*)",
                     "lineNumber": 1279
                  }
               ]
            },
            {
               "fileName": "ContractorMSB_war.ear/ContractorMSB.war/WEB-INF/lib/sapjco3.jar/com/sap/conn/jco/rt/DefaultJCoRuntime.class",
               "details": [
                  {
                     "reference": "Method loadLibrary",
                     "match": "java.lang.System.loadLibrary(*)",
                     "lineNumber": 425
                  }
               ]
            },
            {
               "fileName": "ContractorMSB_war.ear/ContractorMSB.war/WEB-INF/lib/sapjco3.jar/com/sap/i18n/cp/ConverterJNI.class",
               "details": [
                  {
                     "reference": "Method loadLibrary",
                     "match": "java.lang.System.loadLibrary(*)",
                     "lineNumber": 554
                  }
               ]
            }
         ]
      },
      {
         "ruleName": "Databases",
         "ruleId": "DatabasesSQLRule",
         "severity": "Warning",
         "category": "Technology connectivity considerations for IBM Cloud",
         "results": [
            {
               "fileName": "ContractorMSB_war.ear/ContractorMSB.war/WEB-INF/classes/com/contractorapp/dao/MSBCredentialDB.class",
               "details": [
                  {
                     "reference": "Constructor",
                     "match": "java.sql",
                     "lineNumber": 14
                  }
               ]
            },
            {
               "fileName": "ContractorMSB_war.ear/ContractorMSB.war/WEB-INF/lib/gson-2.8.2.jar/com/google/gson/DefaultDateTypeAdapter.class",
               "details": [
                  {
                     "reference": "Constructor",
                     "match": "java.sql",
                     "lineNumber": 75
                  }
               ]
            },
            {
               "fileName": "ContractorMSB_war.ear/ContractorMSB.war/WEB-INF/lib/ngdbc.jar/com/sap/db/jdbc/CallableStatementSapDB.class",
               "details": [
                  {
                     "reference": "Class implements",
                     "match": "java.sql",
                     "lineNumber": 0
                  }
               ]
            }
         ]
      },
      {
         "ruleName": "Do not start unmanaged threads within the web or EJB container",
         "ruleId": "CreateThreadMethodsInWebOrEjbProject",
         "severity": "Warning",
         "category": "All application servers",
         "results": [
            {
               "fileName": "ContractorMSB_war.ear/ContractorMSB.war/WEB-INF/lib/sapjco3.jar/com/sap/conn/jco/rt/AutoJobRunner.class",
               "details": [
                  {
                     "reference": "Method initialize",
                     "match": "java.lang.Thread.start(*)",
                     "lineNumber": 23
                  }
               ]
            },
            {
               "fileName": "ContractorMSB_war.ear/ContractorMSB.war/WEB-INF/lib/sapjco3.jar/com/sap/conn/jco/rt/DefaultServerManager$DefaultRunnableStarter.class",
               "details": [
                  {
                     "reference": "Method start",
                     "match": "java.lang.Thread.start(*)",
                     "lineNumber": 338
                  }
               ]
            },
            {
               "fileName": "ContractorMSB_war.ear/ContractorMSB.war/WEB-INF/lib/sapjco3.jar/com/sap/conn/jco/rt/DefaultServerManager.class",
               "details": [
                  {
                     "reference": "Method addServer",
                     "match": "java.lang.Thread.start(*)",
                     "lineNumber": 140
                  }
               ]
            }
         ]
      },
      {
         "ruleName": "Validate the URL host and port for cloud access",
         "ruleId": "URLRuleDockerCloud",
         "severity": "Warning",
         "category": "Connectivity considerations for IBM Cloud (Docker and WebSphere in IBM Cloud)",
         "results": [
            {
               "fileName": "ContractorMSB_war.ear/ContractorMSB.war/WEB-INF/classes/com/contractorapp/common/CommonData$BaseAddress.class",
               "details": [
                  {
                     "reference": "Field CREDIT_NOTE_URL",
                     "match": "http://172.25.210.91:8061/",
                     "lineNumber": 0
                  },
                  {
                     "reference": "Field CREDIT_NOTE_URL_2",
                     "match": "http://mngp.asianpaints.com/",
                     "lineNumber": 0
                  }
               ]
            },
            {
               "fileName": "ContractorMSB_war.ear/ContractorMSB.war/WEB-INF/classes/com/contractorapp/common/CommonData$Endpoints.class",
               "details": [
                  {
                     "reference": "Field AVAILABLE_VOLUME",
                     "match": "http://mngp.asianpaints.com/sap/opu/odata/sap/ZMSB_GET_AVAIL_VOL_SRV/DealerDataSet",
                     "lineNumber": 0
                  },
                  {
                     "reference": "Field CONTRACTOR_PROFILE",
                     "match": "http://172.25.210.91:8061/Billing/MSB/ContractorApp/Services/XS_MSB_CON_APP/ContractorProfile.xsodata/",
                     "lineNumber": 0
                  },
                  {
                     "reference": "Field DPU_TRANSACTION",
                     "match": "http://mngp.asianpaints.com/sap/opu/odata/sap/ZMSB_RAISE_DPU_SRV/HeaderSet",
                     "lineNumber": 0
                  },
                  {
                     "reference": "Field LOGIN",
                     "match": "http://172.25.210.91:8061/Billing/MSB/ContractorApp/Services/XS_MSB_CON_APP/ContractorProfile.xsodata/",
                     "lineNumber": 0
                  },
                  {
                     "reference": "Field PREF_DEALER",
                     "match": "http://mngp.asianpaints.com/sap/opu/odata/sap/ZLOY_PREF_DEALER_SRV/PREF_DEALERSSet",
                     "lineNumber": 0
                  },
                  {
                     "reference": "Field PREF_DEALER_LIST",
                     "match": "http://172.25.210.91:8061/Billing/MSB/ContractorApp/Services/XS_MSB_CON_APP/PreferredDealers.xsodata/DEALERS?$format=json",
                     "lineNumber": 0
                  },
                  {
                     "reference": "Field PRODUCTS_BY_AVAILABLE_VOLUME",
                     "match": "http://172.25.210.91:8061/Billing/MSB/ContractorApp/Services/XS_MSB_CON_APP/Prod_Group.xsodata/PRODUCT_GROUP?$format=json",
                     "lineNumber": 0
                  },
                  {
                     "reference": "Field SCAN_TOKEN",
                     "match": "http://mngp.asianpaints.com/sap/opu/odata/sap/ZMSB_TOKEN_PROCESSING_SRV/zmsb_token_scanSet",
                     "lineNumber": 0
                  },
                  {
                     "reference": "Field SEARCH_DEALER",
                     "match": "http://172.25.210.91:8061/Billing/MSB/ContractorApp/Services/XS_MSB_CON_APP/DealerSearch.xsodata/Dealers?$format=json",
                     "lineNumber": 0
                  },
                  {
                     "reference": "Field SEARCH_TRANSACTIONS",
                     "match": "http://172.25.210.91:8061/Billing/MSB/ContractorApp/Services/XS_MSB_CON_APP/VT_Transactions.xsodata/VT?$format=json",
                     "lineNumber": 0
                  },
                  {
                     "reference": "Field SELF_CLAIM",
                     "match": "http://172.25.210.91:8061/Billing/MSB/ContractorApp/Services/XS_MSB_CON_APP/DPU_Transactions.xsodata/DPU?$format=json",
                     "lineNumber": 0
                  },
                  {
                     "reference": "Field SEND_SMS_URL",
                     "match": "http://mserve.asianpaints.com/MSB/SendSMS",
                     "lineNumber": 0
                  },
                  {
                     "reference": "Field SUCCESSFUL_TRANSACTION_LIST",
                     "match": "http://172.25.210.91:8061/Billing/MSB/ContractorApp/Services/XS_MSB_CON_APP/Successful_Barcode_Txns.xsodata/SUCCESSFUL?$format=json",
                     "lineNumber": 0
                  },
                  {
                     "reference": "Field TT_SUMMARY",
                     "match": "http://172.25.210.91:8061/Billing/MSB/ContractorApp/Services/XS_MSB_CON_APP/Barcode_Summary.xsodata/",
                     "lineNumber": 0
                  },
                  {
                     "reference": "Field UNSUCCESSFUL_TRANSACTION_LIST",
                     "match": "http://172.25.210.91:8061/Billing/MSB/ContractorApp/Services/XS_MSB_CON_APP/Unuccessful_Barcode_Txns.xsodata/UNSUCCESSFUL?$format=json",
                     "lineNumber": 0
                  },
                  {
                     "reference": "Field VOLUME_SUMMARY",
                     "match": "http://172.25.210.91:8061/Billing/MSB/ContractorApp/Services/XS_MSB_CON_APP/VolumeSummary.xsodata/VT_SUMMARY?$format=json",
                     "lineNumber": 0
                  }
               ]
            },
            {
               "fileName": "ContractorMSB_war.ear/ContractorMSB.war/WEB-INF/classes/com/contractorapp/consumer/DpuTransaction.class",
               "details": [
                  {
                     "reference": "Method doPost",
                     "match": "http://mngp.asianpaints.com/sap/opu/odata/sap/ZMSB_RAISE_DPU_SRV/HeaderSet",
                     "lineNumber": 53
                  }
               ]
            },
            {
               "fileName": "ContractorMSB_war.ear/ContractorMSB.war/WEB-INF/classes/com/contractorapp/consumer/PreferredDealer.class",
               "details": [
                  {
                     "reference": "Method doPost",
                     "match": "http://mngp.asianpaints.com/sap/opu/odata/sap/ZLOY_PREF_DEALER_SRV/PREF_DEALERSSet",
                     "lineNumber": 48
                  }
               ]
            },
            {
               "fileName": "ContractorMSB_war.ear/ContractorMSB.war/WEB-INF/classes/com/contractorapp/consumer/PreferredDealerList.class",
               "details": [
                  {
                     "reference": "Method doPost",
                     "match": "http://172.25.210.91:8061/Billing/MSB/ContractorApp/Services/XS_MSB_CON_APP/PreferredDealers.xsodata/DEALERS?$format=json&$filter=(CONTRACTOR%20eq%20'",
                     "lineNumber": 50
                  }
               ]
            },
            {
               "fileName": "ContractorMSB_war.ear/ContractorMSB.war/WEB-INF/classes/com/contractorapp/consumer/ProductVolumeByDealer.class",
               "details": [
                  {
                     "reference": "Method doPost",
                     "match": "http://mngp.asianpaints.com/sap/opu/odata/sap/ZMSB_GET_AVAIL_VOL_SRV/DealerDataSet",
                     "lineNumber": 63
                  }
               ]
            },
            {
               "fileName": "ContractorMSB_war.ear/ContractorMSB.war/WEB-INF/classes/com/contractorapp/consumer/Products.class",
               "details": [
                  {
                     "reference": "Method doPost",
                     "match": "http://172.25.210.91:8061/Billing/MSB/ContractorApp/Services/XS_MSB_CON_APP/Prod_Group.xsodata/PRODUCT_GROUP?$format=json",
                     "lineNumber": 63
                  }
               ]
            },
            {
               "fileName": "ContractorMSB_war.ear/ContractorMSB.war/WEB-INF/classes/com/contractorapp/consumer/ScanBarcode.class",
               "details": [
                  {
                     "reference": "Method doPost",
                     "match": "http://mngp.asianpaints.com/sap/opu/odata/sap/ZMSB_TOKEN_PROCESSING_SRV/zmsb_token_scanSet",
                     "lineNumber": 52
                  }
               ]
            },
            {
               "fileName": "ContractorMSB_war.ear/ContractorMSB.war/WEB-INF/classes/com/contractorapp/consumer/SearchDealer.class",
               "details": [
                  {
                     "reference": "Method doPost",
                     "match": "http://172.25.210.91:8061/Billing/MSB/ContractorApp/Services/XS_MSB_CON_APP/DealerSearch.xsodata/Dealers?$format=json",
                     "lineNumber": 61
                  }
               ]
            },
            {
               "fileName": "ContractorMSB_war.ear/ContractorMSB.war/WEB-INF/classes/com/contractorapp/consumer/SearchTransactions.class",
               "details": [
                  {
                     "reference": "Method doPost",
                     "match": "http://172.25.210.91:8061/Billing/MSB/ContractorApp/Services/XS_MSB_CON_APP/VT_Transactions.xsodata/VT?$format=json",
                     "lineNumber": 53
                  }
               ]
            },
            {
               "fileName": "ContractorMSB_war.ear/ContractorMSB.war/WEB-INF/classes/com/contractorapp/consumer/SelfClaim.class",
               "details": [
                  {
                     "reference": "Method doPost",
                     "match": "http://172.25.210.91:8061/Billing/MSB/ContractorApp/Services/XS_MSB_CON_APP/DPU_Transactions.xsodata/DPU?$format=json",
                     "lineNumber": 52
                  }
               ]
            },
            {
               "fileName": "ContractorMSB_war.ear/ContractorMSB.war/WEB-INF/classes/com/contractorapp/consumer/SuccessfulBarcodeScans.class",
               "details": [
                  {
                     "reference": "Method doPost",
                     "match": "http://172.25.210.91:8061/Billing/MSB/ContractorApp/Services/XS_MSB_CON_APP/Successful_Barcode_Txns.xsodata/SUCCESSFUL?$format=json",
                     "lineNumber": 55
                  }
               ]
            },
            {
               "fileName": "ContractorMSB_war.ear/ContractorMSB.war/WEB-INF/classes/com/contractorapp/consumer/TokenTransactionSummary.class",
               "details": [
                  {
                     "reference": "Method doPost",
                     "match": "http://172.25.210.91:8061/Billing/MSB/ContractorApp/Services/XS_MSB_CON_APP/Barcode_Summary.xsodata/",
                     "lineNumber": 54
                  }
               ]
            },
            {
               "fileName": "ContractorMSB_war.ear/ContractorMSB.war/WEB-INF/classes/com/contractorapp/consumer/UnSuccessfulBarcodeScans.class",
               "details": [
                  {
                     "reference": "Method doPost",
                     "match": "http://172.25.210.91:8061/Billing/MSB/ContractorApp/Services/XS_MSB_CON_APP/Unuccessful_Barcode_Txns.xsodata/UNSUCCESSFUL?$format=json",
                     "lineNumber": 57
                  }
               ]
            },
            {
               "fileName": "ContractorMSB_war.ear/ContractorMSB.war/WEB-INF/classes/com/contractorapp/consumer/vtSummary.class",
               "details": [
                  {
                     "reference": "Method doPost",
                     "match": "http://172.25.210.91:8061/Billing/MSB/ContractorApp/Services/XS_MSB_CON_APP/VolumeSummary.xsodata/VT_SUMMARY?$format=json",
                     "lineNumber": 59
                  }
               ]
            },
            {
               "fileName": "ContractorMSB_war.ear/ContractorMSB.war/WEB-INF/classes/com/contractorapp/services/GenerateOTP.class",
               "details": [
                  {
                     "reference": "Method sendOtp",
                     "match": "http://mserve.asianpaints.com/MSB/SendSMS",
                     "lineNumber": 77
                  }
               ]
            },
            {
               "fileName": "ContractorMSB_war.ear/ContractorMSB.war/WEB-INF/classes/com/contractorapp/services/impl/LoginServiceImpl.class",
               "details": [
                  {
                     "reference": "Method validateBPNumber",
                     "match": "http://172.25.210.91:8061/Billing/MSB/ContractorApp/Services/XS_MSB_CON_APP/ContractorProfile.xsodata/",
                     "lineNumber": 115
                  }
               ]
            },
            {
               "fileName": "ContractorMSB_war.ear/ContractorMSB.war/WEB-INF/classes/com/contractorapp/services/impl/ProfileServiceImpl.class",
               "details": [
                  {
                     "reference": "Method getLoyalityPoints",
                     "match": "http://172.25.210.91:8061/Billing/MSB/ContractorApp/Services/XS_MSB_CON_APP/ContractorProfile.xsodata/",
                     "lineNumber": 73
                  },
                  {
                     "reference": "Method getProfile",
                     "match": "http://172.25.210.91:8061/Billing/MSB/ContractorApp/Services/XS_MSB_CON_APP/ContractorProfile.xsodata/",
                     "lineNumber": 42
                  }
               ]
            },
            {
               "fileName": "ContractorMSB_war.ear/ContractorMSB.war/WEB-INF/lib/sapjco3.jar/com/sap/conn/jco/rt/BasXMLWriter.class",
               "details": [
                  {
                     "reference": "Static initializer",
                     "match": "http://www.sap.com/abapxml",
                     "lineNumber": 53
                  },
                  {
                     "reference": "Static initializer",
                     "match": "http://www.sap.com/abapxml/hint",
                     "lineNumber": 54
                  }
               ]
            }
         ]
      }
   ]
}