{
   "report": "inventory",
   "version": "2.4",
   "productVersion": "9.0",
   "productRelease": "19.0.0.2-TA1",
   "options": [
      "--excludePackages=com.ibm,com.informix,com.microsoft,com.sybase,com.sun,java,javax,net,oracle,org,sqlj,_ibmjsp"
   ],
   "applications": [
      "/usr/TA2/transformationadvisor-1.9.8/was_migration_22nd/ContractorMSB_war.ear"
   ],
   "sharedLibraries": [
   ],
   "archives": {
      "ears": 1,
      "wars": 1,
      "rars": 0,
      "ejbs": 0,
      "webFragments": 0,
      "utilityJars": 8,
      "appClients": 0
   },
   "summary": {
      "servlets": 21,
      "jsps": 0,
      "jpaEntities": 0,
      "bmpEntityBeans": 0,
      "cmpEntityBeans": 0,
      "messageDrivenBeans": 0,
      "singletonSessionBeans": 0,
      "statefulSessionBeans": 0,
      "statelessSessionBeans": 0,
      "jaxrpcConsumers": 0,
      "jaxrpcProviders": 0,
      "jaxrsConsumers": 0,
      "jaxrsProviders": 0,
      "jaxwsConsumers": 0,
      "jaxwsProviders": 0
   },
   "archiveInventory": [
      {
         "archiveName": "/usr/TA2/transformationadvisor-1.9.8/was_migration_22nd/ContractorMSB_war.ear",
         "moduleType": "Enterprise archive",
         "moduleVersion": "5",
         "metadataComplete": null,
         "moduleSize": 6427011,
         "archives": {
            "wars": 1,
            "rars": 0,
            "ejbs": 0,
            "utilityJars": 8,
            "appClients": 0
         },
         "summary": {
            "servlets": 21,
            "jsps": 0,
            "jpaEntities": 0,
            "bmpEntityBeans": 0,
            "cmpEntityBeans": 0,
            "messageDrivenBeans": 0,
            "singletonSessionBeans": 0,
            "statefulSessionBeans": 0,
            "statelessSessionBeans": 0,
            "jaxrpcConsumers": 0,
            "jaxrpcProviders": 0,
            "jaxrsConsumers": 0,
            "jaxrsProviders": 0,
            "jaxwsConsumers": 0,
            "jaxwsProviders": 0
         },
         "potentialDeploymentProblemsSummary": {
            "archivesContainingDuplicateClasses": 0,
            "archivesContainingJavaEEorSEClasses": 0,
            "archivesContainingConflictingOpenSourceSoftwareClasses": 3,
            "archivesContainingWebSphereClasses": 0,
            "archivesNotReferencedInTheApplication": 4,
            "archivesWithMissingDependenciesInTheApplication": 5,
            "classesWithSystemLevelJVMConfiguration": 0,
            "sharedLibrariesReferencingApplicationClasses": 0
         },
         "potentialDeploymentProblemsDetails": [
            {
               "duplicateClassesWithinClassLoader": [
               ]
            },
            {
               "duplicateClassesAcrossApplication": [
               ]
            },
            {
               "javaEEandSEClasses": [
               ]
            },
            {
               "duplicateWebSphereClasses": [
               ]
            },
            {
               "openSourceSoftwareClasses": [
                  {
                     "conflictingPackages": [
                        "org.apache.commons.codec.binary",
                        "org.apache.http",
                        "org.apache.http.annotation",
                        "org.apache.http.auth",
                        "org.apache.http.auth.params",
                        "org.apache.http.client",
                        "org.apache.http.client.cache",
                        "org.apache.http.client.config",
                        "org.apache.http.client.entity",
                        "org.apache.http.client.fluent",
                        "org.apache.http.client.methods",
                        "org.apache.http.client.params",
                        "org.apache.http.client.protocol",
                        "org.apache.http.client.utils",
                        "org.apache.http.concurrent",
                        "org.apache.http.config",
                        "org.apache.http.conn",
                        "org.apache.http.conn.params",
                        "org.apache.http.conn.routing",
                        "org.apache.http.conn.scheme",
                        "org.apache.http.conn.socket",
                        "org.apache.http.conn.ssl",
                        "org.apache.http.conn.util",
                        "org.apache.http.cookie",
                        "org.apache.http.cookie.params",
                        "org.apache.http.entity",
                        "org.apache.http.entity.mime",
                        "org.apache.http.entity.mime.content",
                        "org.apache.http.impl",
                        "org.apache.http.impl.auth",
                        "org.apache.http.impl.client",
                        "org.apache.http.impl.client.cache",
                        "org.apache.http.impl.client.cache.ehcache",
                        "org.apache.http.impl.client.cache.memcached",
                        "org.apache.http.impl.conn",
                        "org.apache.http.impl.conn.tsccm",
                        "org.apache.http.impl.cookie",
                        "org.apache.http.impl.entity",
                        "org.apache.http.impl.execchain",
                        "org.apache.http.impl.io",
                        "org.apache.http.impl.pool",
                        "org.apache.http.io",
                        "org.apache.http.message",
                        "org.apache.http.osgi.impl",
                        "org.apache.http.osgi.services",
                        "org.apache.http.params",
                        "org.apache.http.pool",
                        "org.apache.http.protocol",
                        "org.apache.http.util"
                     ],
                     "packageLocation": [
                        "ContractorMSB.war/WEB-INF/lib/httpclient-osgi-4.3.jar"
                     ],
                     "appliesTo": [
                        "V8.5.5"
                     ]
                  },
                  {
                     "conflictingPackages": [
                        "org.codehaus.jackson",
                        "org.codehaus.jackson.annotate",
                        "org.codehaus.jackson.format",
                        "org.codehaus.jackson.impl",
                        "org.codehaus.jackson.io",
                        "org.codehaus.jackson.sym",
                        "org.codehaus.jackson.type",
                        "org.codehaus.jackson.util"
                     ],
                     "packageLocation": [
                        "ContractorMSB.war/WEB-INF/lib/jackson-core-asl-1.9.2.jar"
                     ],
                     "appliesTo": [
                        "V8.5.5",
                        "V9.0",
                        "Liberty"
                     ]
                  },
                  {
                     "conflictingPackages": [
                        "org.codehaus.jackson.map",
                        "org.codehaus.jackson.map.annotate",
                        "org.codehaus.jackson.map.deser",
                        "org.codehaus.jackson.map.deser.impl",
                        "org.codehaus.jackson.map.deser.std",
                        "org.codehaus.jackson.map.exc",
                        "org.codehaus.jackson.map.ext",
                        "org.codehaus.jackson.map.introspect",
                        "org.codehaus.jackson.map.jsontype",
                        "org.codehaus.jackson.map.jsontype.impl",
                        "org.codehaus.jackson.map.module",
                        "org.codehaus.jackson.map.ser",
                        "org.codehaus.jackson.map.ser.impl",
                        "org.codehaus.jackson.map.ser.std",
                        "org.codehaus.jackson.map.type",
                        "org.codehaus.jackson.map.util",
                        "org.codehaus.jackson.node",
                        "org.codehaus.jackson.schema"
                     ],
                     "packageLocation": [
                        "ContractorMSB.war/WEB-INF/lib/jackson-mapper-asl-1.9.2.jar"
                     ],
                     "appliesTo": [
                        "V8.5.5",
                        "V9.0",
                        "Liberty"
                     ]
                  }
               ]
            },
            {
               "archivesNotReferenced": [
                  {
                     "archive": "ContractorMSB.war/WEB-INF/lib/ngdbc.jar",
                     "referencedBy": ""
                  },
                  {
                     "archive": "ContractorMSB.war/WEB-INF/lib/ojdbc6.jar",
                     "referencedBy": ""
                  },
                  {
                     "archive": "ContractorMSB.war/WEB-INF/lib/sapidoc3.jar",
                     "referencedBy": ""
                  },
                  {
                     "archive": "ContractorMSB.war/WEB-INF/lib/sapjco3.jar",
                     "referencedBy": "ContractorMSB.war/WEB-INF/lib/sapidoc3.jar"
                  }
               ]
            },
            {
               "missingDependencies": [
                  {
                     "missingDependencies": [
                        "com.sap.bc.krn.perf",
                        "com.sap.i18n.verify.intf",
                        "com.sap.jdsr.writer",
                        "com.sap.util.monitor.jarm"
                     ],
                     "archive": [
                        "ContractorMSB.war/WEB-INF/lib/sapjco3.jar"
                     ]
                  },
                  {
                     "missingDependencies": [
                        "com.sun.security.auth.module",
                        "oracle.i18n.text",
                        "oracle.i18n.text.converter",
                        "oracle.ons",
                        "oracle.security.pki"
                     ],
                     "archive": [
                        "ContractorMSB.war/WEB-INF/lib/ojdbc6.jar"
                     ]
                  },
                  {
                     "missingDependencies": [
                        "net.sf.ehcache",
                        "net.spy.memcached",
                        "org.apache.commons.logging",
                        "org.osgi.framework",
                        "org.osgi.service.cm"
                     ],
                     "archive": [
                        "ContractorMSB.war/WEB-INF/lib/httpclient-osgi-4.3.jar"
                     ]
                  },
                  {
                     "missingDependencies": [
                        "org.ietf.jgss"
                     ],
                     "archive": [
                        "ContractorMSB.war/WEB-INF/lib/ngdbc.jar",
                        "ContractorMSB.war/WEB-INF/lib/httpclient-osgi-4.3.jar",
                        "ContractorMSB.war/WEB-INF/lib/ojdbc6.jar"
                     ]
                  },
                  {
                     "missingDependencies": [
                        "org.joda.time",
                        "org.joda.time.format"
                     ],
                     "archive": [
                        "ContractorMSB.war/WEB-INF/lib/jackson-mapper-asl-1.9.2.jar"
                     ]
                  }
               ]
            },
            {
               "classesWithSystemLevelJVMConfiguration": [
               ]
            },
            {
               "sharedLibraryDependencies": [
               ]
            }
         ],
         "performanceConsiderations": {
            "archivesThatAreCandidatesForMetadataCompleteTrueAttribute": [
            ],
            "webModulesWithExcessiveClassFiles": [
            ],
            "webModulesWithExcessiveStaticResources": [
            ]
         },
         "containedArchiveInventory": [
            {
               "archiveName": "/usr/TA2/transformationadvisor-1.9.8/was_migration_22nd/ContractorMSB_war.ear/ContractorMSB.war",
               "moduleType": "Web module",
               "moduleVersion": "2.5",
               "metadataComplete": "true",
               "archives": {
                  "ejbs": 0,
                  "webFragments": 0,
                  "utilityJars": 8
               },
               "summary": {
                  "servlets": 21,
                  "jsps": 0,
                  "jpaEntities": 0,
                  "bmpEntityBeans": 0,
                  "cmpEntityBeans": 0,
                  "messageDrivenBeans": 0,
                  "singletonSessionBeans": 0,
                  "statefulSessionBeans": 0,
                  "statelessSessionBeans": 0,
                  "jaxrpcConsumers": 0,
                  "jaxrpcProviders": 0,
                  "jaxrsConsumers": 0,
                  "jaxrsProviders": 0,
                  "jaxwsConsumers": 0,
                  "jaxwsProviders": 0
               },
               "containedArchiveInventory": [
                  {
                     "archiveName": "/usr/TA2/transformationadvisor-1.9.8/was_migration_22nd/ContractorMSB_war.ear/ContractorMSB.war/WEB-INF/lib/gson-2.8.2.jar",
                     "moduleType": "Utility JAR",
                     "containedPackages": [
                        "com.google.gson"
                     ]
                  },
                  {
                     "archiveName": "/usr/TA2/transformationadvisor-1.9.8/was_migration_22nd/ContractorMSB_war.ear/ContractorMSB.war/WEB-INF/lib/httpclient-osgi-4.3.jar",
                     "moduleType": "Utility JAR",
                     "containedPackages": [
                        "org.apache.commons",
                        "org.apache.http"
                     ]
                  },
                  {
                     "archiveName": "/usr/TA2/transformationadvisor-1.9.8/was_migration_22nd/ContractorMSB_war.ear/ContractorMSB.war/WEB-INF/lib/jackson-core-asl-1.9.2.jar",
                     "moduleType": "Utility JAR",
                     "containedPackages": [
                        "org.codehaus.jackson"
                     ]
                  },
                  {
                     "archiveName": "/usr/TA2/transformationadvisor-1.9.8/was_migration_22nd/ContractorMSB_war.ear/ContractorMSB.war/WEB-INF/lib/jackson-mapper-asl-1.9.2.jar",
                     "moduleType": "Utility JAR",
                     "containedPackages": [
                        "org.codehaus.jackson"
                     ]
                  },
                  {
                     "archiveName": "/usr/TA2/transformationadvisor-1.9.8/was_migration_22nd/ContractorMSB_war.ear/ContractorMSB.war/WEB-INF/lib/ngdbc.jar",
                     "moduleType": "Utility JAR",
                     "containedPackages": [
                        "com.sap.db"
                     ]
                  },
                  {
                     "archiveName": "/usr/TA2/transformationadvisor-1.9.8/was_migration_22nd/ContractorMSB_war.ear/ContractorMSB.war/WEB-INF/lib/ojdbc6.jar",
                     "moduleType": "Utility JAR",
                     "containedPackages": [
                        "oracle.core.lmx",
                        "oracle.core.lvf",
                        "oracle.jdbc",
                        "oracle.jdbc.aq",
                        "oracle.jdbc.connector",
                        "oracle.jdbc.dcn",
                        "oracle.jdbc.driver",
                        "oracle.jdbc.internal",
                        "oracle.jdbc.oci",
                        "oracle.jdbc.oracore",
                        "oracle.jdbc.pool",
                        "oracle.jdbc.rowset",
                        "oracle.jdbc.util",
                        "oracle.jdbc.xa",
                        "oracle.jpub.runtime",
                        "oracle.net.ano",
                        "oracle.net.aso",
                        "oracle.net.jdbc",
                        "oracle.net.jndi",
                        "oracle.net.ns",
                        "oracle.net.nt",
                        "oracle.net.resolver",
                        "oracle.security.o3logon",
                        "oracle.security.o5logon",
                        "oracle.sql",
                        "oracle.sql.converter"
                     ]
                  },
                  {
                     "archiveName": "/usr/TA2/transformationadvisor-1.9.8/was_migration_22nd/ContractorMSB_war.ear/ContractorMSB.war/WEB-INF/lib/sapidoc3.jar",
                     "moduleType": "Utility JAR",
                     "containedPackages": [
                        "com.sap.conn"
                     ]
                  },
                  {
                     "archiveName": "/usr/TA2/transformationadvisor-1.9.8/was_migration_22nd/ContractorMSB_war.ear/ContractorMSB.war/WEB-INF/lib/sapjco3.jar",
                     "moduleType": "Utility JAR",
                     "containedPackages": [
                        "com.sap.conn",
                        "com.sap.i18n",
                        "com.sap.tc"
                     ]
                  }
               ]
            }
         ]
      }
   ],
   "sharedLibraryDetails": [
   ]
}