{
   "report": "analysis",
   "version": "1.2",
   "productVersion": "9.0",
   "productRelease": "19.0.0.2-TA1",
   "options": [
      "--sourceAppServer=was855",
      "--sourceJava=ibm7",
      "--sourceJavaEE=ee6",
      "--targetAppServer=liberty",
      "--targetJava=ibm8",
      "--targetCloud=dockerIBMCloud",
      "--excludePackages=com.ibm,com.informix,com.microsoft,com.sybase,com.sun,java,javax,net,oracle,org,sqlj,_ibmjsp"
   ],
   "totalRulesFlagged": 10,
   "filesAffected": 115,
   "totalResults": 242,
   "severitySummary": [
      {
         "severity": "Severe",
         "totalRulesFlagged": 2,
         "totalResults": 64
      },
      {
         "severity": "Warning",
         "totalRulesFlagged": 7,
         "totalResults": 165
      },
      {
         "severity": "Information",
         "totalRulesFlagged": 1,
         "totalResults": 13
      }
   ],
   "applications": [
      "/usr/TA2/transformationadvisor-1.9.8/was_migration_22nd/ContractorMSB_war.ear"
   ],
   "rules": [
      {
         "ruleName": "Behavior change in month name formatting for some languages",
         "ruleId": "MonthFormattingNames",
         "severity": "Information",
         "category": "Java SE version migration / Java SE 8 compatibility impacts",
         "results": [
            {
               "fileName": "ContractorMSB_war.ear/ContractorMSB.war/WEB-INF/lib/gson-2.8.2.jar/com/google/gson/DefaultDateTypeAdapter.class",
               "details": [
                  {
                     "reference": "Method write",
                     "match": "java.text.DateFormat.format(*)",
                     "lineNumber": 92
                  }
               ]
            },
            {
               "fileName": "ContractorMSB_war.ear/ContractorMSB.war/WEB-INF/lib/gson-2.8.2.jar/com/google/gson/internal/bind/DateTypeAdapter.class",
               "details": [
                  {
                     "reference": "Method write",
                     "match": "java.text.DateFormat.format(*)",
                     "lineNumber": 83
                  }
               ]
            },
            {
               "fileName": "ContractorMSB_war.ear/ContractorMSB.war/WEB-INF/lib/gson-2.8.2.jar/com/google/gson/internal/bind/SqlDateTypeAdapter.class",
               "details": [
                  {
                     "reference": "Method write",
                     "match": "java.text.DateFormat.format(*)",
                     "lineNumber": 65
                  }
               ]
            },
            {
               "fileName": "ContractorMSB_war.ear/ContractorMSB.war/WEB-INF/lib/gson-2.8.2.jar/com/google/gson/internal/bind/TimeTypeAdapter.class",
               "details": [
                  {
                     "reference": "Method write",
                     "match": "java.text.DateFormat.format(*)",
                     "lineNumber": 64
                  }
               ]
            },
            {
               "fileName": "ContractorMSB_war.ear/ContractorMSB.war/WEB-INF/lib/sapidoc3.jar/com/sap/conn/idoc/rt/ErrorTrace.class",
               "details": [
                  {
                     "reference": "Method trace",
                     "match": "java.text.DateFormat.format(*)",
                     "lineNumber": 147
                  }
               ]
            },
            {
               "fileName": "ContractorMSB_war.ear/ContractorMSB.war/WEB-INF/lib/sapidoc3.jar/com/sap/conn/idoc/rt/util/SyncDateFormat.class",
               "details": [
                  {
                     "reference": "Method format",
                     "match": "java.text.SimpleDateFormat.format(*)",
                     "lineNumber": 50
                  }
               ]
            },
            {
               "fileName": "ContractorMSB_war.ear/ContractorMSB.war/WEB-INF/lib/sapjco3.jar/com/sap/conn/jco/rt/JCoRuntime.class",
               "details": [
                  {
                     "reference": "Method setPropertyValue",
                     "match": "java.text.DateFormat.format(*)",
                     "lineNumber": 851
                  }
               ]
            },
            {
               "fileName": "ContractorMSB_war.ear/ContractorMSB.war/WEB-INF/lib/sapjco3.jar/com/sap/conn/jco/rt/MiddlewareJavaRfc.class",
               "details": [
                  {
                     "reference": "Method setProperty",
                     "match": "java.text.DateFormat.format(*)",
                     "lineNumber": 440
                  }
               ]
            },
            {
               "fileName": "ContractorMSB_war.ear/ContractorMSB.war/WEB-INF/lib/sapjco3.jar/com/sap/conn/jco/util/ErrorTrace.class",
               "details": [
                  {
                     "reference": "Method trace",
                     "match": "java.text.DateFormat.format(*)",
                     "lineNumber": 146
                  }
               ]
            },
            {
               "fileName": "ContractorMSB_war.ear/ContractorMSB.war/WEB-INF/lib/sapjco3.jar/com/sap/conn/jco/util/SyncDateFormat.class",
               "details": [
                  {
                     "reference": "Method format",
                     "match": "java.text.SimpleDateFormat.format(*)",
                     "lineNumber": 47
                  }
               ]
            },
            {
               "fileName": "ContractorMSB_war.ear/ContractorMSB.war/WEB-INF/lib/sapjco3.jar/com/sap/tc/logging/LogRecord.class",
               "details": [
                  {
                     "reference": "Method formatTime",
                     "match": "java.text.DateFormat.format(*)",
                     "lineNumber": 1242
                  }
               ]
            },
            {
               "fileName": "ContractorMSB_war.ear/ContractorMSB.war/WEB-INF/lib/sapjco3.jar/com/sap/tc/logging/tools/lv/LVFormatter.class",
               "details": [
                  {
                     "reference": "Method format",
                     "match": "java.text.SimpleDateFormat.format(*)",
                     "lineNumber": 53
                  },
                  {
                     "reference": "Method format",
                     "match": "java.text.SimpleDateFormat.format(*)",
                     "lineNumber": 57
                  }
               ]
            }
         ]
      },
      {
         "ruleName": "Check for compatibility when using system modules",
         "ruleId": "SystemLoadLibrary",
         "severity": "Warning",
         "category": "All application servers",
         "results": [
            {
               "fileName": "ContractorMSB_war.ear/ContractorMSB.war/WEB-INF/lib/ngdbc.jar/com/sap/db/jdbc/Driver.class",
               "details": [
                  {
                     "reference": "Method loadNativeAuthentication",
                     "match": "java.lang.System.loadLibrary(*)",
                     "lineNumber": 1279
                  }
               ]
            },
            {
               "fileName": "ContractorMSB_war.ear/ContractorMSB.war/WEB-INF/lib/sapjco3.jar/com/sap/conn/jco/rt/DefaultJCoRuntime.class",
               "details": [
                  {
                     "reference": "Method loadLibrary",
                     "match": "java.lang.System.loadLibrary(*)",
                     "lineNumber": 425
                  }
               ]
            },
            {
               "fileName": "ContractorMSB_war.ear/ContractorMSB.war/WEB-INF/lib/sapjco3.jar/com/sap/i18n/cp/ConverterJNI.class",
               "details": [
                  {
                     "reference": "Method loadLibrary",
                     "match": "java.lang.System.loadLibrary(*)",
                     "lineNumber": 554
                  }
               ]
            }
         ]
      },
      {
         "ruleName": "Databases",
         "ruleId": "DatabasesSQLRule",
         "severity": "Warning",
         "category": "Technology connectivity considerations for IBM Cloud",
         "results": [
            {
               "fileName": "ContractorMSB_war.ear/ContractorMSB.war/WEB-INF/classes/com/contractorapp/dao/MSBCredentialDB.class",
               "details": [
                  {
                     "reference": "Constructor",
                     "match": "java.sql",
                     "lineNumber": 14
                  }
               ]
            },
            {
               "fileName": "ContractorMSB_war.ear/ContractorMSB.war/WEB-INF/lib/gson-2.8.2.jar/com/google/gson/DefaultDateTypeAdapter.class",
               "details": [
                  {
                     "reference": "Constructor",
                     "match": "java.sql",
                     "lineNumber": 75
                  }
               ]
            },
            {
               "fileName": "ContractorMSB_war.ear/ContractorMSB.war/WEB-INF/lib/ngdbc.jar/com/sap/db/jdbc/CallableStatementSapDB.class",
               "details": [
                  {
                     "reference": "Class implements",
                     "match": "java.sql",
                     "lineNumber": 0
                  }
               ]
            }
         ]
      },
      {
         "ruleName": "Do not start unmanaged threads within the web or EJB container",
         "ruleId": "CreateThreadMethodsInWebOrEjbProject",
         "severity": "Warning",
         "category": "All application servers",
         "results": [
            {
               "fileName": "ContractorMSB_war.ear/ContractorMSB.war/WEB-INF/lib/sapjco3.jar/com/sap/conn/jco/rt/AutoJobRunner.class",
               "details": [
                  {
                     "reference": "Method initialize",
                     "match": "java.lang.Thread.start(*)",
                     "lineNumber": 23
                  }
               ]
            },
            {
               "fileName": "ContractorMSB_war.ear/ContractorMSB.war/WEB-INF/lib/sapjco3.jar/com/sap/conn/jco/rt/DefaultServerManager$DefaultRunnableStarter.class",
               "details": [
                  {
                     "reference": "Method start",
                     "match": "java.lang.Thread.start(*)",
                     "lineNumber": 338
                  }
               ]
            },
            {
               "fileName": "ContractorMSB_war.ear/ContractorMSB.war/WEB-INF/lib/sapjco3.jar/com/sap/conn/jco/rt/DefaultServerManager.class",
               "details": [
                  {
                     "reference": "Method addServer",
                     "match": "java.lang.Thread.start(*)",
                     "lineNumber": 140
                  }
               ]
            }
         ]
      },
      {
         "ruleName": "Handling application configuration in Docker containers",
         "ruleId": "DetectPropertiesFiles",
         "severity": "Warning",
         "category": "Docker (IBM Cloud Kubernetes Service)",
         "results": [
            {
               "fileName": "ContractorMSB_war.ear/ContractorMSB.war/WEB-INF/lib/gson-2.8.2.jar/META-INF/maven/com.google.code.gson/gson/pom.properties",
               "details": [
                  {
                     "reference": null,
                     "match": "(.*)?\\.properties",
                     "lineNumber": 0
                  }
               ]
            },
            {
               "fileName": "ContractorMSB_war.ear/ContractorMSB.war/WEB-INF/lib/httpclient-osgi-4.3.jar/META-INF/maven/commons-codec/commons-codec/pom.properties",
               "details": [
                  {
                     "reference": null,
                     "match": "(.*)?\\.properties",
                     "lineNumber": 0
                  }
               ]
            },
            {
               "fileName": "ContractorMSB_war.ear/ContractorMSB.war/WEB-INF/lib/httpclient-osgi-4.3.jar/META-INF/maven/org.apache.httpcomponents/fluent-hc/pom.properties",
               "details": [
                  {
                     "reference": null,
                     "match": "(.*)?\\.properties",
                     "lineNumber": 0
                  }
               ]
            },
            {
               "fileName": "ContractorMSB_war.ear/ContractorMSB.war/WEB-INF/lib/httpclient-osgi-4.3.jar/META-INF/maven/org.apache.httpcomponents/httpclient-cache/pom.properties",
               "details": [
                  {
                     "reference": null,
                     "match": "(.*)?\\.properties",
                     "lineNumber": 0
                  }
               ]
            },
            {
               "fileName": "ContractorMSB_war.ear/ContractorMSB.war/WEB-INF/lib/httpclient-osgi-4.3.jar/META-INF/maven/org.apache.httpcomponents/httpclient-osgi/pom.properties",
               "details": [
                  {
                     "reference": null,
                     "match": "(.*)?\\.properties",
                     "lineNumber": 0
                  }
               ]
            },
            {
               "fileName": "ContractorMSB_war.ear/ContractorMSB.war/WEB-INF/lib/httpclient-osgi-4.3.jar/META-INF/maven/org.apache.httpcomponents/httpclient/pom.properties",
               "details": [
                  {
                     "reference": null,
                     "match": "(.*)?\\.properties",
                     "lineNumber": 0
                  }
               ]
            },
            {
               "fileName": "ContractorMSB_war.ear/ContractorMSB.war/WEB-INF/lib/httpclient-osgi-4.3.jar/META-INF/maven/org.apache.httpcomponents/httpcore/pom.properties",
               "details": [
                  {
                     "reference": null,
                     "match": "(.*)?\\.properties",
                     "lineNumber": 0
                  }
               ]
            },
            {
               "fileName": "ContractorMSB_war.ear/ContractorMSB.war/WEB-INF/lib/httpclient-osgi-4.3.jar/META-INF/maven/org.apache.httpcomponents/httpmime/pom.properties",
               "details": [
                  {
                     "reference": null,
                     "match": "(.*)?\\.properties",
                     "lineNumber": 0
                  }
               ]
            },
            {
               "fileName": "ContractorMSB_war.ear/ContractorMSB.war/WEB-INF/lib/httpclient-osgi-4.3.jar/OSGI-INF/metatype/metatype.properties",
               "details": [
                  {
                     "reference": null,
                     "match": "(.*)?\\.properties",
                     "lineNumber": 0
                  }
               ]
            },
            {
               "fileName": "ContractorMSB_war.ear/ContractorMSB.war/WEB-INF/lib/httpclient-osgi-4.3.jar/org/apache/http/client/version.properties",
               "details": [
                  {
                     "reference": null,
                     "match": "(.*)?\\.properties",
                     "lineNumber": 0
                  }
               ]
            },
            {
               "fileName": "ContractorMSB_war.ear/ContractorMSB.war/WEB-INF/lib/httpclient-osgi-4.3.jar/org/apache/http/entity/mime/version.properties",
               "details": [
                  {
                     "reference": null,
                     "match": "(.*)?\\.properties",
                     "lineNumber": 0
                  }
               ]
            },
            {
               "fileName": "ContractorMSB_war.ear/ContractorMSB.war/WEB-INF/lib/httpclient-osgi-4.3.jar/org/apache/http/version.properties",
               "details": [
                  {
                     "reference": null,
                     "match": "(.*)?\\.properties",
                     "lineNumber": 0
                  }
               ]
            },
            {
               "fileName": "ContractorMSB_war.ear/ContractorMSB.war/WEB-INF/lib/ngdbc.jar/com/sap/db/jdbc/messages.properties",
               "details": [
                  {
                     "reference": null,
                     "match": "(.*)?\\.properties",
                     "lineNumber": 0
                  }
               ]
            },
            {
               "fileName": "ContractorMSB_war.ear/ContractorMSB.war/WEB-INF/lib/ngdbc.jar/com/sap/db/util/TraceConfiguration.class",
               "details": [
                  {
                     "reference": "Method loadTraceSettings",
                     "match": "java.util.Properties.load(*)",
                     "lineNumber": 190
                  }
               ]
            },
            {
               "fileName": "ContractorMSB_war.ear/ContractorMSB.war/WEB-INF/lib/ojdbc6.jar/oracle/jdbc/driver/Messages.properties",
               "details": [
                  {
                     "reference": null,
                     "match": "(.*)?\\.properties",
                     "lineNumber": 0
                  }
               ]
            },
            {
               "fileName": "ContractorMSB_war.ear/ContractorMSB.war/WEB-INF/lib/ojdbc6.jar/oracle/jdbc/driver/Messages_ar.properties",
               "details": [
                  {
                     "reference": null,
                     "match": "(.*)?\\.properties",
                     "lineNumber": 0
                  }
               ]
            },
            {
               "fileName": "ContractorMSB_war.ear/ContractorMSB.war/WEB-INF/lib/ojdbc6.jar/oracle/jdbc/driver/Messages_ca.properties",
               "details": [
                  {
                     "reference": null,
                     "match": "(.*)?\\.properties",
                     "lineNumber": 0
                  }
               ]
            },
            {
               "fileName": "ContractorMSB_war.ear/ContractorMSB.war/WEB-INF/lib/ojdbc6.jar/oracle/jdbc/driver/Messages_cs.properties",
               "details": [
                  {
                     "reference": null,
                     "match": "(.*)?\\.properties",
                     "lineNumber": 0
                  }
               ]
            },
            {
               "fileName": "ContractorMSB_war.ear/ContractorMSB.war/WEB-INF/lib/ojdbc6.jar/oracle/jdbc/driver/Messages_da.properties",
               "details": [
                  {
                     "reference": null,
                     "match": "(.*)?\\.properties",
                     "lineNumber": 0
                  }
               ]
            },
            {
               "fileName": "ContractorMSB_war.ear/ContractorMSB.war/WEB-INF/lib/ojdbc6.jar/oracle/jdbc/driver/Messages_de.properties",
               "details": [
                  {
                     "reference": null,
                     "match": "(.*)?\\.properties",
                     "lineNumber": 0
                  }
               ]
            },
            {
               "fileName": "ContractorMSB_war.ear/ContractorMSB.war/WEB-INF/lib/ojdbc6.jar/oracle/jdbc/driver/Messages_el.properties",
               "details": [
                  {
                     "reference": null,
                     "match": "(.*)?\\.properties",
                     "lineNumber": 0
                  }
               ]
            },
            {
               "fileName": "ContractorMSB_war.ear/ContractorMSB.war/WEB-INF/lib/ojdbc6.jar/oracle/jdbc/driver/Messages_es.properties",
               "details": [
                  {
                     "reference": null,
                     "match": "(.*)?\\.properties",
                     "lineNumber": 0
                  }
               ]
            },
            {
               "fileName": "ContractorMSB_war.ear/ContractorMSB.war/WEB-INF/lib/ojdbc6.jar/oracle/jdbc/driver/Messages_fi.properties",
               "details": [
                  {
                     "reference": null,
                     "match": "(.*)?\\.properties",
                     "lineNumber": 0
                  }
               ]
            },
            {
               "fileName": "ContractorMSB_war.ear/ContractorMSB.war/WEB-INF/lib/ojdbc6.jar/oracle/jdbc/driver/Messages_fr.properties",
               "details": [
                  {
                     "reference": null,
                     "match": "(.*)?\\.properties",
                     "lineNumber": 0
                  }
               ]
            },
            {
               "fileName": "ContractorMSB_war.ear/ContractorMSB.war/WEB-INF/lib/ojdbc6.jar/oracle/jdbc/driver/Messages_hu.properties",
               "details": [
                  {
                     "reference": null,
                     "match": "(.*)?\\.properties",
                     "lineNumber": 0
                  }
               ]
            },
            {
               "fileName": "ContractorMSB_war.ear/ContractorMSB.war/WEB-INF/lib/ojdbc6.jar/oracle/jdbc/driver/Messages_it.properties",
               "details": [
                  {
                     "reference": null,
                     "match": "(.*)?\\.properties",
                     "lineNumber": 0
                  }
               ]
            },
            {
               "fileName": "ContractorMSB_war.ear/ContractorMSB.war/WEB-INF/lib/ojdbc6.jar/oracle/jdbc/driver/Messages_iw.properties",
               "details": [
                  {
                     "reference": null,
                     "match": "(.*)?\\.properties",
                     "lineNumber": 0
                  }
               ]
            },
            {
               "fileName": "ContractorMSB_war.ear/ContractorMSB.war/WEB-INF/lib/ojdbc6.jar/oracle/jdbc/driver/Messages_ja.properties",
               "details": [
                  {
                     "reference": null,
                     "match": "(.*)?\\.properties",
                     "lineNumber": 0
                  }
               ]
            },
            {
               "fileName": "ContractorMSB_war.ear/ContractorMSB.war/WEB-INF/lib/ojdbc6.jar/oracle/jdbc/driver/Messages_ko.properties",
               "details": [
                  {
                     "reference": null,
                     "match": "(.*)?\\.properties",
                     "lineNumber": 0
                  }
               ]
            },
            {
               "fileName": "ContractorMSB_war.ear/ContractorMSB.war/WEB-INF/lib/ojdbc6.jar/oracle/jdbc/driver/Messages_nl.properties",
               "details": [
                  {
                     "reference": null,
                     "match": "(.*)?\\.properties",
                     "lineNumber": 0
                  }
               ]
            },
            {
               "fileName": "ContractorMSB_war.ear/ContractorMSB.war/WEB-INF/lib/ojdbc6.jar/oracle/jdbc/driver/Messages_no.properties",
               "details": [
                  {
                     "reference": null,
                     "match": "(.*)?\\.properties",
                     "lineNumber": 0
                  }
               ]
            },
            {
               "fileName": "ContractorMSB_war.ear/ContractorMSB.war/WEB-INF/lib/ojdbc6.jar/oracle/jdbc/driver/Messages_pl.properties",
               "details": [
                  {
                     "reference": null,
                     "match": "(.*)?\\.properties",
                     "lineNumber": 0
                  }
               ]
            },
            {
               "fileName": "ContractorMSB_war.ear/ContractorMSB.war/WEB-INF/lib/ojdbc6.jar/oracle/jdbc/driver/Messages_pt.properties",
               "details": [
                  {
                     "reference": null,
                     "match": "(.*)?\\.properties",
                     "lineNumber": 0
                  }
               ]
            },
            {
               "fileName": "ContractorMSB_war.ear/ContractorMSB.war/WEB-INF/lib/ojdbc6.jar/oracle/jdbc/driver/Messages_pt_BR.properties",
               "details": [
                  {
                     "reference": null,
                     "match": "(.*)?\\.properties",
                     "lineNumber": 0
                  }
               ]
            },
            {
               "fileName": "ContractorMSB_war.ear/ContractorMSB.war/WEB-INF/lib/ojdbc6.jar/oracle/jdbc/driver/Messages_ro.properties",
               "details": [
                  {
                     "reference": null,
                     "match": "(.*)?\\.properties",
                     "lineNumber": 0
                  }
               ]
            },
            {
               "fileName": "ContractorMSB_war.ear/ContractorMSB.war/WEB-INF/lib/ojdbc6.jar/oracle/jdbc/driver/Messages_ru.properties",
               "details": [
                  {
                     "reference": null,
                     "match": "(.*)?\\.properties",
                     "lineNumber": 0
                  }
               ]
            },
            {
               "fileName": "ContractorMSB_war.ear/ContractorMSB.war/WEB-INF/lib/ojdbc6.jar/oracle/jdbc/driver/Messages_sk.properties",
               "details": [
                  {
                     "reference": null,
                     "match": "(.*)?\\.properties",
                     "lineNumber": 0
                  }
               ]
            },
            {
               "fileName": "ContractorMSB_war.ear/ContractorMSB.war/WEB-INF/lib/ojdbc6.jar/oracle/jdbc/driver/Messages_sv.properties",
               "details": [
                  {
                     "reference": null,
                     "match": "(.*)?\\.properties",
                     "lineNumber": 0
                  }
               ]
            },
            {
               "fileName": "ContractorMSB_war.ear/ContractorMSB.war/WEB-INF/lib/ojdbc6.jar/oracle/jdbc/driver/Messages_th.properties",
               "details": [
                  {
                     "reference": null,
                     "match": "(.*)?\\.properties",
                     "lineNumber": 0
                  }
               ]
            },
            {
               "fileName": "ContractorMSB_war.ear/ContractorMSB.war/WEB-INF/lib/ojdbc6.jar/oracle/jdbc/driver/Messages_tr.properties",
               "details": [
                  {
                     "reference": null,
                     "match": "(.*)?\\.properties",
                     "lineNumber": 0
                  }
               ]
            },
            {
               "fileName": "ContractorMSB_war.ear/ContractorMSB.war/WEB-INF/lib/ojdbc6.jar/oracle/jdbc/driver/Messages_zh_CN.properties",
               "details": [
                  {
                     "reference": null,
                     "match": "(.*)?\\.properties",
                     "lineNumber": 0
                  }
               ]
            },
            {
               "fileName": "ContractorMSB_war.ear/ContractorMSB.war/WEB-INF/lib/ojdbc6.jar/oracle/jdbc/driver/Messages_zh_TW.properties",
               "details": [
                  {
                     "reference": null,
                     "match": "(.*)?\\.properties",
                     "lineNumber": 0
                  }
               ]
            },
            {
               "fileName": "ContractorMSB_war.ear/ContractorMSB.war/WEB-INF/lib/ojdbc6.jar/oracle/net/mesg/Message.properties",
               "details": [
                  {
                     "reference": null,
                     "match": "(.*)?\\.properties",
                     "lineNumber": 0
                  }
               ]
            },
            {
               "fileName": "ContractorMSB_war.ear/ContractorMSB.war/WEB-INF/lib/sapidoc3.jar/com/sap/conn/idoc/jco/package-version.properties",
               "details": [
                  {
                     "reference": null,
                     "match": "(.*)?\\.properties",
                     "lineNumber": 0
                  }
               ]
            },
            {
               "fileName": "ContractorMSB_war.ear/ContractorMSB.war/WEB-INF/lib/sapidoc3.jar/com/sap/conn/idoc/package-version.properties",
               "details": [
                  {
                     "reference": null,
                     "match": "(.*)?\\.properties",
                     "lineNumber": 0
                  }
               ]
            },
            {
               "fileName": "ContractorMSB_war.ear/ContractorMSB.war/WEB-INF/lib/sapidoc3.jar/com/sap/conn/idoc/rt/cp/package-version.properties",
               "details": [
                  {
                     "reference": null,
                     "match": "(.*)?\\.properties",
                     "lineNumber": 0
                  }
               ]
            },
            {
               "fileName": "ContractorMSB_war.ear/ContractorMSB.war/WEB-INF/lib/sapidoc3.jar/com/sap/conn/idoc/rt/package-version.properties",
               "details": [
                  {
                     "reference": null,
                     "match": "(.*)?\\.properties",
                     "lineNumber": 0
                  }
               ]
            },
            {
               "fileName": "ContractorMSB_war.ear/ContractorMSB.war/WEB-INF/lib/sapidoc3.jar/com/sap/conn/idoc/rt/record/impl/package-version.properties",
               "details": [
                  {
                     "reference": null,
                     "match": "(.*)?\\.properties",
                     "lineNumber": 0
                  }
               ]
            },
            {
               "fileName": "ContractorMSB_war.ear/ContractorMSB.war/WEB-INF/lib/sapidoc3.jar/com/sap/conn/idoc/rt/record/package-version.properties",
               "details": [
                  {
                     "reference": null,
                     "match": "(.*)?\\.properties",
                     "lineNumber": 0
                  }
               ]
            },
            {
               "fileName": "ContractorMSB_war.ear/ContractorMSB.war/WEB-INF/lib/sapidoc3.jar/com/sap/conn/idoc/rt/trace/package-version.properties",
               "details": [
                  {
                     "reference": null,
                     "match": "(.*)?\\.properties",
                     "lineNumber": 0
                  }
               ]
            },
            {
               "fileName": "ContractorMSB_war.ear/ContractorMSB.war/WEB-INF/lib/sapidoc3.jar/com/sap/conn/idoc/rt/util/package-version.properties",
               "details": [
                  {
                     "reference": null,
                     "match": "(.*)?\\.properties",
                     "lineNumber": 0
                  }
               ]
            },
            {
               "fileName": "ContractorMSB_war.ear/ContractorMSB.war/WEB-INF/lib/sapidoc3.jar/com/sap/conn/idoc/rt/xml/package-version.properties",
               "details": [
                  {
                     "reference": null,
                     "match": "(.*)?\\.properties",
                     "lineNumber": 0
                  }
               ]
            },
            {
               "fileName": "ContractorMSB_war.ear/ContractorMSB.war/WEB-INF/lib/sapjco3.jar/com/sap/conn/jco/rt/FileDestinationsDataProvider.class",
               "details": [
                  {
                     "reference": "Method loadProperties",
                     "match": "java.util.Properties.load(*)",
                     "lineNumber": 98
                  }
               ]
            },
            {
               "fileName": "ContractorMSB_war.ear/ContractorMSB.war/WEB-INF/lib/sapjco3.jar/com/sap/conn/jco/support/SimpleDataProviderImpl.class",
               "details": [
                  {
                     "reference": "Method getDestinationProperties",
                     "match": "java.util.Properties.load(*)",
                     "lineNumber": 80
                  },
                  {
                     "reference": "Method getServerProperties",
                     "match": "java.util.Properties.load(*)",
                     "lineNumber": 117
                  }
               ]
            },
            {
               "fileName": "ContractorMSB_war.ear/ContractorMSB.war/WEB-INF/lib/sapjco3.jar/com/sap/tc/logging/PropertiesConfigurator.class",
               "details": [
                  {
                     "reference": "Method configure",
                     "match": "java.util.Properties.load(*)",
                     "lineNumber": 529
                  }
               ]
            }
         ]
      },
      {
         "ruleName": "Managing data inside and between Docker containers",
         "ruleId": "FileSystemRule",
         "severity": "Warning",
         "category": "Docker (IBM Cloud Kubernetes Service)",
         "results": [
            {
               "fileName": "ContractorMSB_war.ear/ContractorMSB.war/WEB-INF/classes/com/contractorapp/provider/LogtoFile.class",
               "details": [
                  {
                     "reference": "Method writeToFile",
                     "match": "java.io.FileWriter",
                     "lineNumber": 59
                  },
                  {
                     "reference": "Method writeToFile",
                     "match": "java.io.FileWriter",
                     "lineNumber": 63
                  },
                  {
                     "reference": "Method writeToFile",
                     "match": "java.io.FileWriter",
                     "lineNumber": 68
                  }
               ]
            },
            {
               "fileName": "ContractorMSB_war.ear/ContractorMSB.war/WEB-INF/lib/ngdbc.jar/com/sap/db/util/TraceConfiguration.class",
               "details": [
                  {
                     "reference": "Method saveTraceSettings",
                     "match": "java.io.FileOutputStream",
                     "lineNumber": 241
                  }
               ]
            },
            {
               "fileName": "ContractorMSB_war.ear/ContractorMSB.war/WEB-INF/lib/ngdbc.jar/com/sap/db/util/Tracer.class",
               "details": [
                  {
                     "reference": "Method printNoSyn",
                     "match": "java.io.RandomAccessFile.write(*)",
                     "lineNumber": 233
                  },
                  {
                     "reference": "Method printNoSyn",
                     "match": "java.io.RandomAccessFile.writeBytes(*)",
                     "lineNumber": 245
                  },
                  {
                     "reference": "Method writeUTF",
                     "match": "java.io.RandomAccessFile.write(*)",
                     "lineNumber": 217
                  }
               ]
            },
            {
               "fileName": "ContractorMSB_war.ear/ContractorMSB.war/WEB-INF/lib/sapidoc3.jar/com/sap/conn/idoc/rt/DefaultTrace.class",
               "details": [
                  {
                     "reference": "Method createNewFile",
                     "match": "java.io.FileOutputStream",
                     "lineNumber": 134
                  },
                  {
                     "reference": "Method createNewFile",
                     "match": "java.io.FileOutputStream",
                     "lineNumber": 137
                  },
                  {
                     "reference": "Method createNewFile",
                     "match": "java.io.FileOutputStream",
                     "lineNumber": 141
                  },
                  {
                     "reference": "Method createNewFile",
                     "match": "java.io.FileOutputStream",
                     "lineNumber": 147
                  }
               ]
            },
            {
               "fileName": "ContractorMSB_war.ear/ContractorMSB.war/WEB-INF/lib/sapidoc3.jar/com/sap/conn/idoc/rt/ErrorTrace.class",
               "details": [
                  {
                     "reference": "Method openFile",
                     "match": "java.io.FileOutputStream",
                     "lineNumber": 83
                  },
                  {
                     "reference": "Method openFile",
                     "match": "java.io.FileOutputStream",
                     "lineNumber": 86
                  },
                  {
                     "reference": "Method openFile",
                     "match": "java.io.FileOutputStream",
                     "lineNumber": 90
                  },
                  {
                     "reference": "Method openFile",
                     "match": "java.io.FileOutputStream",
                     "lineNumber": 95
                  }
               ]
            },
            {
               "fileName": "ContractorMSB_war.ear/ContractorMSB.war/WEB-INF/lib/sapjco3.jar/com/sap/conn/jco/support/SimpleDataProviderImpl.class",
               "details": [
                  {
                     "reference": "Method saveAll",
                     "match": "java.io.FileOutputStream",
                     "lineNumber": 196
                  },
                  {
                     "reference": "Method saveAll",
                     "match": "java.io.FileOutputStream",
                     "lineNumber": 208
                  },
                  {
                     "reference": "Method saveAll",
                     "match": "java.io.FileOutputStream",
                     "lineNumber": 216
                  }
               ]
            },
            {
               "fileName": "ContractorMSB_war.ear/ContractorMSB.war/WEB-INF/lib/sapjco3.jar/com/sap/conn/jco/support/TidManager.class",
               "details": [
                  {
                     "reference": "Constructor",
                     "match": "java.io.RandomAccessFile.write(*)",
                     "lineNumber": 32
                  },
                  {
                     "reference": "Method update_TID",
                     "match": "java.io.RandomAccessFile.write(*)",
                     "lineNumber": 98
                  },
                  {
                     "reference": "Method update_TID",
                     "match": "java.io.RandomAccessFile.write(*)",
                     "lineNumber": 104
                  }
               ]
            },
            {
               "fileName": "ContractorMSB_war.ear/ContractorMSB.war/WEB-INF/lib/sapjco3.jar/com/sap/conn/jco/util/DefaultTrace.class",
               "details": [
                  {
                     "reference": "Method createNewFile",
                     "match": "java.io.FileOutputStream",
                     "lineNumber": 92
                  },
                  {
                     "reference": "Method createNewFile",
                     "match": "java.io.FileOutputStream",
                     "lineNumber": 95
                  },
                  {
                     "reference": "Method createNewFile",
                     "match": "java.io.FileOutputStream",
                     "lineNumber": 99
                  },
                  {
                     "reference": "Method createNewFile",
                     "match": "java.io.FileOutputStream",
                     "lineNumber": 105
                  }
               ]
            },
            {
               "fileName": "ContractorMSB_war.ear/ContractorMSB.war/WEB-INF/lib/sapjco3.jar/com/sap/conn/jco/util/ErrorTrace.class",
               "details": [
                  {
                     "reference": "Method openFile",
                     "match": "java.io.FileOutputStream",
                     "lineNumber": 97
                  },
                  {
                     "reference": "Method openFile",
                     "match": "java.io.FileOutputStream",
                     "lineNumber": 100
                  },
                  {
                     "reference": "Method openFile",
                     "match": "java.io.FileOutputStream",
                     "lineNumber": 103
                  },
                  {
                     "reference": "Method openFile",
                     "match": "java.io.FileOutputStream",
                     "lineNumber": 108
                  }
               ]
            },
            {
               "fileName": "ContractorMSB_war.ear/ContractorMSB.war/WEB-INF/lib/sapjco3.jar/com/sap/conn/rfc/engine/DefaultRfcTraceWriter$TraceWriterFactory.class",
               "details": [
                  {
                     "reference": "Constructor",
                     "match": "java.io.FileWriter",
                     "lineNumber": 279
                  },
                  {
                     "reference": "Field currentFileWriter",
                     "match": "java.io.FileWriter",
                     "lineNumber": 0
                  },
                  {
                     "reference": "Method closeTrace",
                     "match": "java.io.FileWriter",
                     "lineNumber": 374
                  },
                  {
                     "reference": "Method closeTrace",
                     "match": "java.io.FileWriter",
                     "lineNumber": 376
                  },
                  {
                     "reference": "Method closeTrace",
                     "match": "java.io.FileWriter",
                     "lineNumber": 377
                  },
                  {
                     "reference": "Method getWriter",
                     "match": "java.io.FileWriter",
                     "lineNumber": 343
                  },
                  {
                     "reference": "Method getWriter",
                     "match": "java.io.FileWriter",
                     "lineNumber": 344
                  },
                  {
                     "reference": "Method getWriter",
                     "match": "java.io.FileWriter",
                     "lineNumber": 345
                  },
                  {
                     "reference": "Method getWriter",
                     "match": "java.io.FileWriter",
                     "lineNumber": 349
                  },
                  {
                     "reference": "Method getWriter",
                     "match": "java.io.FileWriter",
                     "lineNumber": 351
                  },
                  {
                     "reference": "Method getWriter",
                     "match": "java.io.FileWriter",
                     "lineNumber": 352
                  },
                  {
                     "reference": "Method getWriter",
                     "match": "java.io.FileWriter",
                     "lineNumber": 355
                  },
                  {
                     "reference": "Method getWriter - Method return type",
                     "match": "java.io.FileWriter",
                     "lineNumber": 0
                  },
                  {
                     "reference": "Method write",
                     "match": "java.io.FileWriter",
                     "lineNumber": 388
                  },
                  {
                     "reference": "Method write",
                     "match": "java.io.FileWriter",
                     "lineNumber": 394
                  },
                  {
                     "reference": "Method write",
                     "match": "java.io.FileWriter",
                     "lineNumber": 395
                  },
                  {
                     "reference": "Method write",
                     "match": "java.io.FileWriter",
                     "lineNumber": 401
                  }
               ]
            },
            {
               "fileName": "ContractorMSB_war.ear/ContractorMSB.war/WEB-INF/lib/sapjco3.jar/com/sap/conn/rfc/engine/DefaultRfcTraceWriter.class",
               "details": [
                  {
                     "reference": "Field m_errorTraceFile",
                     "match": "java.io.FileWriter",
                     "lineNumber": 0
                  },
                  {
                     "reference": "Method criticalTrace",
                     "match": "java.io.FileWriter",
                     "lineNumber": 98
                  },
                  {
                     "reference": "Method openErrorTrace",
                     "match": "java.io.FileWriter",
                     "lineNumber": 108
                  },
                  {
                     "reference": "Method openErrorTrace",
                     "match": "java.io.FileWriter",
                     "lineNumber": 135
                  },
                  {
                     "reference": "Method openErrorTrace",
                     "match": "java.io.FileWriter",
                     "lineNumber": 136
                  },
                  {
                     "reference": "Method openErrorTrace",
                     "match": "java.io.FileWriter",
                     "lineNumber": 137
                  },
                  {
                     "reference": "Method openErrorTrace",
                     "match": "java.io.FileWriter",
                     "lineNumber": 142
                  },
                  {
                     "reference": "Method writeInErrorTrace",
                     "match": "java.io.FileWriter",
                     "lineNumber": 164
                  },
                  {
                     "reference": "Method writeInErrorTrace",
                     "match": "java.io.FileWriter",
                     "lineNumber": 166
                  },
                  {
                     "reference": "Method writeInErrorTrace",
                     "match": "java.io.FileWriter",
                     "lineNumber": 167
                  },
                  {
                     "reference": "Method writeInErrorTrace",
                     "match": "java.io.FileWriter",
                     "lineNumber": 168
                  },
                  {
                     "reference": "Method writeInErrorTrace",
                     "match": "java.io.FileWriter",
                     "lineNumber": 243
                  },
                  {
                     "reference": "Method writeInErrorTrace",
                     "match": "java.io.FileWriter",
                     "lineNumber": 245
                  },
                  {
                     "reference": "Method writeInErrorTrace",
                     "match": "java.io.FileWriter",
                     "lineNumber": 246
                  }
               ]
            },
            {
               "fileName": "ContractorMSB_war.ear/ContractorMSB.war/WEB-INF/lib/sapjco3.jar/com/sap/tc/logging/FileLog.class",
               "details": [
                  {
                     "reference": "Method openFileInt",
                     "match": "java.io.FileOutputStream",
                     "lineNumber": 1198
                  }
               ]
            },
            {
               "fileName": "ContractorMSB_war.ear/ContractorMSB.war/WEB-INF/lib/sapjco3.jar/com/sap/tc/logging/tools/lv/LVReader.class",
               "details": [
                  {
                     "reference": "Method init",
                     "match": "java.io.FileWriter",
                     "lineNumber": 107
                  }
               ]
            }
         ]
      },
      {
         "ruleName": "OSGi bundles might need explicit package imports",
         "ruleId": "OSGiImportRule",
         "severity": "Severe",
         "category": "WebSphere traditional to Liberty",
         "results": [
            {
               "fileName": "ContractorMSB_war.ear/ContractorMSB.war/WEB-INF/lib/ngdbc.jar/com/sap/db/jdbcext/AbstractRowSetSAP.class",
               "details": [
                  {
                     "reference": "Method addRowSetListener - Method parameter",
                     "match": "javax.sql",
                     "lineNumber": 0
                  },
                  {
                     "reference": "Method notifyCursorMoved",
                     "match": "javax.sql",
                     "lineNumber": 189
                  },
                  {
                     "reference": "Method notifyCursorMoved",
                     "match": "javax.sql",
                     "lineNumber": 193
                  },
                  {
                     "reference": "Method notifyCursorMoved",
                     "match": "javax.sql",
                     "lineNumber": 194
                  },
                  {
                     "reference": "Method notifyCursorMoved",
                     "match": "javax.sql",
                     "lineNumber": 198
                  },
                  {
                     "reference": "Method notifyRowChanged",
                     "match": "javax.sql",
                     "lineNumber": 204
                  },
                  {
                     "reference": "Method notifyRowChanged",
                     "match": "javax.sql",
                     "lineNumber": 208
                  },
                  {
                     "reference": "Method notifyRowChanged",
                     "match": "javax.sql",
                     "lineNumber": 209
                  },
                  {
                     "reference": "Method notifyRowChanged",
                     "match": "javax.sql",
                     "lineNumber": 213
                  },
                  {
                     "reference": "Method notifyRowSetChanged",
                     "match": "javax.sql",
                     "lineNumber": 219
                  },
                  {
                     "reference": "Method notifyRowSetChanged",
                     "match": "javax.sql",
                     "lineNumber": 223
                  },
                  {
                     "reference": "Method notifyRowSetChanged",
                     "match": "javax.sql",
                     "lineNumber": 224
                  },
                  {
                     "reference": "Method notifyRowSetChanged",
                     "match": "javax.sql",
                     "lineNumber": 228
                  },
                  {
                     "reference": "Method removeRowSetListener - Method parameter",
                     "match": "javax.sql",
                     "lineNumber": 0
                  }
               ]
            },
            {
               "fileName": "ContractorMSB_war.ear/ContractorMSB.war/WEB-INF/lib/ngdbc.jar/com/sap/db/jdbcext/ConnectionListenerBag.class",
               "details": [
                  {
                     "reference": "Method addConnectionEventListener - Method parameter",
                     "match": "javax.sql",
                     "lineNumber": 0
                  },
                  {
                     "reference": "Method addStatementEventListener - Method parameter",
                     "match": "javax.sql",
                     "lineNumber": 0
                  },
                  {
                     "reference": "Method removeConnectionEventListener - Method parameter",
                     "match": "javax.sql",
                     "lineNumber": 0
                  },
                  {
                     "reference": "Method removeStatementEventListener - Method parameter",
                     "match": "javax.sql",
                     "lineNumber": 0
                  },
                  {
                     "reference": "Method sendCloseEvent",
                     "match": "javax.sql",
                     "lineNumber": 36
                  },
                  {
                     "reference": "Method sendCloseEvent",
                     "match": "javax.sql",
                     "lineNumber": 39
                  },
                  {
                     "reference": "Method sendCloseEvent",
                     "match": "javax.sql",
                     "lineNumber": 40
                  },
                  {
                     "reference": "Method sendCloseEvent",
                     "match": "javax.sql",
                     "lineNumber": 43
                  },
                  {
                     "reference": "Method sendCloseEvent",
                     "match": "javax.sql",
                     "lineNumber": 52
                  },
                  {
                     "reference": "Method sendCloseEvent - Method parameter",
                     "match": "javax.sql",
                     "lineNumber": 0
                  },
                  {
                     "reference": "Method sendErrorEvent",
                     "match": "javax.sql",
                     "lineNumber": 63
                  },
                  {
                     "reference": "Method sendErrorEvent",
                     "match": "javax.sql",
                     "lineNumber": 67
                  },
                  {
                     "reference": "Method sendErrorEvent",
                     "match": "javax.sql",
                     "lineNumber": 68
                  },
                  {
                     "reference": "Method sendErrorEvent",
                     "match": "javax.sql",
                     "lineNumber": 71
                  },
                  {
                     "reference": "Method sendErrorEvent",
                     "match": "javax.sql",
                     "lineNumber": 81
                  },
                  {
                     "reference": "Method sendErrorEvent - Method parameter",
                     "match": "javax.sql",
                     "lineNumber": 0
                  }
               ]
            },
            {
               "fileName": "ContractorMSB_war.ear/ContractorMSB.war/WEB-INF/lib/ngdbc.jar/com/sap/db/jdbcext/ConnectionPoolDataSourceSAP.class",
               "details": [
                  {
                     "reference": "Class implements",
                     "match": "javax.sql",
                     "lineNumber": 0
                  },
                  {
                     "reference": "Method getPooledConnection - Method return type",
                     "match": "javax.sql",
                     "lineNumber": 0
                  }
               ]
            },
            {
               "fileName": "ContractorMSB_war.ear/ContractorMSB.war/WEB-INF/lib/ngdbc.jar/com/sap/db/jdbcext/DataSourceSAP.class",
               "details": [
                  {
                     "reference": "Class implements",
                     "match": "javax.sql",
                     "lineNumber": 0
                  }
               ]
            },
            {
               "fileName": "ContractorMSB_war.ear/ContractorMSB.war/WEB-INF/lib/ngdbc.jar/com/sap/db/jdbcext/JDBCRowSetSAP.class",
               "details": [
                  {
                     "reference": "Class implements",
                     "match": "javax.sql",
                     "lineNumber": 0
                  },
                  {
                     "reference": "Method connect",
                     "match": "javax.sql",
                     "lineNumber": 113
                  },
                  {
                     "reference": "Method connect",
                     "match": "javax.sql",
                     "lineNumber": 114
                  },
                  {
                     "reference": "Method connect",
                     "match": "javax.sql",
                     "lineNumber": 123
                  }
               ]
            },
            {
               "fileName": "ContractorMSB_war.ear/ContractorMSB.war/WEB-INF/lib/ngdbc.jar/com/sap/db/jdbcext/PooledConnectionSAP.class",
               "details": [
                  {
                     "reference": "Class implements",
                     "match": "javax.sql",
                     "lineNumber": 0
                  },
                  {
                     "reference": "Method sendCloseEvent",
                     "match": "javax.sql",
                     "lineNumber": 45
                  },
                  {
                     "reference": "Method sendCloseEvent",
                     "match": "javax.sql",
                     "lineNumber": 50
                  },
                  {
                     "reference": "Method sendErrorEvent",
                     "match": "javax.sql",
                     "lineNumber": 35
                  },
                  {
                     "reference": "Method sendErrorEvent",
                     "match": "javax.sql",
                     "lineNumber": 40
                  }
               ]
            },
            {
               "fileName": "ContractorMSB_war.ear/ContractorMSB.war/WEB-INF/lib/ngdbc.jar/com/sap/db/jdbcext/StatementEventListenerHelper.class",
               "details": [
                  {
                     "reference": "Method sendCloseEvent",
                     "match": "javax.sql",
                     "lineNumber": 31
                  },
                  {
                     "reference": "Method sendCloseEvent",
                     "match": "javax.sql",
                     "lineNumber": 35
                  },
                  {
                     "reference": "Method sendCloseEvent",
                     "match": "javax.sql",
                     "lineNumber": 37
                  },
                  {
                     "reference": "Method sendCloseEvent",
                     "match": "javax.sql",
                     "lineNumber": 40
                  },
                  {
                     "reference": "Method sendCloseEvent - Method parameter",
                     "match": "javax.sql",
                     "lineNumber": 0
                  },
                  {
                     "reference": "Method sendErrorEvent",
                     "match": "javax.sql",
                     "lineNumber": 17
                  },
                  {
                     "reference": "Method sendErrorEvent",
                     "match": "javax.sql",
                     "lineNumber": 21
                  },
                  {
                     "reference": "Method sendErrorEvent",
                     "match": "javax.sql",
                     "lineNumber": 23
                  },
                  {
                     "reference": "Method sendErrorEvent",
                     "match": "javax.sql",
                     "lineNumber": 26
                  },
                  {
                     "reference": "Method sendErrorEvent - Method parameter",
                     "match": "javax.sql",
                     "lineNumber": 0
                  }
               ]
            }
         ]
      },
      {
         "ruleName": "The InitialContext lookup method can return primitive types",
         "ruleId": "DetectLookupMethod",
         "severity": "Warning",
         "category": "WebSphere traditional to Liberty",
         "results": [
            {
               "fileName": "ContractorMSB_war.ear/ContractorMSB.war/WEB-INF/lib/ngdbc.jar/com/sap/db/jdbcext/JDBCRowSetSAP.class",
               "details": [
                  {
                     "reference": "Method connect",
                     "match": "javax.naming.InitialContext.lookup(*)",
                     "lineNumber": 113
                  }
               ]
            }
         ]
      },
      {
         "ruleName": "The use of java.sql.Driver and java.sql.DriverManager interfaces requires configuration ",
         "ruleId": "SqlDriverRule",
         "severity": "Severe",
         "category": "WebSphere traditional to Liberty",
         "results": [
            {
               "fileName": "ContractorMSB_war.ear/ContractorMSB.war/WEB-INF/classes/com/contractorapp/provider/DBConnect.class",
               "details": [
                  {
                     "reference": "Method Connect",
                     "match": "java.sql.DriverManager.getConnection(*)",
                     "lineNumber": 26
                  },
                  {
                     "reference": "Method getConnection",
                     "match": "java.sql.DriverManager.getConnection(*)",
                     "lineNumber": 138
                  }
               ]
            },
            {
               "fileName": "ContractorMSB_war.ear/ContractorMSB.war/WEB-INF/classes/com/contractorapp/provider/LogToDB.class",
               "details": [
                  {
                     "reference": "Method LogDataToDB",
                     "match": "java.sql.DriverManager.getConnection(*)",
                     "lineNumber": 139
                  },
                  {
                     "reference": "Method LogDataToMSBSMS",
                     "match": "java.sql.DriverManager.getConnection(*)",
                     "lineNumber": 86
                  }
               ]
            },
            {
               "fileName": "ContractorMSB_war.ear/ContractorMSB.war/WEB-INF/classes/com/contractorapp/provider/OracleDBConnect.class",
               "details": [
                  {
                     "reference": "Method Connect",
                     "match": "java.sql.DriverManager.getConnection(*)",
                     "lineNumber": 29
                  }
               ]
            },
            {
               "fileName": "ContractorMSB_war.ear/ContractorMSB.war/WEB-INF/lib/ngdbc.jar/com/sap/db/jdbc/ConnectionSapDB.class",
               "details": [
                  {
                     "reference": "Method cancelInternal",
                     "match": "com.sap.db.jdbc.Driver.connect(*)",
                     "lineNumber": 253
                  }
               ]
            },
            {
               "fileName": "ContractorMSB_war.ear/ContractorMSB.war/WEB-INF/lib/ngdbc.jar/com/sap/db/jdbc/Driver.class",
               "details": [
                  {
                     "reference": "Method connect",
                     "match": "com.sap.db.jdbc.Driver.connect(*)",
                     "lineNumber": 207
                  },
                  {
                     "reference": "Method main",
                     "match": "com.sap.db.jdbc.Driver.connect(*)",
                     "lineNumber": 698
                  }
               ]
            },
            {
               "fileName": "ContractorMSB_war.ear/ContractorMSB.war/WEB-INF/lib/ngdbc.jar/com/sap/db/jdbcext/DataSourceSAPBase.class",
               "details": [
                  {
                     "reference": "Method openPhysicalConnection",
                     "match": "com.sap.db.jdbc.Driver.connect(*)",
                     "lineNumber": 350
                  },
                  {
                     "reference": "Method openPhysicalConnection",
                     "match": "com.sap.db.jdbc.Driver.connect(*)",
                     "lineNumber": 367
                  },
                  {
                     "reference": "Method openPhysicalConnection",
                     "match": "com.sap.db.jdbc.Driver.connect(*)",
                     "lineNumber": 381
                  }
               ]
            },
            {
               "fileName": "ContractorMSB_war.ear/ContractorMSB.war/WEB-INF/lib/ngdbc.jar/com/sap/db/jdbcext/JDBCRowSetSAP.class",
               "details": [
                  {
                     "reference": "Method connect",
                     "match": "java.sql.DriverManager.getConnection(*)",
                     "lineNumber": 121
                  }
               ]
            }
         ]
      },
      {
         "ruleName": "Validate the URL host and port for cloud access",
         "ruleId": "URLRuleDockerCloud",
         "severity": "Warning",
         "category": "Connectivity considerations for IBM Cloud (Docker and WebSphere in IBM Cloud)",
         "results": [
            {
               "fileName": "ContractorMSB_war.ear/ContractorMSB.war/WEB-INF/classes/com/contractorapp/common/CommonData$BaseAddress.class",
               "details": [
                  {
                     "reference": "Field CREDIT_NOTE_URL",
                     "match": "http://172.25.210.91:8061/",
                     "lineNumber": 0
                  },
                  {
                     "reference": "Field CREDIT_NOTE_URL_2",
                     "match": "http://mngp.asianpaints.com/",
                     "lineNumber": 0
                  }
               ]
            },
            {
               "fileName": "ContractorMSB_war.ear/ContractorMSB.war/WEB-INF/classes/com/contractorapp/common/CommonData$Endpoints.class",
               "details": [
                  {
                     "reference": "Field AVAILABLE_VOLUME",
                     "match": "http://mngp.asianpaints.com/sap/opu/odata/sap/ZMSB_GET_AVAIL_VOL_SRV/DealerDataSet",
                     "lineNumber": 0
                  },
                  {
                     "reference": "Field CONTRACTOR_PROFILE",
                     "match": "http://172.25.210.91:8061/Billing/MSB/ContractorApp/Services/XS_MSB_CON_APP/ContractorProfile.xsodata/",
                     "lineNumber": 0
                  },
                  {
                     "reference": "Field DPU_TRANSACTION",
                     "match": "http://mngp.asianpaints.com/sap/opu/odata/sap/ZMSB_RAISE_DPU_SRV/HeaderSet",
                     "lineNumber": 0
                  },
                  {
                     "reference": "Field LOGIN",
                     "match": "http://172.25.210.91:8061/Billing/MSB/ContractorApp/Services/XS_MSB_CON_APP/ContractorProfile.xsodata/",
                     "lineNumber": 0
                  },
                  {
                     "reference": "Field PREF_DEALER",
                     "match": "http://mngp.asianpaints.com/sap/opu/odata/sap/ZLOY_PREF_DEALER_SRV/PREF_DEALERSSet",
                     "lineNumber": 0
                  },
                  {
                     "reference": "Field PREF_DEALER_LIST",
                     "match": "http://172.25.210.91:8061/Billing/MSB/ContractorApp/Services/XS_MSB_CON_APP/PreferredDealers.xsodata/DEALERS?$format=json",
                     "lineNumber": 0
                  },
                  {
                     "reference": "Field PRODUCTS_BY_AVAILABLE_VOLUME",
                     "match": "http://172.25.210.91:8061/Billing/MSB/ContractorApp/Services/XS_MSB_CON_APP/Prod_Group.xsodata/PRODUCT_GROUP?$format=json",
                     "lineNumber": 0
                  },
                  {
                     "reference": "Field SCAN_TOKEN",
                     "match": "http://mngp.asianpaints.com/sap/opu/odata/sap/ZMSB_TOKEN_PROCESSING_SRV/zmsb_token_scanSet",
                     "lineNumber": 0
                  },
                  {
                     "reference": "Field SEARCH_DEALER",
                     "match": "http://172.25.210.91:8061/Billing/MSB/ContractorApp/Services/XS_MSB_CON_APP/DealerSearch.xsodata/Dealers?$format=json",
                     "lineNumber": 0
                  },
                  {
                     "reference": "Field SEARCH_TRANSACTIONS",
                     "match": "http://172.25.210.91:8061/Billing/MSB/ContractorApp/Services/XS_MSB_CON_APP/VT_Transactions.xsodata/VT?$format=json",
                     "lineNumber": 0
                  },
                  {
                     "reference": "Field SELF_CLAIM",
                     "match": "http://172.25.210.91:8061/Billing/MSB/ContractorApp/Services/XS_MSB_CON_APP/DPU_Transactions.xsodata/DPU?$format=json",
                     "lineNumber": 0
                  },
                  {
                     "reference": "Field SEND_SMS_URL",
                     "match": "http://mserve.asianpaints.com/MSB/SendSMS",
                     "lineNumber": 0
                  },
                  {
                     "reference": "Field SUCCESSFUL_TRANSACTION_LIST",
                     "match": "http://172.25.210.91:8061/Billing/MSB/ContractorApp/Services/XS_MSB_CON_APP/Successful_Barcode_Txns.xsodata/SUCCESSFUL?$format=json",
                     "lineNumber": 0
                  },
                  {
                     "reference": "Field TT_SUMMARY",
                     "match": "http://172.25.210.91:8061/Billing/MSB/ContractorApp/Services/XS_MSB_CON_APP/Barcode_Summary.xsodata/",
                     "lineNumber": 0
                  },
                  {
                     "reference": "Field UNSUCCESSFUL_TRANSACTION_LIST",
                     "match": "http://172.25.210.91:8061/Billing/MSB/ContractorApp/Services/XS_MSB_CON_APP/Unuccessful_Barcode_Txns.xsodata/UNSUCCESSFUL?$format=json",
                     "lineNumber": 0
                  },
                  {
                     "reference": "Field VOLUME_SUMMARY",
                     "match": "http://172.25.210.91:8061/Billing/MSB/ContractorApp/Services/XS_MSB_CON_APP/VolumeSummary.xsodata/VT_SUMMARY?$format=json",
                     "lineNumber": 0
                  }
               ]
            },
            {
               "fileName": "ContractorMSB_war.ear/ContractorMSB.war/WEB-INF/classes/com/contractorapp/consumer/DpuTransaction.class",
               "details": [
                  {
                     "reference": "Method doPost",
                     "match": "http://mngp.asianpaints.com/sap/opu/odata/sap/ZMSB_RAISE_DPU_SRV/HeaderSet",
                     "lineNumber": 53
                  }
               ]
            },
            {
               "fileName": "ContractorMSB_war.ear/ContractorMSB.war/WEB-INF/classes/com/contractorapp/consumer/PreferredDealer.class",
               "details": [
                  {
                     "reference": "Method doPost",
                     "match": "http://mngp.asianpaints.com/sap/opu/odata/sap/ZLOY_PREF_DEALER_SRV/PREF_DEALERSSet",
                     "lineNumber": 48
                  }
               ]
            },
            {
               "fileName": "ContractorMSB_war.ear/ContractorMSB.war/WEB-INF/classes/com/contractorapp/consumer/PreferredDealerList.class",
               "details": [
                  {
                     "reference": "Method doPost",
                     "match": "http://172.25.210.91:8061/Billing/MSB/ContractorApp/Services/XS_MSB_CON_APP/PreferredDealers.xsodata/DEALERS?$format=json&$filter=(CONTRACTOR%20eq%20'",
                     "lineNumber": 50
                  }
               ]
            },
            {
               "fileName": "ContractorMSB_war.ear/ContractorMSB.war/WEB-INF/classes/com/contractorapp/consumer/ProductVolumeByDealer.class",
               "details": [
                  {
                     "reference": "Method doPost",
                     "match": "http://mngp.asianpaints.com/sap/opu/odata/sap/ZMSB_GET_AVAIL_VOL_SRV/DealerDataSet",
                     "lineNumber": 63
                  }
               ]
            },
            {
               "fileName": "ContractorMSB_war.ear/ContractorMSB.war/WEB-INF/classes/com/contractorapp/consumer/Products.class",
               "details": [
                  {
                     "reference": "Method doPost",
                     "match": "http://172.25.210.91:8061/Billing/MSB/ContractorApp/Services/XS_MSB_CON_APP/Prod_Group.xsodata/PRODUCT_GROUP?$format=json",
                     "lineNumber": 63
                  }
               ]
            },
            {
               "fileName": "ContractorMSB_war.ear/ContractorMSB.war/WEB-INF/classes/com/contractorapp/consumer/ScanBarcode.class",
               "details": [
                  {
                     "reference": "Method doPost",
                     "match": "http://mngp.asianpaints.com/sap/opu/odata/sap/ZMSB_TOKEN_PROCESSING_SRV/zmsb_token_scanSet",
                     "lineNumber": 52
                  }
               ]
            },
            {
               "fileName": "ContractorMSB_war.ear/ContractorMSB.war/WEB-INF/classes/com/contractorapp/consumer/SearchDealer.class",
               "details": [
                  {
                     "reference": "Method doPost",
                     "match": "http://172.25.210.91:8061/Billing/MSB/ContractorApp/Services/XS_MSB_CON_APP/DealerSearch.xsodata/Dealers?$format=json",
                     "lineNumber": 61
                  }
               ]
            },
            {
               "fileName": "ContractorMSB_war.ear/ContractorMSB.war/WEB-INF/classes/com/contractorapp/consumer/SearchTransactions.class",
               "details": [
                  {
                     "reference": "Method doPost",
                     "match": "http://172.25.210.91:8061/Billing/MSB/ContractorApp/Services/XS_MSB_CON_APP/VT_Transactions.xsodata/VT?$format=json",
                     "lineNumber": 53
                  }
               ]
            },
            {
               "fileName": "ContractorMSB_war.ear/ContractorMSB.war/WEB-INF/classes/com/contractorapp/consumer/SelfClaim.class",
               "details": [
                  {
                     "reference": "Method doPost",
                     "match": "http://172.25.210.91:8061/Billing/MSB/ContractorApp/Services/XS_MSB_CON_APP/DPU_Transactions.xsodata/DPU?$format=json",
                     "lineNumber": 52
                  }
               ]
            },
            {
               "fileName": "ContractorMSB_war.ear/ContractorMSB.war/WEB-INF/classes/com/contractorapp/consumer/SuccessfulBarcodeScans.class",
               "details": [
                  {
                     "reference": "Method doPost",
                     "match": "http://172.25.210.91:8061/Billing/MSB/ContractorApp/Services/XS_MSB_CON_APP/Successful_Barcode_Txns.xsodata/SUCCESSFUL?$format=json",
                     "lineNumber": 55
                  }
               ]
            },
            {
               "fileName": "ContractorMSB_war.ear/ContractorMSB.war/WEB-INF/classes/com/contractorapp/consumer/TokenTransactionSummary.class",
               "details": [
                  {
                     "reference": "Method doPost",
                     "match": "http://172.25.210.91:8061/Billing/MSB/ContractorApp/Services/XS_MSB_CON_APP/Barcode_Summary.xsodata/",
                     "lineNumber": 54
                  }
               ]
            },
            {
               "fileName": "ContractorMSB_war.ear/ContractorMSB.war/WEB-INF/classes/com/contractorapp/consumer/UnSuccessfulBarcodeScans.class",
               "details": [
                  {
                     "reference": "Method doPost",
                     "match": "http://172.25.210.91:8061/Billing/MSB/ContractorApp/Services/XS_MSB_CON_APP/Unuccessful_Barcode_Txns.xsodata/UNSUCCESSFUL?$format=json",
                     "lineNumber": 57
                  }
               ]
            },
            {
               "fileName": "ContractorMSB_war.ear/ContractorMSB.war/WEB-INF/classes/com/contractorapp/consumer/vtSummary.class",
               "details": [
                  {
                     "reference": "Method doPost",
                     "match": "http://172.25.210.91:8061/Billing/MSB/ContractorApp/Services/XS_MSB_CON_APP/VolumeSummary.xsodata/VT_SUMMARY?$format=json",
                     "lineNumber": 59
                  }
               ]
            },
            {
               "fileName": "ContractorMSB_war.ear/ContractorMSB.war/WEB-INF/classes/com/contractorapp/services/GenerateOTP.class",
               "details": [
                  {
                     "reference": "Method sendOtp",
                     "match": "http://mserve.asianpaints.com/MSB/SendSMS",
                     "lineNumber": 77
                  }
               ]
            },
            {
               "fileName": "ContractorMSB_war.ear/ContractorMSB.war/WEB-INF/classes/com/contractorapp/services/impl/LoginServiceImpl.class",
               "details": [
                  {
                     "reference": "Method validateBPNumber",
                     "match": "http://172.25.210.91:8061/Billing/MSB/ContractorApp/Services/XS_MSB_CON_APP/ContractorProfile.xsodata/",
                     "lineNumber": 115
                  }
               ]
            },
            {
               "fileName": "ContractorMSB_war.ear/ContractorMSB.war/WEB-INF/classes/com/contractorapp/services/impl/ProfileServiceImpl.class",
               "details": [
                  {
                     "reference": "Method getLoyalityPoints",
                     "match": "http://172.25.210.91:8061/Billing/MSB/ContractorApp/Services/XS_MSB_CON_APP/ContractorProfile.xsodata/",
                     "lineNumber": 73
                  },
                  {
                     "reference": "Method getProfile",
                     "match": "http://172.25.210.91:8061/Billing/MSB/ContractorApp/Services/XS_MSB_CON_APP/ContractorProfile.xsodata/",
                     "lineNumber": 42
                  }
               ]
            },
            {
               "fileName": "ContractorMSB_war.ear/ContractorMSB.war/WEB-INF/lib/sapjco3.jar/com/sap/conn/jco/rt/BasXMLWriter.class",
               "details": [
                  {
                     "reference": "Static initializer",
                     "match": "http://www.sap.com/abapxml",
                     "lineNumber": 53
                  },
                  {
                     "reference": "Static initializer",
                     "match": "http://www.sap.com/abapxml/hint",
                     "lineNumber": 54
                  }
               ]
            }
         ]
      }
   ]
}