{"productInf":[{"name":"websphere","id":"BASE","version":"8.5.0","buildDate":"","buildLevel":""},{"name":"Java","id":"Java","version":"1.7","buildDate":"","buildLevel":""}],"profiles":[{"name":"was_migration_22nd","profilePath":"/usr/TA2/transformationadvisor-1.9.8/was_migration_22nd","cellName":"","dmgrName":null,"nodes":null,"servers":null,"clusterNames":null,"applications":["/usr/TA2/transformationadvisor-1.9.8/was_migration_22nd/NepReports_war.ear","/usr/TA2/transformationadvisor-1.9.8/was_migration_22nd/MRS_war.ear","/usr/TA2/transformationadvisor-1.9.8/was_migration_22nd/ContractorMSB_war.ear"],"appToClusterMapping":null,"isStandalone":true,"webSphereVersion":"8.5.0","javaVersion":"1.7","appArray":["/usr/TA2/transformationadvisor-1.9.8/was_migration_22nd/NepReports_war.ear","/usr/TA2/transformationadvisor-1.9.8/was_migration_22nd/MRS_war.ear","/usr/TA2/transformationadvisor-1.9.8/was_migration_22nd/ContractorMSB_war.ear"],"archive":{"domain":"javaAppServer","archiveName":"was_migration_22nd","archiveType":"profile","dcVersion":"1.9.8","middleware":"was","host":"apwasdev","assessmentUnits":["NepReports_war.ear","MRS_war.ear","ContractorMSB_war.ear"]},"contextRoots":null}]}