{
   "report": "analysis",
   "version": "1.2",
   "productVersion": "9.0",
   "productRelease": "19.0.0.2-TA1",
   "options": [
      "--sourceAppServer=was855",
      "--sourceJava=ibm7",
      "--sourceJavaEE=ee6",
      "--targetAppServer=liberty",
      "--targetJava=ibm8",
      "--targetCloud=dockerIBMCloud",
      "--excludePackages=com.ibm,com.informix,com.microsoft,com.sybase,com.sun,java,javax,net,oracle,org,sqlj,_ibmjsp"
   ],
   "totalRulesFlagged": 8,
   "filesAffected": 16,
   "totalResults": 28,
   "severitySummary": [
      {
         "severity": "Severe",
         "totalRulesFlagged": 1,
         "totalResults": 4
      },
      {
         "severity": "Warning",
         "totalRulesFlagged": 5,
         "totalResults": 22
      },
      {
         "severity": "Information",
         "totalRulesFlagged": 2,
         "totalResults": 2
      }
   ],
   "applications": [
      "/usr/TA2/transformationadvisor-1.9.8/was_migration_22nd/MRS_war.ear"
   ],
   "rules": [
      {
         "ruleName": "Behavior change in java.lang.String and java.util.regex.Pattern split methods",
         "ruleId": "StringSplit",
         "severity": "Warning",
         "category": "Java SE version migration / Java SE 8 compatibility impacts",
         "results": [
            {
               "fileName": "MRS_war.ear/MRS.war/WEB-INF/classes/Login.class",
               "details": [
                  {
                     "reference": "Method doPost",
                     "match": "java.lang.String.split(*)",
                     "lineNumber": 108
                  }
               ]
            }
         ]
      },
      {
         "ruleName": "Behavior change in month name formatting for some languages",
         "ruleId": "MonthFormattingNames",
         "severity": "Information",
         "category": "Java SE version migration / Java SE 8 compatibility impacts",
         "results": [
            {
               "fileName": "MRS_war.ear/MRS.war/WEB-INF/classes/Login.class",
               "details": [
                  {
                     "reference": "Constructor",
                     "match": "java.text.SimpleDateFormat.format(*)",
                     "lineNumber": 57
                  }
               ]
            }
         ]
      },
      {
         "ruleName": "Behavior change in the BigDecimal stripTrailingZeros method for a zero value",
         "ruleId": "BigDecimalStripTrailingZeros",
         "severity": "Information",
         "category": "Java SE version migration / Java SE 8 compatibility impacts",
         "results": [
            {
               "fileName": "MRS_war.ear/MRS.war/WEB-INF/lib/sqljdbc4.jar/microsoft/sql/DateTimeOffset.class",
               "details": [
                  {
                     "reference": "Method toString",
                     "match": "java.math.BigDecimal.stripTrailingZeros(*)",
                     "lineNumber": 127
                  }
               ]
            }
         ]
      },
      {
         "ruleName": "Databases",
         "ruleId": "DatabasesSQLRule",
         "severity": "Warning",
         "category": "Technology connectivity considerations for IBM Cloud",
         "results": [
            {
               "fileName": "MRS_war.ear/MRS.war/WEB-INF/classes/Auth.class",
               "details": [
                  {
                     "reference": "Constructor",
                     "match": "java.sql",
                     "lineNumber": 29
                  }
               ]
            },
            {
               "fileName": "MRS_war.ear/MRS.war/WEB-INF/lib/sqljdbc4.jar/microsoft/sql/DateTimeOffset$SerializationProxy.class",
               "details": [
                  {
                     "reference": "Method readResolve",
                     "match": "java.sql",
                     "lineNumber": 264
                  }
               ]
            }
         ]
      },
      {
         "ruleName": "Handling application configuration in Docker containers",
         "ruleId": "DetectPropertiesFiles",
         "severity": "Warning",
         "category": "Docker (IBM Cloud Kubernetes Service)",
         "results": [
            {
               "fileName": "MRS_war.ear/MRS.war/WEB-INF/classes/log4j.properties",
               "details": [
                  {
                     "reference": null,
                     "match": "(.*)?\\.properties",
                     "lineNumber": 0
                  }
               ]
            },
            {
               "fileName": "MRS_war.ear/MRS.war/WEB-INF/lib/commons-codec-1.13.jar/META-INF/maven/commons-codec/commons-codec/pom.properties",
               "details": [
                  {
                     "reference": null,
                     "match": "(.*)?\\.properties",
                     "lineNumber": 0
                  }
               ]
            },
            {
               "fileName": "MRS_war.ear/MRS.war/WEB-INF/lib/javax.servlet-3.0.1.jar/META-INF/maven/org.glassfish/javax.servlet/pom.properties",
               "details": [
                  {
                     "reference": null,
                     "match": "(.*)?\\.properties",
                     "lineNumber": 0
                  }
               ]
            },
            {
               "fileName": "MRS_war.ear/MRS.war/WEB-INF/lib/javax.servlet-3.0.1.jar/javax/servlet/LocalStrings.properties",
               "details": [
                  {
                     "reference": null,
                     "match": "(.*)?\\.properties",
                     "lineNumber": 0
                  }
               ]
            },
            {
               "fileName": "MRS_war.ear/MRS.war/WEB-INF/lib/javax.servlet-3.0.1.jar/javax/servlet/LocalStrings_fr.properties",
               "details": [
                  {
                     "reference": null,
                     "match": "(.*)?\\.properties",
                     "lineNumber": 0
                  }
               ]
            },
            {
               "fileName": "MRS_war.ear/MRS.war/WEB-INF/lib/javax.servlet-3.0.1.jar/javax/servlet/LocalStrings_ja.properties",
               "details": [
                  {
                     "reference": null,
                     "match": "(.*)?\\.properties",
                     "lineNumber": 0
                  }
               ]
            },
            {
               "fileName": "MRS_war.ear/MRS.war/WEB-INF/lib/javax.servlet-3.0.1.jar/javax/servlet/http/LocalStrings.properties",
               "details": [
                  {
                     "reference": null,
                     "match": "(.*)?\\.properties",
                     "lineNumber": 0
                  }
               ]
            },
            {
               "fileName": "MRS_war.ear/MRS.war/WEB-INF/lib/javax.servlet-3.0.1.jar/javax/servlet/http/LocalStrings_es.properties",
               "details": [
                  {
                     "reference": null,
                     "match": "(.*)?\\.properties",
                     "lineNumber": 0
                  }
               ]
            },
            {
               "fileName": "MRS_war.ear/MRS.war/WEB-INF/lib/javax.servlet-3.0.1.jar/javax/servlet/http/LocalStrings_fr.properties",
               "details": [
                  {
                     "reference": null,
                     "match": "(.*)?\\.properties",
                     "lineNumber": 0
                  }
               ]
            },
            {
               "fileName": "MRS_war.ear/MRS.war/WEB-INF/lib/javax.servlet-3.0.1.jar/javax/servlet/http/LocalStrings_ja.properties",
               "details": [
                  {
                     "reference": null,
                     "match": "(.*)?\\.properties",
                     "lineNumber": 0
                  }
               ]
            },
            {
               "fileName": "MRS_war.ear/MRS.war/WEB-INF/lib/log4j.jar/org/apache/log4j/lf5/config/defaultconfig.properties",
               "details": [
                  {
                     "reference": null,
                     "match": "(.*)?\\.properties",
                     "lineNumber": 0
                  }
               ]
            }
         ]
      },
      {
         "ruleName": "Managing data inside and between Docker containers",
         "ruleId": "FileSystemRule",
         "severity": "Warning",
         "category": "Docker (IBM Cloud Kubernetes Service)",
         "results": [
            {
               "fileName": "MRS_war.ear/MRS.war/WEB-INF/classes/LogClass.class",
               "details": [
                  {
                     "reference": "Method logging",
                     "match": "java.io.FileWriter",
                     "lineNumber": 57
                  },
                  {
                     "reference": "Method logging",
                     "match": "java.io.FileWriter",
                     "lineNumber": 61
                  },
                  {
                     "reference": "Method logging",
                     "match": "java.io.FileWriter",
                     "lineNumber": 72
                  }
               ]
            }
         ]
      },
      {
         "ruleName": "The use of java.sql.Driver and java.sql.DriverManager interfaces requires configuration ",
         "ruleId": "SqlDriverRule",
         "severity": "Severe",
         "category": "WebSphere traditional to Liberty",
         "results": [
            {
               "fileName": "MRS_war.ear/MRS.war/WEB-INF/classes/Auth.class",
               "details": [
                  {
                     "reference": "Method DBLogging",
                     "match": "java.sql.DriverManager.getConnection(*)",
                     "lineNumber": 329
                  },
                  {
                     "reference": "Method doGet",
                     "match": "java.sql.DriverManager.getConnection(*)",
                     "lineNumber": 78
                  }
               ]
            },
            {
               "fileName": "MRS_war.ear/MRS.war/WEB-INF/classes/Login.class",
               "details": [
                  {
                     "reference": "Method DBLogging",
                     "match": "java.sql.DriverManager.getConnection(*)",
                     "lineNumber": 233
                  },
                  {
                     "reference": "Method DBLogging",
                     "match": "java.sql.DriverManager.getConnection(*)",
                     "lineNumber": 264
                  }
               ]
            }
         ]
      },
      {
         "ruleName": "Validate the URL host and port for cloud access",
         "ruleId": "URLRuleDockerCloud",
         "severity": "Warning",
         "category": "Connectivity considerations for IBM Cloud (Docker and WebSphere in IBM Cloud)",
         "results": [
            {
               "fileName": "MRS_war.ear/MRS.war/WEB-INF/classes/Auth.class",
               "details": [
                  {
                     "reference": "Method DBLogging",
                     "match": "jdbc:sqlserver://172.25.30.173;user=aphsmcrm;password=aphsmcrm;database=SUP_CRM_DEV",
                     "lineNumber": 324
                  },
                  {
                     "reference": "Method doGet",
                     "match": "jdbc:sqlserver://172.25.30.173;user=aphsmcrm;password=aphsmcrm;database=SUP_CRM",
                     "lineNumber": 70
                  }
               ]
            },
            {
               "fileName": "MRS_war.ear/MRS.war/WEB-INF/classes/Login.class",
               "details": [
                  {
                     "reference": "Method DBLogging",
                     "match": "jdbc:sqlserver://172.25.30.173;user=aphsmcrm;password=aphsmcrm;database=SUP_CRM_DEV",
                     "lineNumber": 225
                  },
                  {
                     "reference": "Method DBLogging",
                     "match": "jdbc:sqlserver://172.25.30.173;user=aphsmcrm;password=aphsmcrm;database=SUP_CRM_DEV",
                     "lineNumber": 259
                  },
                  {
                     "reference": "Method doPost",
                     "match": "ldap://192.168.40.15:389/DC=asianpaints,DC=com",
                     "lineNumber": 135
                  }
               ]
            }
         ]
      }
   ]
}