{
   "report": "inventory",
   "version": "2.4",
   "productVersion": "9.0",
   "productRelease": "19.0.0.2-TA1",
   "options": [
      "--excludePackages=com.ibm,com.informix,com.microsoft,com.sybase,com.sun,java,javax,net,oracle,org,sqlj,_ibmjsp"
   ],
   "applications": [
      "/usr/TA2/transformationadvisor-1.9.8/was_migration_22nd/MRS_war.ear"
   ],
   "sharedLibraries": [
   ],
   "archives": {
      "ears": 1,
      "wars": 1,
      "rars": 0,
      "ejbs": 0,
      "webFragments": 0,
      "utilityJars": 7,
      "appClients": 0
   },
   "summary": {
      "servlets": 27,
      "jsps": 0,
      "jpaEntities": 0,
      "bmpEntityBeans": 0,
      "cmpEntityBeans": 0,
      "messageDrivenBeans": 0,
      "singletonSessionBeans": 0,
      "statefulSessionBeans": 0,
      "statelessSessionBeans": 0,
      "jaxrpcConsumers": 0,
      "jaxrpcProviders": 0,
      "jaxrsConsumers": 0,
      "jaxrsProviders": 0,
      "jaxwsConsumers": 0,
      "jaxwsProviders": 0
   },
   "archiveInventory": [
      {
         "archiveName": "/usr/TA2/transformationadvisor-1.9.8/was_migration_22nd/MRS_war.ear",
         "moduleType": "Enterprise archive",
         "moduleVersion": "5",
         "metadataComplete": null,
         "moduleSize": 2114667,
         "archives": {
            "wars": 1,
            "rars": 0,
            "ejbs": 0,
            "utilityJars": 7,
            "appClients": 0
         },
         "summary": {
            "servlets": 27,
            "jsps": 0,
            "jpaEntities": 0,
            "bmpEntityBeans": 0,
            "cmpEntityBeans": 0,
            "messageDrivenBeans": 0,
            "singletonSessionBeans": 0,
            "statefulSessionBeans": 0,
            "statelessSessionBeans": 0,
            "jaxrpcConsumers": 0,
            "jaxrpcProviders": 0,
            "jaxrsConsumers": 0,
            "jaxrsProviders": 0,
            "jaxwsConsumers": 0,
            "jaxwsProviders": 0
         },
         "potentialDeploymentProblemsSummary": {
            "archivesContainingDuplicateClasses": 0,
            "archivesContainingJavaEEorSEClasses": 1,
            "archivesContainingConflictingOpenSourceSoftwareClasses": 2,
            "archivesContainingWebSphereClasses": 0,
            "archivesNotReferencedInTheApplication": 3,
            "archivesWithMissingDependenciesInTheApplication": 3,
            "classesWithSystemLevelJVMConfiguration": 0,
            "sharedLibrariesReferencingApplicationClasses": 0
         },
         "potentialDeploymentProblemsDetails": [
            {
               "duplicateClassesWithinClassLoader": [
               ]
            },
            {
               "duplicateClassesAcrossApplication": [
               ]
            },
            {
               "javaEEandSEClasses": [
                  {
                     "conflictingPackages": [
                        "javax.servlet",
                        "javax.servlet.annotation",
                        "javax.servlet.descriptor",
                        "javax.servlet.http"
                     ],
                     "packageLocation": [
                        "MRS.war/WEB-INF/lib/javax.servlet-3.0.1.jar"
                     ]
                  }
               ]
            },
            {
               "duplicateWebSphereClasses": [
               ]
            },
            {
               "openSourceSoftwareClasses": [
                  {
                     "conflictingPackages": [
                        "org.apache.commons.codec.binary"
                     ],
                     "packageLocation": [
                        "MRS.war/WEB-INF/lib/commons-codec-1.13.jar"
                     ],
                     "appliesTo": [
                        "V8.5.5",
                        "V9.0"
                     ]
                  },
                  {
                     "conflictingPackages": [
                        "org.apache.commons.collections",
                        "org.apache.commons.collections.bag",
                        "org.apache.commons.collections.bidimap",
                        "org.apache.commons.collections.buffer",
                        "org.apache.commons.collections.collection",
                        "org.apache.commons.collections.comparators",
                        "org.apache.commons.collections.functors",
                        "org.apache.commons.collections.iterators",
                        "org.apache.commons.collections.keyvalue",
                        "org.apache.commons.collections.list",
                        "org.apache.commons.collections.map",
                        "org.apache.commons.collections.set",
                        "org.apache.commons.logging",
                        "org.apache.commons.logging.impl"
                     ],
                     "packageLocation": [
                        "MRS.war/WEB-INF/lib/apache-commons.jar"
                     ],
                     "appliesTo": [
                        "V8.5.5",
                        "V9.0"
                     ]
                  }
               ]
            },
            {
               "archivesNotReferenced": [
                  {
                     "archive": "MRS.war/WEB-INF/lib/apache-commons.jar",
                     "referencedBy": ""
                  },
                  {
                     "archive": "MRS.war/WEB-INF/lib/json-simple-1.1.jar",
                     "referencedBy": ""
                  },
                  {
                     "archive": "MRS.war/WEB-INF/lib/sqljdbc4.jar",
                     "referencedBy": ""
                  }
               ]
            },
            {
               "missingDependencies": [
                  {
                     "missingDependencies": [
                        "com.sun.jdmk.comm"
                     ],
                     "archive": [
                        "MRS.war/WEB-INF/lib/log4j.jar"
                     ]
                  },
                  {
                     "missingDependencies": [
                        "org.ietf.jgss"
                     ],
                     "archive": [
                        "MRS.war/WEB-INF/lib/sqljdbc4.jar"
                     ]
                  },
                  {
                     "missingDependencies": [
                        "org.slf4j",
                        "org.slf4j.spi"
                     ],
                     "archive": [
                        "MRS.war/WEB-INF/lib/apache-commons.jar"
                     ]
                  }
               ]
            },
            {
               "classesWithSystemLevelJVMConfiguration": [
               ]
            },
            {
               "sharedLibraryDependencies": [
               ]
            }
         ],
         "performanceConsiderations": {
            "archivesThatAreCandidatesForMetadataCompleteTrueAttribute": [
            ],
            "webModulesWithExcessiveClassFiles": [
            ],
            "webModulesWithExcessiveStaticResources": [
            ]
         },
         "containedArchiveInventory": [
            {
               "archiveName": "/usr/TA2/transformationadvisor-1.9.8/was_migration_22nd/MRS_war.ear/MRS.war",
               "moduleType": "Web module",
               "moduleVersion": "2.5",
               "metadataComplete": "true",
               "archives": {
                  "ejbs": 0,
                  "webFragments": 0,
                  "utilityJars": 7
               },
               "summary": {
                  "servlets": 27,
                  "jsps": 0,
                  "jpaEntities": 0,
                  "bmpEntityBeans": 0,
                  "cmpEntityBeans": 0,
                  "messageDrivenBeans": 0,
                  "singletonSessionBeans": 0,
                  "statefulSessionBeans": 0,
                  "statelessSessionBeans": 0,
                  "jaxrpcConsumers": 0,
                  "jaxrpcProviders": 0,
                  "jaxrsConsumers": 0,
                  "jaxrsProviders": 0,
                  "jaxwsConsumers": 0,
                  "jaxwsProviders": 0
               },
               "containedArchiveInventory": [
                  {
                     "archiveName": "/usr/TA2/transformationadvisor-1.9.8/was_migration_22nd/MRS_war.ear/MRS.war/WEB-INF/lib/apache-commons.jar",
                     "moduleType": "Utility JAR",
                     "containedPackages": [
                        "org.apache.commons"
                     ]
                  },
                  {
                     "archiveName": "/usr/TA2/transformationadvisor-1.9.8/was_migration_22nd/MRS_war.ear/MRS.war/WEB-INF/lib/commons-codec-1.13.jar",
                     "moduleType": "Utility JAR",
                     "containedPackages": [
                        "org.apache.commons"
                     ]
                  },
                  {
                     "archiveName": "/usr/TA2/transformationadvisor-1.9.8/was_migration_22nd/MRS_war.ear/MRS.war/WEB-INF/lib/java-json.jar",
                     "moduleType": "Utility JAR",
                     "containedPackages": [
                        "org.json"
                     ]
                  },
                  {
                     "archiveName": "/usr/TA2/transformationadvisor-1.9.8/was_migration_22nd/MRS_war.ear/MRS.war/WEB-INF/lib/javax.servlet-3.0.1.jar",
                     "moduleType": "Utility JAR",
                     "containedPackages": [
                        "javax.servlet",
                        "javax.servlet.annotation",
                        "javax.servlet.descriptor",
                        "javax.servlet.http"
                     ]
                  },
                  {
                     "archiveName": "/usr/TA2/transformationadvisor-1.9.8/was_migration_22nd/MRS_war.ear/MRS.war/WEB-INF/lib/json-simple-1.1.jar",
                     "moduleType": "Utility JAR",
                     "containedPackages": [
                        "org.json.simple"
                     ]
                  },
                  {
                     "archiveName": "/usr/TA2/transformationadvisor-1.9.8/was_migration_22nd/MRS_war.ear/MRS.war/WEB-INF/lib/log4j.jar",
                     "moduleType": "Utility JAR",
                     "containedPackages": [
                        "org.apache.log4j"
                     ]
                  },
                  {
                     "archiveName": "/usr/TA2/transformationadvisor-1.9.8/was_migration_22nd/MRS_war.ear/MRS.war/WEB-INF/lib/sqljdbc4.jar",
                     "moduleType": "Utility JAR",
                     "containedPackages": [
                        "com.microsoft.sqlserver",
                        "microsoft.sql"
                     ]
                  }
               ]
            }
         ]
      }
   ],
   "sharedLibraryDetails": [
   ]
}