{
   "report": "analysis",
   "version": "1.2",
   "productVersion": "9.0",
   "productRelease": "19.0.0.2-TA1",
   "options": [
      "--sourceAppServer=was855",
      "--sourceJava=ibm7",
      "--sourceJavaEE=ee6",
      "--targetAppServer=liberty",
      "--targetJava=ibm8",
      "--targetCloud=dockerIBMCloud",
      "--excludePackages=com.ibm,com.informix,com.microsoft,com.sybase,com.sun,java,javax,net,oracle,org,sqlj,_ibmjsp"
   ],
   "totalRulesFlagged": 3,
   "filesAffected": 5,
   "totalResults": 8,
   "severitySummary": [
      {
         "severity": "Warning",
         "totalRulesFlagged": 2,
         "totalResults": 3
      },
      {
         "severity": "Information",
         "totalRulesFlagged": 1,
         "totalResults": 5
      }
   ],
   "applications": [
      "/usr/TA2/transformationadvisor-1.9.8/was_migration_22nd/NepReports_war.ear"
   ],
   "rules": [
      {
         "ruleName": "Behavior change in month name formatting for some languages",
         "ruleId": "MonthFormattingNames",
         "severity": "Information",
         "category": "Java SE version migration / Java SE 8 compatibility impacts",
         "results": [
            {
               "fileName": "NepReports_war.ear/NepReports.war/WEB-INF/classes/neprep/ContractorDashboard.class",
               "details": [
                  {
                     "reference": "Method doGet",
                     "match": "java.text.SimpleDateFormat.format(*)",
                     "lineNumber": 268
                  },
                  {
                     "reference": "Method doGet",
                     "match": "java.text.SimpleDateFormat.format(*)",
                     "lineNumber": 311
                  }
               ]
            },
            {
               "fileName": "NepReports_war.ear/NepReports.war/WEB-INF/classes/neprep/DealerSales.class",
               "details": [
                  {
                     "reference": "Method doGet",
                     "match": "java.text.SimpleDateFormat.format(*)",
                     "lineNumber": 319
                  }
               ]
            },
            {
               "fileName": "NepReports_war.ear/NepReports.war/WEB-INF/classes/neprep/DealerTransactions.class",
               "details": [
                  {
                     "reference": "Method doGet",
                     "match": "java.text.SimpleDateFormat.format(*)",
                     "lineNumber": 371
                  },
                  {
                     "reference": "Method doGet",
                     "match": "java.text.SimpleDateFormat.format(*)",
                     "lineNumber": 391
                  }
               ]
            }
         ]
      },
      {
         "ruleName": "Databases",
         "ruleId": "DatabasesSQLRule",
         "severity": "Warning",
         "category": "Technology connectivity considerations for IBM Cloud",
         "results": [
            {
               "fileName": "NepReports_war.ear/NepReports.war/WEB-INF/classes/neprep/ContractorDashboard.class",
               "details": [
                  {
                     "reference": "Method doGet",
                     "match": "java.sql",
                     "lineNumber": 264
                  }
               ]
            }
         ]
      },
      {
         "ruleName": "Validate the URL host and port for cloud access",
         "ruleId": "URLRuleDockerCloud",
         "severity": "Warning",
         "category": "Connectivity considerations for IBM Cloud (Docker and WebSphere in IBM Cloud)",
         "results": [
            {
               "fileName": "NepReports_war.ear/NepReports.war/WEB-INF/classes/globalNep/Authentication.class",
               "details": [
                  {
                     "reference": "Method doPost",
                     "match": "ldap://192.168.40.115:3268/DC=asianpaints,DC=com",
                     "lineNumber": 74
                  }
               ]
            },
            {
               "fileName": "NepReports_war.ear/NepReports.war/WEB-INF/classes/globalNep/BaseData.class",
               "details": [
                  {
                     "reference": "Static initializer",
                     "match": "https://api.asianpaints.com/v1/sap_gateway_rp/",
                     "lineNumber": 13
                  }
               ]
            }
         ]
      }
   ]
}