{
   "report": "analysis",
   "version": "1.2",
   "productVersion": "9.0",
   "productRelease": "19.0.0.2-TA1",
   "options": [
      "--sourceAppServer=was855",
      "--sourceJava=ibm7",
      "--sourceJavaEE=ee6",
      "--targetAppServer=was90",
      "--targetJava=ibm8",
      "--targetJavaEE=ee7",
      "--targetCloud=vmIBMCloud",
      "--excludePackages=com.ibm,com.informix,com.microsoft,com.sybase,com.sun,java,javax,net,oracle,org,sqlj,_ibmjsp"
   ],
   "totalRulesFlagged": 6,
   "filesAffected": 5,
   "totalResults": 15,
   "severitySummary": [
      {
         "severity": "Severe",
         "totalRulesFlagged": 1,
         "totalResults": 10
      },
      {
         "severity": "Warning",
         "totalRulesFlagged": 5,
         "totalResults": 5
      }
   ],
   "applications": [
      "/opt/IBM/WebSphere/AppServer/profiles/Dmgr01/config/cells/apwasdevCell01/applications/AlertService_war.ear/AlertService_war.ear"
   ],
   "rules": [
      {
         "ruleName": "CDI scans for implicit beans when there is no beans.xml file",
         "ruleId": "MissingBeansFile",
         "severity": "Warning",
         "category": "Java EE 7 / CDI",
         "results": [
            {
               "fileName": "AlertService_war.ear/AlertService.war",
               "details": [
                  {
                     "reference": null,
                     "match": ".*(\\.war|\\.jar)",
                     "lineNumber": 0
                  }
               ]
            }
         ]
      },
      {
         "ruleName": "Databases",
         "ruleId": "DatabasesSQLRule",
         "severity": "Warning",
         "category": "Technology connectivity considerations for IBM Cloud",
         "results": [
            {
               "fileName": "AlertService_war.ear/AlertService.war/WEB-INF/classes/DBConnect.class",
               "details": [
                  {
                     "reference": "Constructor",
                     "match": "java.sql",
                     "lineNumber": 17
                  }
               ]
            }
         ]
      },
      {
         "ruleName": "Java EE security",
         "ruleId": "ApplicationSecurityRule",
         "severity": "Warning",
         "category": "Technology connectivity considerations for IBM Cloud",
         "results": [
            {
               "fileName": "AlertService_war.ear/AlertService.war/WEB-INF/classes/SendSMS.class",
               "details": [
                  {
                     "reference": "Method doPost",
                     "match": "javax.servlet.http.HttpServletRequest.getRemoteUser(*)",
                     "lineNumber": 98
                  }
               ]
            }
         ]
      },
      {
         "ruleName": "JavaMail server",
         "ruleId": "MailServerRule",
         "severity": "Warning",
         "category": "Technology connectivity considerations for IBM Cloud",
         "results": [
            {
               "fileName": "AlertService_war.ear/AlertService.war/WEB-INF/classes/DailyAlerts$1.class",
               "details": [
                  {
                     "reference": "Constructor",
                     "match": "javax.mail",
                     "lineNumber": 142
                  }
               ]
            }
         ]
      },
      {
         "ruleName": "The Apache HTTP client API was removed",
         "ruleId": "ApacheHTTPRule",
         "severity": "Severe",
         "category": "WebSphere version migration / V8.0, V8.5 and V9.0 migration",
         "results": [
            {
               "fileName": "AlertService_war.ear/AlertService.war/WEB-INF/classes/DailyAlerts.class",
               "details": [
                  {
                     "reference": "Method sendDailySMS",
                     "match": "org.apache.http",
                     "lineNumber": 53
                  },
                  {
                     "reference": "Method sendDailySMS",
                     "match": "org.apache.http",
                     "lineNumber": 57
                  },
                  {
                     "reference": "Method sendDailySMS",
                     "match": "org.apache.http",
                     "lineNumber": 59
                  },
                  {
                     "reference": "Method sendDailySMS",
                     "match": "org.apache.http",
                     "lineNumber": 107
                  },
                  {
                     "reference": "Method sendDailySMS",
                     "match": "org.apache.http.client",
                     "lineNumber": 53
                  },
                  {
                     "reference": "Method sendDailySMS",
                     "match": "org.apache.http.client",
                     "lineNumber": 107
                  },
                  {
                     "reference": "Method sendDailySMS",
                     "match": "org.apache.http.client.methods",
                     "lineNumber": 52
                  },
                  {
                     "reference": "Method sendDailySMS",
                     "match": "org.apache.http.client.methods",
                     "lineNumber": 53
                  },
                  {
                     "reference": "Method sendDailySMS",
                     "match": "org.apache.http.client.methods",
                     "lineNumber": 107
                  },
                  {
                     "reference": "Method sendDailySMS",
                     "match": "org.apache.http.impl.client",
                     "lineNumber": 49
                  }
               ]
            }
         ]
      },
      {
         "ruleName": "Validate the URL host and port for cloud access",
         "ruleId": "URLRuleDockerCloud",
         "severity": "Warning",
         "category": "Connectivity considerations for IBM Cloud (Docker and WebSphere in IBM Cloud)",
         "results": [
            {
               "fileName": "AlertService_war.ear/AlertService.war/WEB-INF/classes/DailyAlerts.class",
               "details": [
                  {
                     "reference": "Method sendDailySMS",
                     "match": "http://172.25.10.14:5555/invoke/erp_sms/send_crm_sms",
                     "lineNumber": 45
                  }
               ]
            }
         ]
      }
   ]
}