{
   "report": "analysis",
   "version": "1.2",
   "productVersion": "9.0",
   "productRelease": "19.0.0.2-TA1",
   "options": [
      "--sourceAppServer=was855",
      "--sourceJava=ibm7",
      "--sourceJavaEE=ee6",
      "--targetAppServer=was90",
      "--targetJava=ibm8",
      "--targetJavaEE=ee7",
      "--targetCloud=vmIBMCloud",
      "--excludePackages=com.ibm,com.informix,com.microsoft,com.sybase,com.sun,java,javax,net,oracle,org,sqlj,_ibmjsp"
   ],
   "totalRulesFlagged": 8,
   "filesAffected": 22,
   "totalResults": 27,
   "severitySummary": [
      {
         "severity": "Warning",
         "totalRulesFlagged": 7,
         "totalResults": 20
      },
      {
         "severity": "Information",
         "totalRulesFlagged": 1,
         "totalResults": 7
      }
   ],
   "applications": [
      "/opt/IBM/WebSphere/AppServer/profiles/Dmgr01/config/cells/apwasdevCell01/applications/AP_Profiler_war.ear/AP_Profiler_war.ear"
   ],
   "rules": [
      {
         "ruleName": "Behavior change in java.lang.String and java.util.regex.Pattern split methods",
         "ruleId": "StringSplit",
         "severity": "Warning",
         "category": "Java SE version migration / Java SE 8 compatibility impacts",
         "results": [
            {
               "fileName": "AP_Profiler_war.ear/AP_Profiler.war/WEB-INF/classes/GetCustomer.class",
               "details": [
                  {
                     "reference": "Method doPost",
                     "match": "java.lang.String.split(*)",
                     "lineNumber": 70
                  }
               ]
            },
            {
               "fileName": "AP_Profiler_war.ear/AP_Profiler.war/WEB-INF/classes/Login.class",
               "details": [
                  {
                     "reference": "Method doGet",
                     "match": "java.lang.String.split(*)",
                     "lineNumber": 80
                  }
               ]
            },
            {
               "fileName": "AP_Profiler_war.ear/AP_Profiler.war/WEB-INF/classes/UpdateProfile.class",
               "details": [
                  {
                     "reference": "Method doPost",
                     "match": "java.lang.String.split(*)",
                     "lineNumber": 88
                  }
               ]
            }
         ]
      },
      {
         "ruleName": "Behavior change in month name formatting for some languages",
         "ruleId": "MonthFormattingNames",
         "severity": "Information",
         "category": "Java SE version migration / Java SE 8 compatibility impacts",
         "results": [
            {
               "fileName": "AP_Profiler_war.ear/AP_Profiler.war/WEB-INF/lib/sapjco3.jar/com/sap/conn/jco/rt/JCoRuntime.class",
               "details": [
                  {
                     "reference": "Method setPropertyValue",
                     "match": "java.text.DateFormat.format(*)",
                     "lineNumber": 992
                  }
               ]
            },
            {
               "fileName": "AP_Profiler_war.ear/AP_Profiler.war/WEB-INF/lib/sapjco3.jar/com/sap/conn/jco/rt/MiddlewareJavaRfc.class",
               "details": [
                  {
                     "reference": "Method setProperty",
                     "match": "java.text.DateFormat.format(*)",
                     "lineNumber": 460
                  }
               ]
            },
            {
               "fileName": "AP_Profiler_war.ear/AP_Profiler.war/WEB-INF/lib/sapjco3.jar/com/sap/conn/jco/util/ErrorTrace.class",
               "details": [
                  {
                     "reference": "Method trace",
                     "match": "java.text.DateFormat.format(*)",
                     "lineNumber": 146
                  }
               ]
            },
            {
               "fileName": "AP_Profiler_war.ear/AP_Profiler.war/WEB-INF/lib/sapjco3.jar/com/sap/conn/jco/util/SyncDateFormat.class",
               "details": [
                  {
                     "reference": "Method format",
                     "match": "java.text.SimpleDateFormat.format(*)",
                     "lineNumber": 47
                  }
               ]
            },
            {
               "fileName": "AP_Profiler_war.ear/AP_Profiler.war/WEB-INF/lib/sapjco3.jar/com/sap/tc/logging/LogRecord.class",
               "details": [
                  {
                     "reference": "Method formatTime",
                     "match": "java.text.DateFormat.format(*)",
                     "lineNumber": 1279
                  }
               ]
            },
            {
               "fileName": "AP_Profiler_war.ear/AP_Profiler.war/WEB-INF/lib/sapjco3.jar/com/sap/tc/logging/tools/lv/LVFormatter.class",
               "details": [
                  {
                     "reference": "Method format",
                     "match": "java.text.SimpleDateFormat.format(*)",
                     "lineNumber": 53
                  },
                  {
                     "reference": "Method format",
                     "match": "java.text.SimpleDateFormat.format(*)",
                     "lineNumber": 57
                  }
               ]
            }
         ]
      },
      {
         "ruleName": "CDI scans for implicit beans when there is no beans.xml file",
         "ruleId": "MissingBeansFile",
         "severity": "Warning",
         "category": "Java EE 7 / CDI",
         "results": [
            {
               "fileName": "AP_Profiler_war.ear/AP_Profiler.war",
               "details": [
                  {
                     "reference": null,
                     "match": ".*(\\.war|\\.jar)",
                     "lineNumber": 0
                  }
               ]
            },
            {
               "fileName": "AP_Profiler_war.ear/AP_Profiler.war/WEB-INF/lib/ojdbc6.jar",
               "details": [
                  {
                     "reference": null,
                     "match": ".*(\\.war|\\.jar)",
                     "lineNumber": 0
                  }
               ]
            },
            {
               "fileName": "AP_Profiler_war.ear/AP_Profiler.war/WEB-INF/lib/org.json.jar",
               "details": [
                  {
                     "reference": null,
                     "match": ".*(\\.war|\\.jar)",
                     "lineNumber": 0
                  }
               ]
            },
            {
               "fileName": "AP_Profiler_war.ear/AP_Profiler.war/WEB-INF/lib/sapjco3.jar",
               "details": [
                  {
                     "reference": null,
                     "match": ".*(\\.war|\\.jar)",
                     "lineNumber": 0
                  }
               ]
            },
            {
               "fileName": "AP_Profiler_war.ear/AP_Profiler.war/WEB-INF/lib/servlet-api.jar",
               "details": [
                  {
                     "reference": null,
                     "match": ".*(\\.war|\\.jar)",
                     "lineNumber": 0
                  }
               ]
            }
         ]
      },
      {
         "ruleName": "Check for compatibility when using system modules",
         "ruleId": "SystemLoadLibrary",
         "severity": "Warning",
         "category": "All application servers",
         "results": [
            {
               "fileName": "AP_Profiler_war.ear/AP_Profiler.war/WEB-INF/lib/sapjco3.jar/com/sap/conn/jco/rt/DefaultJCoRuntime.class",
               "details": [
                  {
                     "reference": "Method loadLibrary",
                     "match": "java.lang.System.loadLibrary(*)",
                     "lineNumber": 481
                  }
               ]
            },
            {
               "fileName": "AP_Profiler_war.ear/AP_Profiler.war/WEB-INF/lib/sapjco3.jar/com/sap/i18n/cp/ConverterJNI.class",
               "details": [
                  {
                     "reference": "Method loadLibrary",
                     "match": "java.lang.System.loadLibrary(*)",
                     "lineNumber": 554
                  }
               ]
            }
         ]
      },
      {
         "ruleName": "Databases",
         "ruleId": "DatabasesSQLRule",
         "severity": "Warning",
         "category": "Technology connectivity considerations for IBM Cloud",
         "results": [
            {
               "fileName": "AP_Profiler_war.ear/AP_Profiler.war/WEB-INF/classes/services/DBConnect.class",
               "details": [
                  {
                     "reference": "Constructor",
                     "match": "java.sql",
                     "lineNumber": 15
                  }
               ]
            }
         ]
      },
      {
         "ruleName": "Do not start unmanaged threads within the web or EJB container",
         "ruleId": "CreateThreadMethodsInWebOrEjbProject",
         "severity": "Warning",
         "category": "All application servers",
         "results": [
            {
               "fileName": "AP_Profiler_war.ear/AP_Profiler.war/WEB-INF/lib/sapjco3.jar/com/sap/conn/jco/rt/AutoJobRunner.class",
               "details": [
                  {
                     "reference": "Method initialize",
                     "match": "java.lang.Thread.start(*)",
                     "lineNumber": 22
                  }
               ]
            },
            {
               "fileName": "AP_Profiler_war.ear/AP_Profiler.war/WEB-INF/lib/sapjco3.jar/com/sap/conn/jco/rt/DefaultServerManager$DefaultRunnableStarter.class",
               "details": [
                  {
                     "reference": "Method start",
                     "match": "java.lang.Thread.start(*)",
                     "lineNumber": 340
                  }
               ]
            },
            {
               "fileName": "AP_Profiler_war.ear/AP_Profiler.war/WEB-INF/lib/sapjco3.jar/com/sap/conn/jco/rt/DefaultServerManager.class",
               "details": [
                  {
                     "reference": "Method addServer",
                     "match": "java.lang.Thread.start(*)",
                     "lineNumber": 141
                  }
               ]
            },
            {
               "fileName": "AP_Profiler_war.ear/AP_Profiler.war/WEB-INF/lib/sapjco3.jar/com/sap/conn/jco/util/DefaultSharedStorage.class",
               "details": [
                  {
                     "reference": "Method executeLocked",
                     "match": "java.lang.Runnable.run(*)",
                     "lineNumber": 76
                  }
               ]
            }
         ]
      },
      {
         "ruleName": "Java EE security",
         "ruleId": "ApplicationSecurityRule",
         "severity": "Warning",
         "category": "Technology connectivity considerations for IBM Cloud",
         "results": [
            {
               "fileName": "AP_Profiler_war.ear/AP_Profiler.war/WEB-INF/classes/GetCustomer.class",
               "details": [
                  {
                     "reference": "Method doPost",
                     "match": "javax.servlet.http.HttpServletRequest.getRemoteUser(*)",
                     "lineNumber": 274
                  }
               ]
            }
         ]
      },
      {
         "ruleName": "Validate the URL host and port for cloud access",
         "ruleId": "URLRuleDockerCloud",
         "severity": "Warning",
         "category": "Connectivity considerations for IBM Cloud (Docker and WebSphere in IBM Cloud)",
         "results": [
            {
               "fileName": "AP_Profiler_war.ear/AP_Profiler.war/WEB-INF/classes/Login.class",
               "details": [
                  {
                     "reference": "Method doGet",
                     "match": "ldap://192.168.40.15:389/OU=StoreCC,OU=MKTServices,OU=Extranet,DC=asianpaints,DC=com",
                     "lineNumber": 120
                  }
               ]
            },
            {
               "fileName": "AP_Profiler_war.ear/AP_Profiler.war/WEB-INF/lib/sapjco3.jar/com/sap/conn/jco/rt/BasXMLWriter.class",
               "details": [
                  {
                     "reference": "Static initializer",
                     "match": "http://www.sap.com/abapxml",
                     "lineNumber": 80
                  },
                  {
                     "reference": "Static initializer",
                     "match": "http://www.sap.com/abapxml/classes/global",
                     "lineNumber": 82
                  },
                  {
                     "reference": "Static initializer",
                     "match": "http://www.sap.com/abapxml/hint",
                     "lineNumber": 81
                  }
               ]
            }
         ]
      }
   ]
}