{
  "isVirtual": "false",
  "assessmentUnitName": "AP_Profiler_war.ear",
  "middleware": "was",
  "serverXml": {
    "server": {
      "featureManager": {
        "feature": [
          "jdbc-4.0",
          "jndi-1.0",
          "servlet-3.0"
        ]
      },
      "variable": [
        {
          "value": "${shared.config.dir}/lib/global",
          "name": "DB2UNIVERSAL_JDBC_DRIVER_PATH"
        },
        {
          "value": "${shared.config.dir}/lib/global",
          "name": "ORACLE_JDBC_DRIVER_PATH"
        },
        {
          "value": "${shared.config.dir}/lib/global",
          "name": "WAS_INSTALL_ROOT"
        },
        {
          "value": "${shared.config.dir}/lib/global",
          "name": "DERBY_JDBC_DRIVER_PATH"
        },
        {
          "value": "${shared.config.dir}/lib/global",
          "name": "UNIVERSAL_JDBC_DRIVER_PATH"
        },
        {
          "value": "${shared.config.dir}/lib/global",
          "name": "DB2UNIVERSAL_JDBC_DRIVER_NATIVEPATH"
        }
      ],
      "httpEndpoint": {
        "host": "*",
        "httpPort": 9080,
        "id": "defaultHttpEndpoint",
        "httpsPort": 9443
      },
      "applicationManager": {
        "autoExpand": true
      }
    }
  },
  "domain": "javaAppServer",
  "host": "apwasdev",
  "dcVersion": "1.9.8",
  "archiveType": "profile",
  "archiveName": "Dmgr01"
}