{
   "report": "analysis",
   "version": "1.2",
   "productVersion": "9.0",
   "productRelease": "19.0.0.2-TA1",
   "options": [
      "--sourceAppServer=was855",
      "--sourceJava=ibm7",
      "--sourceJavaEE=ee6",
      "--targetAppServer=liberty",
      "--targetJava=ibm8",
      "--targetCloud=dockerIBMCloud",
      "--excludePackages=com.ibm,com.informix,com.microsoft,com.sybase,com.sun,java,javax,net,oracle,org,sqlj,_ibmjsp"
   ],
   "totalRulesFlagged": 10,
   "filesAffected": 25,
   "totalResults": 69,
   "severitySummary": [
      {
         "severity": "Severe",
         "totalRulesFlagged": 1,
         "totalResults": 14
      },
      {
         "severity": "Warning",
         "totalRulesFlagged": 6,
         "totalResults": 48
      },
      {
         "severity": "Information",
         "totalRulesFlagged": 3,
         "totalResults": 7
      }
   ],
   "applications": [
      "/opt/IBM/WebSphere/AppServer/profiles/Dmgr01/config/cells/apwasdevCell01/applications/APHS-OTEAR.ear/APHS-OTEAR.ear"
   ],
   "rules": [
      {
         "ruleName": "Behavior change in month name formatting for some languages",
         "ruleId": "MonthFormattingNames",
         "severity": "Information",
         "category": "Java SE version migration / Java SE 8 compatibility impacts",
         "results": [
            {
               "fileName": "APHS-OTEAR.ear/APHS-OTEARWeb.war/WEB-INF/classes/com/Services/LogToFile.class",
               "details": [
                  {
                     "reference": "Method LogToDB",
                     "match": "java.text.SimpleDateFormat.format(*)",
                     "lineNumber": 203
                  },
                  {
                     "reference": "Method logUpdateInput",
                     "match": "java.text.SimpleDateFormat.format(*)",
                     "lineNumber": 159
                  },
                  {
                     "reference": "Method logUpdateInput",
                     "match": "java.text.SimpleDateFormat.format(*)",
                     "lineNumber": 177
                  }
               ]
            },
            {
               "fileName": "APHS-OTEAR.ear/APHS-OTEARWeb.war/WEB-INF/classes/com/common/TestServlet.class",
               "details": [
                  {
                     "reference": "Method doGet",
                     "match": "java.text.SimpleDateFormat.format(*)",
                     "lineNumber": 174
                  },
                  {
                     "reference": "Method doGet",
                     "match": "java.text.SimpleDateFormat.format(*)",
                     "lineNumber": 175
                  }
               ]
            }
         ]
      },
      {
         "ruleName": "Behavior change in rounding in NumberFormat and DecimalFormat format methods",
         "ruleId": "NumberFormatRounding",
         "severity": "Information",
         "category": "Java SE version migration / Java SE 8 compatibility impacts",
         "results": [
            {
               "fileName": "APHS-OTEAR.ear/APHS-OTEARWeb.war/WEB-INF/classes/com/common/TestServlet.class",
               "details": [
                  {
                     "reference": "Method doGet",
                     "match": "java.text.DecimalFormat.format(double)",
                     "lineNumber": 198
                  }
               ]
            }
         ]
      },
      {
         "ruleName": "Behavior change in the BigDecimal stripTrailingZeros method for a zero value",
         "ruleId": "BigDecimalStripTrailingZeros",
         "severity": "Information",
         "category": "Java SE version migration / Java SE 8 compatibility impacts",
         "results": [
            {
               "fileName": "APHS-OTEAR.ear/APHS-OTEARWeb.war/WEB-INF/lib/sqljdbc4.jar/microsoft/sql/DateTimeOffset.class",
               "details": [
                  {
                     "reference": "Method toString",
                     "match": "java.math.BigDecimal.stripTrailingZeros(*)",
                     "lineNumber": 127
                  }
               ]
            }
         ]
      },
      {
         "ruleName": "Databases",
         "ruleId": "DatabasesSQLRule",
         "severity": "Warning",
         "category": "Technology connectivity considerations for IBM Cloud",
         "results": [
            {
               "fileName": "APHS-OTEAR.ear/APHS-OTEARWeb.war/WEB-INF/classes/com/Services/DBConnect.class",
               "details": [
                  {
                     "reference": "Constructor",
                     "match": "java.sql",
                     "lineNumber": 22
                  }
               ]
            },
            {
               "fileName": "APHS-OTEAR.ear/APHS-OTEARWeb.war/WEB-INF/lib/sqljdbc4.jar/microsoft/sql/DateTimeOffset$SerializationProxy.class",
               "details": [
                  {
                     "reference": "Method readResolve",
                     "match": "java.sql",
                     "lineNumber": 264
                  }
               ]
            }
         ]
      },
      {
         "ruleName": "Handling application configuration in Docker containers",
         "ruleId": "DetectPropertiesFiles",
         "severity": "Warning",
         "category": "Docker (IBM Cloud Kubernetes Service)",
         "results": [
            {
               "fileName": "APHS-OTEAR.ear/APHS-OTEARWeb.war/WEB-INF/classes/com/common/LoadResources.class",
               "details": [
                  {
                     "reference": "Method setProperties",
                     "match": "java.util.Properties.load(*)",
                     "lineNumber": 27
                  }
               ]
            },
            {
               "fileName": "APHS-OTEAR.ear/APHS-OTEARWeb.war/WEB-INF/lib/commons-logging-1.2.jar/META-INF/maven/commons-logging/commons-logging/pom.properties",
               "details": [
                  {
                     "reference": null,
                     "match": "(.*)?\\.properties",
                     "lineNumber": 0
                  }
               ]
            },
            {
               "fileName": "APHS-OTEAR.ear/APHS-OTEARWeb.war/WEB-INF/lib/json-simple-1.1.1.jar/META-INF/maven/com.googlecode.json-simple/json-simple/pom.properties",
               "details": [
                  {
                     "reference": null,
                     "match": "(.*)?\\.properties",
                     "lineNumber": 0
                  }
               ]
            },
            {
               "fileName": "APHS-OTEAR.ear/APHS-OTEARWeb.war/WEB-INF/lib/log4j-1.2-api-2.0.2.jar/META-INF/maven/org.apache.logging.log4j/log4j-1.2-api/pom.properties",
               "details": [
                  {
                     "reference": null,
                     "match": "(.*)?\\.properties",
                     "lineNumber": 0
                  }
               ]
            },
            {
               "fileName": "APHS-OTEAR.ear/APHS-OTEARWeb.war/WEB-INF/lib/log4j-api-2.0.2.jar/META-INF/maven/org.apache.logging.log4j/log4j-api/pom.properties",
               "details": [
                  {
                     "reference": null,
                     "match": "(.*)?\\.properties",
                     "lineNumber": 0
                  }
               ]
            },
            {
               "fileName": "APHS-OTEAR.ear/APHS-OTEARWeb.war/WEB-INF/lib/log4j-core-2.0.2.jar/META-INF/log4j-provider.properties",
               "details": [
                  {
                     "reference": null,
                     "match": "(.*)?\\.properties",
                     "lineNumber": 0
                  }
               ]
            },
            {
               "fileName": "APHS-OTEAR.ear/APHS-OTEARWeb.war/WEB-INF/lib/log4j-core-2.0.2.jar/META-INF/maven/org.apache.logging.log4j/log4j-core/pom.properties",
               "details": [
                  {
                     "reference": null,
                     "match": "(.*)?\\.properties",
                     "lineNumber": 0
                  }
               ]
            },
            {
               "fileName": "APHS-OTEAR.ear/APHS-OTEARWeb.war/WEB-INF/lib/mail-1.4.3.jar/META-INF/maven/javax.mail/mail/pom.properties",
               "details": [
                  {
                     "reference": null,
                     "match": "(.*)?\\.properties",
                     "lineNumber": 0
                  }
               ]
            },
            {
               "fileName": "APHS-OTEAR.ear/APHS-OTEARWeb.war/WEB-INF/lib/servlet-api.jar/javax/servlet/LocalStrings.properties",
               "details": [
                  {
                     "reference": null,
                     "match": "(.*)?\\.properties",
                     "lineNumber": 0
                  }
               ]
            },
            {
               "fileName": "APHS-OTEAR.ear/APHS-OTEARWeb.war/WEB-INF/lib/servlet-api.jar/javax/servlet/http/LocalStrings.properties",
               "details": [
                  {
                     "reference": null,
                     "match": "(.*)?\\.properties",
                     "lineNumber": 0
                  }
               ]
            },
            {
               "fileName": "APHS-OTEAR.ear/APHS-OTEARWeb.war/WEB-INF/log4j.properties",
               "details": [
                  {
                     "reference": null,
                     "match": "(.*)?\\.properties",
                     "lineNumber": 0
                  }
               ]
            },
            {
               "fileName": "APHS-OTEAR.ear/APHS-OTEARWeb.war/WEB-INF/prop.properties",
               "details": [
                  {
                     "reference": null,
                     "match": "(.*)?\\.properties",
                     "lineNumber": 0
                  }
               ]
            }
         ]
      },
      {
         "ruleName": "Java EE security",
         "ruleId": "ApplicationSecurityRule",
         "severity": "Warning",
         "category": "Technology connectivity considerations for IBM Cloud",
         "results": [
            {
               "fileName": "APHS-OTEAR.ear/APHS-OTEARWeb.war/WEB-INF/classes/com/common/TestServlet.class",
               "details": [
                  {
                     "reference": "Method doGet",
                     "match": "javax.servlet.http.HttpServletRequest.getRemoteUser(*)",
                     "lineNumber": 93
                  }
               ]
            }
         ]
      },
      {
         "ruleName": "JavaMail server",
         "ruleId": "MailServerRule",
         "severity": "Warning",
         "category": "Technology connectivity considerations for IBM Cloud",
         "results": [
            {
               "fileName": "APHS-OTEAR.ear/APHS-OTEARWeb.war/WEB-INF/classes/com/Services/SendMail$SMTPAuthenticator.class",
               "details": [
                  {
                     "reference": "Constructor",
                     "match": "javax.mail",
                     "lineNumber": 134
                  }
               ]
            }
         ]
      },
      {
         "ruleName": "Managing data inside and between Docker containers",
         "ruleId": "FileSystemRule",
         "severity": "Warning",
         "category": "Docker (IBM Cloud Kubernetes Service)",
         "results": [
            {
               "fileName": "APHS-OTEAR.ear/APHS-OTEARWeb.war/WEB-INF/classes/com/Services/DBConnect.class",
               "details": [
                  {
                     "reference": "Method createDestinationDataFile",
                     "match": "java.io.FileOutputStream",
                     "lineNumber": 93
                  },
                  {
                     "reference": "Method createDestinationDataFile",
                     "match": "java.io.FileOutputStream",
                     "lineNumber": 95
                  },
                  {
                     "reference": "Method createDestinationDataFile",
                     "match": "java.io.FileOutputStream",
                     "lineNumber": 101
                  }
               ]
            },
            {
               "fileName": "APHS-OTEAR.ear/APHS-OTEARWeb.war/WEB-INF/classes/com/Services/LogToFile.class",
               "details": [
                  {
                     "reference": "Method error",
                     "match": "java.io.FileWriter",
                     "lineNumber": 56
                  },
                  {
                     "reference": "Method error",
                     "match": "java.io.FileWriter",
                     "lineNumber": 60
                  },
                  {
                     "reference": "Method error",
                     "match": "java.io.FileWriter",
                     "lineNumber": 67
                  },
                  {
                     "reference": "Method info",
                     "match": "java.io.FileWriter",
                     "lineNumber": 87
                  },
                  {
                     "reference": "Method info",
                     "match": "java.io.FileWriter",
                     "lineNumber": 91
                  },
                  {
                     "reference": "Method info",
                     "match": "java.io.FileWriter",
                     "lineNumber": 99
                  },
                  {
                     "reference": "Method logUpdateInput",
                     "match": "java.io.FileOutputStream",
                     "lineNumber": 159
                  },
                  {
                     "reference": "Method logUpdateInput",
                     "match": "java.io.FileOutputStream",
                     "lineNumber": 169
                  },
                  {
                     "reference": "Method logUpdateInput",
                     "match": "java.io.FileOutputStream",
                     "lineNumber": 170
                  },
                  {
                     "reference": "Method logUpdateInput",
                     "match": "java.io.FileOutputStream",
                     "lineNumber": 176
                  },
                  {
                     "reference": "Method logUpdateInput",
                     "match": "java.io.FileOutputStream",
                     "lineNumber": 178
                  },
                  {
                     "reference": "Method logUpdateInput",
                     "match": "java.io.FileOutputStream",
                     "lineNumber": 179
                  },
                  {
                     "reference": "Method logUpdateInput",
                     "match": "java.io.FileOutputStream",
                     "lineNumber": 180
                  },
                  {
                     "reference": "Method logUpdateInput",
                     "match": "java.io.FileOutputStream",
                     "lineNumber": 186
                  }
               ]
            }
         ]
      },
      {
         "ruleName": "The use of java.sql.Driver and java.sql.DriverManager interfaces requires configuration ",
         "ruleId": "SqlDriverRule",
         "severity": "Severe",
         "category": "WebSphere traditional to Liberty",
         "results": [
            {
               "fileName": "APHS-OTEAR.ear/APHS-OTEARWeb.war/WEB-INF/classes/com/Services/DBConnect.class",
               "details": [
                  {
                     "reference": "Method Connect",
                     "match": "java.sql.DriverManager.getConnection(*)",
                     "lineNumber": 119
                  }
               ]
            },
            {
               "fileName": "APHS-OTEAR.ear/APHS-OTEARWeb.war/WEB-INF/classes/com/common/Contractor_Info.class",
               "details": [
                  {
                     "reference": "Method doGet",
                     "match": "java.sql.DriverManager.getConnection(*)",
                     "lineNumber": 89
                  }
               ]
            },
            {
               "fileName": "APHS-OTEAR.ear/APHS-OTEARWeb.war/WEB-INF/classes/com/common/CreateIncPay.class",
               "details": [
                  {
                     "reference": "Method doGet",
                     "match": "java.sql.DriverManager.getConnection(*)",
                     "lineNumber": 192
                  }
               ]
            },
            {
               "fileName": "APHS-OTEAR.ear/APHS-OTEARWeb.war/WEB-INF/classes/com/common/CustomerValidation.class",
               "details": [
                  {
                     "reference": "Method doGet",
                     "match": "java.sql.DriverManager.getConnection(*)",
                     "lineNumber": 82
                  },
                  {
                     "reference": "Method doGet",
                     "match": "java.sql.DriverManager.getConnection(*)",
                     "lineNumber": 132
                  },
                  {
                     "reference": "Method doGet",
                     "match": "java.sql.DriverManager.getConnection(*)",
                     "lineNumber": 190
                  },
                  {
                     "reference": "Method doGet",
                     "match": "java.sql.DriverManager.getConnection(*)",
                     "lineNumber": 226
                  },
                  {
                     "reference": "Method getAddress",
                     "match": "java.sql.DriverManager.getConnection(*)",
                     "lineNumber": 356
                  }
               ]
            },
            {
               "fileName": "APHS-OTEAR.ear/APHS-OTEARWeb.war/WEB-INF/classes/com/common/DB_Name.class",
               "details": [
                  {
                     "reference": "Method getDBName",
                     "match": "java.sql.DriverManager.getConnection(*)",
                     "lineNumber": 22
                  }
               ]
            },
            {
               "fileName": "APHS-OTEAR.ear/APHS-OTEARWeb.war/WEB-INF/classes/com/common/Dealer_Info.class",
               "details": [
                  {
                     "reference": "Method doGet",
                     "match": "java.sql.DriverManager.getConnection(*)",
                     "lineNumber": 89
                  }
               ]
            },
            {
               "fileName": "APHS-OTEAR.ear/APHS-OTEARWeb.war/WEB-INF/classes/com/common/MRS_SKU_Master_OP.class",
               "details": [
                  {
                     "reference": "Method doPost",
                     "match": "java.sql.DriverManager.getConnection(*)",
                     "lineNumber": 93
                  },
                  {
                     "reference": "Method doPost",
                     "match": "java.sql.DriverManager.getConnection(*)",
                     "lineNumber": 174
                  }
               ]
            },
            {
               "fileName": "APHS-OTEAR.ear/APHS-OTEARWeb.war/WEB-INF/classes/com/common/Unit_Info.class",
               "details": [
                  {
                     "reference": "Method doGet",
                     "match": "java.sql.DriverManager.getConnection(*)",
                     "lineNumber": 144
                  },
                  {
                     "reference": "Method getCity",
                     "match": "java.sql.DriverManager.getConnection(*)",
                     "lineNumber": 239
                  }
               ]
            }
         ]
      },
      {
         "ruleName": "Validate the URL host and port for cloud access",
         "ruleId": "URLRuleDockerCloud",
         "severity": "Warning",
         "category": "Connectivity considerations for IBM Cloud (Docker and WebSphere in IBM Cloud)",
         "results": [
            {
               "fileName": "APHS-OTEAR.ear/APHS-OTEARWeb.war/WEB-INF/classes/com/common/Contractor_Info.class",
               "details": [
                  {
                     "reference": "Method doGet",
                     "match": "jdbc:sqlserver://172.25.30.117;user=sa;password=sa;database=",
                     "lineNumber": 79
                  }
               ]
            },
            {
               "fileName": "APHS-OTEAR.ear/APHS-OTEARWeb.war/WEB-INF/classes/com/common/CreateIncPay.class",
               "details": [
                  {
                     "reference": "Method doGet",
                     "match": "jdbc:sqlserver://172.25.111.98;user=sa;password=apsapb1db!;database=APHS_CONSOLE_LIVE",
                     "lineNumber": 184
                  }
               ]
            },
            {
               "fileName": "APHS-OTEAR.ear/APHS-OTEARWeb.war/WEB-INF/classes/com/common/CustomerValidation.class",
               "details": [
                  {
                     "reference": "Method doGet",
                     "match": "jdbc:sqlserver://172.25.30.117;user=sa;password=sa;database=",
                     "lineNumber": 124
                  },
                  {
                     "reference": "Method doGet",
                     "match": "jdbc:sqlserver://172.25.30.117;user=sa;password=sa;database=",
                     "lineNumber": 182
                  },
                  {
                     "reference": "Method doGet",
                     "match": "jdbc:sqlserver://172.25.30.117;user=sa;password=sa;database=",
                     "lineNumber": 218
                  },
                  {
                     "reference": "Method doGet",
                     "match": "jdbc:sqlserver://172.25.30.117;user=sa;password=sa;database=APHS_CONSOLE_LIVE",
                     "lineNumber": 75
                  },
                  {
                     "reference": "Method getAddress",
                     "match": "jdbc:sqlserver://172.25.30.117;user=sa;password=sa;database=",
                     "lineNumber": 346
                  }
               ]
            },
            {
               "fileName": "APHS-OTEAR.ear/APHS-OTEARWeb.war/WEB-INF/classes/com/common/DB_Name.class",
               "details": [
                  {
                     "reference": "Method getDBName",
                     "match": "jdbc:sqlserver://172.25.30.117;user=sa;password=sa;database=APHS_CONSOLE_LIVE",
                     "lineNumber": 15
                  }
               ]
            },
            {
               "fileName": "APHS-OTEAR.ear/APHS-OTEARWeb.war/WEB-INF/classes/com/common/Dealer_Info.class",
               "details": [
                  {
                     "reference": "Method doGet",
                     "match": "jdbc:sqlserver://172.25.30.117;user=sa;password=sa;database=",
                     "lineNumber": 79
                  }
               ]
            },
            {
               "fileName": "APHS-OTEAR.ear/APHS-OTEARWeb.war/WEB-INF/classes/com/common/MRS_SKU_Master_OP.class",
               "details": [
                  {
                     "reference": "Method doPost",
                     "match": "jdbc:sqlserver://172.25.30.173;user=aphsmcrm;password=aphsmcrm;database=SUP_CRM",
                     "lineNumber": 88
                  },
                  {
                     "reference": "Method doPost",
                     "match": "jdbc:sqlserver://172.25.30.173;user=aphsmcrm;password=aphsmcrm;database=SUP_CRM",
                     "lineNumber": 169
                  }
               ]
            },
            {
               "fileName": "APHS-OTEAR.ear/APHS-OTEARWeb.war/WEB-INF/classes/com/common/Unit_Info.class",
               "details": [
                  {
                     "reference": "Method doGet",
                     "match": "jdbc:sqlserver://172.25.30.117;user=sa;password=sa;database=APHS_CONSOLE_LIVE",
                     "lineNumber": 136
                  },
                  {
                     "reference": "Method getCity",
                     "match": "jdbc:sqlserver://172.25.30.117;user=sa;password=sa;database=",
                     "lineNumber": 232
                  }
               ]
            },
            {
               "fileName": "APHS-OTEAR.ear/APHS-OTEARWeb.war/WEB-INF/prop.properties",
               "details": [
                  {
                     "reference": null,
                     "match": "URL2=jdbc:sqlserver://172.25.30.173;user=aphsmcrm;password=aphsmcrm;database=",
                     "lineNumber": 0
                  },
                  {
                     "reference": null,
                     "match": "URL=jdbc:sqlserver://172.25.30.117;user=sa;password=sa;database=",
                     "lineNumber": 0
                  }
               ]
            }
         ]
      }
   ]
}