{
   "report": "analysis",
   "version": "1.2",
   "productVersion": "9.0",
   "productRelease": "19.0.0.2-TA1",
   "options": [
      "--sourceAppServer=was855",
      "--sourceJava=ibm7",
      "--sourceJavaEE=ee6",
      "--targetAppServer=was90",
      "--targetJava=ibm8",
      "--targetJavaEE=ee7",
      "--targetCloud=vmIBMCloud",
      "--excludePackages=com.ibm,com.informix,com.microsoft,com.sybase,com.sun,java,javax,net,oracle,org,sqlj,_ibmjsp"
   ],
   "totalRulesFlagged": 8,
   "filesAffected": 24,
   "totalResults": 36,
   "severitySummary": [
      {
         "severity": "Warning",
         "totalRulesFlagged": 5,
         "totalResults": 29
      },
      {
         "severity": "Information",
         "totalRulesFlagged": 3,
         "totalResults": 7
      }
   ],
   "applications": [
      "/opt/IBM/WebSphere/AppServer/profiles/Dmgr01/config/cells/apwasdevCell01/applications/APHS-OTEAR.ear/APHS-OTEAR.ear"
   ],
   "rules": [
      {
         "ruleName": "Behavior change in month name formatting for some languages",
         "ruleId": "MonthFormattingNames",
         "severity": "Information",
         "category": "Java SE version migration / Java SE 8 compatibility impacts",
         "results": [
            {
               "fileName": "APHS-OTEAR.ear/APHS-OTEARWeb.war/WEB-INF/classes/com/Services/LogToFile.class",
               "details": [
                  {
                     "reference": "Method LogToDB",
                     "match": "java.text.SimpleDateFormat.format(*)",
                     "lineNumber": 203
                  },
                  {
                     "reference": "Method logUpdateInput",
                     "match": "java.text.SimpleDateFormat.format(*)",
                     "lineNumber": 159
                  },
                  {
                     "reference": "Method logUpdateInput",
                     "match": "java.text.SimpleDateFormat.format(*)",
                     "lineNumber": 177
                  }
               ]
            },
            {
               "fileName": "APHS-OTEAR.ear/APHS-OTEARWeb.war/WEB-INF/classes/com/common/TestServlet.class",
               "details": [
                  {
                     "reference": "Method doGet",
                     "match": "java.text.SimpleDateFormat.format(*)",
                     "lineNumber": 174
                  },
                  {
                     "reference": "Method doGet",
                     "match": "java.text.SimpleDateFormat.format(*)",
                     "lineNumber": 175
                  }
               ]
            }
         ]
      },
      {
         "ruleName": "Behavior change in rounding in NumberFormat and DecimalFormat format methods",
         "ruleId": "NumberFormatRounding",
         "severity": "Information",
         "category": "Java SE version migration / Java SE 8 compatibility impacts",
         "results": [
            {
               "fileName": "APHS-OTEAR.ear/APHS-OTEARWeb.war/WEB-INF/classes/com/common/TestServlet.class",
               "details": [
                  {
                     "reference": "Method doGet",
                     "match": "java.text.DecimalFormat.format(double)",
                     "lineNumber": 198
                  }
               ]
            }
         ]
      },
      {
         "ruleName": "Behavior change in the BigDecimal stripTrailingZeros method for a zero value",
         "ruleId": "BigDecimalStripTrailingZeros",
         "severity": "Information",
         "category": "Java SE version migration / Java SE 8 compatibility impacts",
         "results": [
            {
               "fileName": "APHS-OTEAR.ear/APHS-OTEARWeb.war/WEB-INF/lib/sqljdbc4.jar/microsoft/sql/DateTimeOffset.class",
               "details": [
                  {
                     "reference": "Method toString",
                     "match": "java.math.BigDecimal.stripTrailingZeros(*)",
                     "lineNumber": 127
                  }
               ]
            }
         ]
      },
      {
         "ruleName": "CDI scans for implicit beans when there is no beans.xml file",
         "ruleId": "MissingBeansFile",
         "severity": "Warning",
         "category": "Java EE 7 / CDI",
         "results": [
            {
               "fileName": "APHS-OTEAR.ear/APHS-OTEARWeb.war",
               "details": [
                  {
                     "reference": null,
                     "match": ".*(\\.war|\\.jar)",
                     "lineNumber": 0
                  }
               ]
            },
            {
               "fileName": "APHS-OTEAR.ear/APHS-OTEARWeb.war/WEB-INF/lib/commons-logging-1.2.jar",
               "details": [
                  {
                     "reference": null,
                     "match": ".*(\\.war|\\.jar)",
                     "lineNumber": 0
                  }
               ]
            },
            {
               "fileName": "APHS-OTEAR.ear/APHS-OTEARWeb.war/WEB-INF/lib/json-simple-1.1.1.jar",
               "details": [
                  {
                     "reference": null,
                     "match": ".*(\\.war|\\.jar)",
                     "lineNumber": 0
                  }
               ]
            },
            {
               "fileName": "APHS-OTEAR.ear/APHS-OTEARWeb.war/WEB-INF/lib/log4j-1.2-api-2.0.2.jar",
               "details": [
                  {
                     "reference": null,
                     "match": ".*(\\.war|\\.jar)",
                     "lineNumber": 0
                  }
               ]
            },
            {
               "fileName": "APHS-OTEAR.ear/APHS-OTEARWeb.war/WEB-INF/lib/log4j-api-2.0.2.jar",
               "details": [
                  {
                     "reference": null,
                     "match": ".*(\\.war|\\.jar)",
                     "lineNumber": 0
                  }
               ]
            },
            {
               "fileName": "APHS-OTEAR.ear/APHS-OTEARWeb.war/WEB-INF/lib/log4j-core-2.0.2.jar",
               "details": [
                  {
                     "reference": null,
                     "match": ".*(\\.war|\\.jar)",
                     "lineNumber": 0
                  }
               ]
            },
            {
               "fileName": "APHS-OTEAR.ear/APHS-OTEARWeb.war/WEB-INF/lib/mail-1.4.3.jar",
               "details": [
                  {
                     "reference": null,
                     "match": ".*(\\.war|\\.jar)",
                     "lineNumber": 0
                  }
               ]
            },
            {
               "fileName": "APHS-OTEAR.ear/APHS-OTEARWeb.war/WEB-INF/lib/org.json.jar",
               "details": [
                  {
                     "reference": null,
                     "match": ".*(\\.war|\\.jar)",
                     "lineNumber": 0
                  }
               ]
            },
            {
               "fileName": "APHS-OTEAR.ear/APHS-OTEARWeb.war/WEB-INF/lib/servlet-api.jar",
               "details": [
                  {
                     "reference": null,
                     "match": ".*(\\.war|\\.jar)",
                     "lineNumber": 0
                  }
               ]
            },
            {
               "fileName": "APHS-OTEAR.ear/APHS-OTEARWeb.war/WEB-INF/lib/sqljdbc4.jar",
               "details": [
                  {
                     "reference": null,
                     "match": ".*(\\.war|\\.jar)",
                     "lineNumber": 0
                  }
               ]
            }
         ]
      },
      {
         "ruleName": "Databases",
         "ruleId": "DatabasesSQLRule",
         "severity": "Warning",
         "category": "Technology connectivity considerations for IBM Cloud",
         "results": [
            {
               "fileName": "APHS-OTEAR.ear/APHS-OTEARWeb.war/WEB-INF/classes/com/Services/DBConnect.class",
               "details": [
                  {
                     "reference": "Constructor",
                     "match": "java.sql",
                     "lineNumber": 22
                  }
               ]
            },
            {
               "fileName": "APHS-OTEAR.ear/APHS-OTEARWeb.war/WEB-INF/lib/sqljdbc4.jar/microsoft/sql/DateTimeOffset$SerializationProxy.class",
               "details": [
                  {
                     "reference": "Method readResolve",
                     "match": "java.sql",
                     "lineNumber": 264
                  }
               ]
            }
         ]
      },
      {
         "ruleName": "Java EE security",
         "ruleId": "ApplicationSecurityRule",
         "severity": "Warning",
         "category": "Technology connectivity considerations for IBM Cloud",
         "results": [
            {
               "fileName": "APHS-OTEAR.ear/APHS-OTEARWeb.war/WEB-INF/classes/com/common/TestServlet.class",
               "details": [
                  {
                     "reference": "Method doGet",
                     "match": "javax.servlet.http.HttpServletRequest.getRemoteUser(*)",
                     "lineNumber": 93
                  }
               ]
            }
         ]
      },
      {
         "ruleName": "JavaMail server",
         "ruleId": "MailServerRule",
         "severity": "Warning",
         "category": "Technology connectivity considerations for IBM Cloud",
         "results": [
            {
               "fileName": "APHS-OTEAR.ear/APHS-OTEARWeb.war/WEB-INF/classes/com/Services/SendMail$SMTPAuthenticator.class",
               "details": [
                  {
                     "reference": "Constructor",
                     "match": "javax.mail",
                     "lineNumber": 134
                  }
               ]
            }
         ]
      },
      {
         "ruleName": "Validate the URL host and port for cloud access",
         "ruleId": "URLRuleDockerCloud",
         "severity": "Warning",
         "category": "Connectivity considerations for IBM Cloud (Docker and WebSphere in IBM Cloud)",
         "results": [
            {
               "fileName": "APHS-OTEAR.ear/APHS-OTEARWeb.war/WEB-INF/classes/com/common/Contractor_Info.class",
               "details": [
                  {
                     "reference": "Method doGet",
                     "match": "jdbc:sqlserver://172.25.30.117;user=sa;password=sa;database=",
                     "lineNumber": 79
                  }
               ]
            },
            {
               "fileName": "APHS-OTEAR.ear/APHS-OTEARWeb.war/WEB-INF/classes/com/common/CreateIncPay.class",
               "details": [
                  {
                     "reference": "Method doGet",
                     "match": "jdbc:sqlserver://172.25.111.98;user=sa;password=apsapb1db!;database=APHS_CONSOLE_LIVE",
                     "lineNumber": 184
                  }
               ]
            },
            {
               "fileName": "APHS-OTEAR.ear/APHS-OTEARWeb.war/WEB-INF/classes/com/common/CustomerValidation.class",
               "details": [
                  {
                     "reference": "Method doGet",
                     "match": "jdbc:sqlserver://172.25.30.117;user=sa;password=sa;database=",
                     "lineNumber": 124
                  },
                  {
                     "reference": "Method doGet",
                     "match": "jdbc:sqlserver://172.25.30.117;user=sa;password=sa;database=",
                     "lineNumber": 182
                  },
                  {
                     "reference": "Method doGet",
                     "match": "jdbc:sqlserver://172.25.30.117;user=sa;password=sa;database=",
                     "lineNumber": 218
                  },
                  {
                     "reference": "Method doGet",
                     "match": "jdbc:sqlserver://172.25.30.117;user=sa;password=sa;database=APHS_CONSOLE_LIVE",
                     "lineNumber": 75
                  },
                  {
                     "reference": "Method getAddress",
                     "match": "jdbc:sqlserver://172.25.30.117;user=sa;password=sa;database=",
                     "lineNumber": 346
                  }
               ]
            },
            {
               "fileName": "APHS-OTEAR.ear/APHS-OTEARWeb.war/WEB-INF/classes/com/common/DB_Name.class",
               "details": [
                  {
                     "reference": "Method getDBName",
                     "match": "jdbc:sqlserver://172.25.30.117;user=sa;password=sa;database=APHS_CONSOLE_LIVE",
                     "lineNumber": 15
                  }
               ]
            },
            {
               "fileName": "APHS-OTEAR.ear/APHS-OTEARWeb.war/WEB-INF/classes/com/common/Dealer_Info.class",
               "details": [
                  {
                     "reference": "Method doGet",
                     "match": "jdbc:sqlserver://172.25.30.117;user=sa;password=sa;database=",
                     "lineNumber": 79
                  }
               ]
            },
            {
               "fileName": "APHS-OTEAR.ear/APHS-OTEARWeb.war/WEB-INF/classes/com/common/MRS_SKU_Master_OP.class",
               "details": [
                  {
                     "reference": "Method doPost",
                     "match": "jdbc:sqlserver://172.25.30.173;user=aphsmcrm;password=aphsmcrm;database=SUP_CRM",
                     "lineNumber": 88
                  },
                  {
                     "reference": "Method doPost",
                     "match": "jdbc:sqlserver://172.25.30.173;user=aphsmcrm;password=aphsmcrm;database=SUP_CRM",
                     "lineNumber": 169
                  }
               ]
            },
            {
               "fileName": "APHS-OTEAR.ear/APHS-OTEARWeb.war/WEB-INF/classes/com/common/Unit_Info.class",
               "details": [
                  {
                     "reference": "Method doGet",
                     "match": "jdbc:sqlserver://172.25.30.117;user=sa;password=sa;database=APHS_CONSOLE_LIVE",
                     "lineNumber": 136
                  },
                  {
                     "reference": "Method getCity",
                     "match": "jdbc:sqlserver://172.25.30.117;user=sa;password=sa;database=",
                     "lineNumber": 232
                  }
               ]
            },
            {
               "fileName": "APHS-OTEAR.ear/APHS-OTEARWeb.war/WEB-INF/prop.properties",
               "details": [
                  {
                     "reference": null,
                     "match": "URL2=jdbc:sqlserver://172.25.30.173;user=aphsmcrm;password=aphsmcrm;database=",
                     "lineNumber": 0
                  },
                  {
                     "reference": null,
                     "match": "URL=jdbc:sqlserver://172.25.30.117;user=sa;password=sa;database=",
                     "lineNumber": 0
                  }
               ]
            }
         ]
      }
   ]
}