{
   "report": "analysis",
   "version": "1.2",
   "productVersion": "9.0",
   "productRelease": "19.0.0.2-TA1",
   "options": [
      "--sourceAppServer=was855",
      "--sourceJava=ibm7",
      "--sourceJavaEE=ee6",
      "--targetAppServer=liberty",
      "--targetJava=ibm8",
      "--targetCloud=dockerIBMCloud",
      "--excludePackages=com.ibm,com.informix,com.microsoft,com.sybase,com.sun,java,javax,net,oracle,org,sqlj,_ibmjsp"
   ],
   "totalRulesFlagged": 12,
   "filesAffected": 62,
   "totalResults": 193,
   "severitySummary": [
      {
         "severity": "Severe",
         "totalRulesFlagged": 1,
         "totalResults": 17
      },
      {
         "severity": "Warning",
         "totalRulesFlagged": 8,
         "totalResults": 106
      },
      {
         "severity": "Information",
         "totalRulesFlagged": 3,
         "totalResults": 70
      }
   ],
   "applications": [
      "/opt/IBM/WebSphere/AppServer/profiles/Dmgr01/config/cells/apwasdevCell01/applications/APHS-OTCEAR.ear/APHS-OTCEAR.ear"
   ],
   "rules": [
      {
         "ruleName": "Behavior change in java.lang.String and java.util.regex.Pattern split methods",
         "ruleId": "StringSplit",
         "severity": "Warning",
         "category": "Java SE version migration / Java SE 8 compatibility impacts",
         "results": [
            {
               "fileName": "APHS-OTCEAR.ear/APHS-OTC.war/WEB-INF/classes/com/apl/otc/search/dao/DBConnect.class",
               "details": [
                  {
                     "reference": "Method queryEmails",
                     "match": "java.lang.String.split(*)",
                     "lineNumber": 238
                  }
               ]
            },
            {
               "fileName": "APHS-OTCEAR.ear/APHS-OTC.war/WEB-INF/classes/com/apl/otc/search/dao/EmailDao.class",
               "details": [
                  {
                     "reference": "Method getEmailList",
                     "match": "java.lang.String.split(*)",
                     "lineNumber": 49
                  }
               ]
            }
         ]
      },
      {
         "ruleName": "Behavior change in month name formatting for some languages",
         "ruleId": "MonthFormattingNames",
         "severity": "Information",
         "category": "Java SE version migration / Java SE 8 compatibility impacts",
         "results": [
            {
               "fileName": "APHS-OTCEAR.ear/APHS-OTC.war/WEB-INF/classes/com/Services/LogToFile.class",
               "details": [
                  {
                     "reference": "Method LogToDB",
                     "match": "java.text.SimpleDateFormat.format(*)",
                     "lineNumber": 203
                  },
                  {
                     "reference": "Method logUpdateInput",
                     "match": "java.text.SimpleDateFormat.format(*)",
                     "lineNumber": 159
                  },
                  {
                     "reference": "Method logUpdateInput",
                     "match": "java.text.SimpleDateFormat.format(*)",
                     "lineNumber": 177
                  }
               ]
            },
            {
               "fileName": "APHS-OTCEAR.ear/APHS-OTC.war/WEB-INF/classes/com/common/GetCount.class",
               "details": [
                  {
                     "reference": "Method doGet",
                     "match": "java.text.SimpleDateFormat.format(*)",
                     "lineNumber": 192
                  },
                  {
                     "reference": "Method doGet",
                     "match": "java.text.SimpleDateFormat.format(*)",
                     "lineNumber": 193
                  },
                  {
                     "reference": "Method doGet",
                     "match": "java.text.SimpleDateFormat.format(*)",
                     "lineNumber": 212
                  },
                  {
                     "reference": "Method doGet",
                     "match": "java.text.SimpleDateFormat.format(*)",
                     "lineNumber": 213
                  },
                  {
                     "reference": "Method doGet",
                     "match": "java.text.SimpleDateFormat.format(*)",
                     "lineNumber": 230
                  },
                  {
                     "reference": "Method doGet",
                     "match": "java.text.SimpleDateFormat.format(*)",
                     "lineNumber": 231
                  },
                  {
                     "reference": "Method doGet",
                     "match": "java.text.SimpleDateFormat.format(*)",
                     "lineNumber": 248
                  },
                  {
                     "reference": "Method doGet",
                     "match": "java.text.SimpleDateFormat.format(*)",
                     "lineNumber": 249
                  }
               ]
            },
            {
               "fileName": "APHS-OTCEAR.ear/APHS-OTC.war/WEB-INF/classes/com/common/SITES_CLOSED.class",
               "details": [
                  {
                     "reference": "Method doGet",
                     "match": "java.text.SimpleDateFormat.format(*)",
                     "lineNumber": 77
                  },
                  {
                     "reference": "Method doGet",
                     "match": "java.text.SimpleDateFormat.format(*)",
                     "lineNumber": 78
                  },
                  {
                     "reference": "Method doGet",
                     "match": "java.text.SimpleDateFormat.format(*)",
                     "lineNumber": 79
                  },
                  {
                     "reference": "Method doGet",
                     "match": "java.text.SimpleDateFormat.format(*)",
                     "lineNumber": 80
                  },
                  {
                     "reference": "Method doGet",
                     "match": "java.text.SimpleDateFormat.format(*)",
                     "lineNumber": 81
                  }
               ]
            },
            {
               "fileName": "APHS-OTCEAR.ear/APHS-OTC.war/WEB-INF/classes/com/common/SITES_CREATED.class",
               "details": [
                  {
                     "reference": "Method doGet",
                     "match": "java.text.SimpleDateFormat.format(*)",
                     "lineNumber": 74
                  },
                  {
                     "reference": "Method doGet",
                     "match": "java.text.SimpleDateFormat.format(*)",
                     "lineNumber": 75
                  },
                  {
                     "reference": "Method doGet",
                     "match": "java.text.SimpleDateFormat.format(*)",
                     "lineNumber": 76
                  },
                  {
                     "reference": "Method doGet",
                     "match": "java.text.SimpleDateFormat.format(*)",
                     "lineNumber": 77
                  },
                  {
                     "reference": "Method doGet",
                     "match": "java.text.SimpleDateFormat.format(*)",
                     "lineNumber": 78
                  }
               ]
            },
            {
               "fileName": "APHS-OTCEAR.ear/APHS-OTC.war/WEB-INF/classes/com/common/SITE_CLOSED_ON_TIME.class",
               "details": [
                  {
                     "reference": "Method doGet",
                     "match": "java.text.SimpleDateFormat.format(*)",
                     "lineNumber": 185
                  },
                  {
                     "reference": "Method doGet",
                     "match": "java.text.SimpleDateFormat.format(*)",
                     "lineNumber": 186
                  }
               ]
            },
            {
               "fileName": "APHS-OTCEAR.ear/APHS-OTC.war/WEB-INF/classes/com/common/SITE_DELAYED_X_DAYS.class",
               "details": [
                  {
                     "reference": "Method doGet",
                     "match": "java.text.SimpleDateFormat.format(*)",
                     "lineNumber": 206
                  },
                  {
                     "reference": "Method doGet",
                     "match": "java.text.SimpleDateFormat.format(*)",
                     "lineNumber": 207
                  },
                  {
                     "reference": "Method doGet",
                     "match": "java.text.SimpleDateFormat.format(*)",
                     "lineNumber": 208
                  }
               ]
            },
            {
               "fileName": "APHS-OTCEAR.ear/APHS-OTC.war/WEB-INF/classes/com/common/SITE_NOT_CLOSED_ON_TIME.class",
               "details": [
                  {
                     "reference": "Method doGet",
                     "match": "java.text.SimpleDateFormat.format(*)",
                     "lineNumber": 185
                  },
                  {
                     "reference": "Method doGet",
                     "match": "java.text.SimpleDateFormat.format(*)",
                     "lineNumber": 186
                  }
               ]
            },
            {
               "fileName": "APHS-OTCEAR.ear/APHS-OTC.war/WEB-INF/classes/com/common/SITE_TO_CLOSE_X_DAYS.class",
               "details": [
                  {
                     "reference": "Method doGet",
                     "match": "java.text.SimpleDateFormat.format(*)",
                     "lineNumber": 196
                  }
               ]
            },
            {
               "fileName": "APHS-OTCEAR.ear/APHS-OTC.war/WEB-INF/classes/com/common/SO_CLOSED_ON_TIME.class",
               "details": [
                  {
                     "reference": "Method doGet",
                     "match": "java.text.SimpleDateFormat.format(*)",
                     "lineNumber": 188
                  },
                  {
                     "reference": "Method doGet",
                     "match": "java.text.SimpleDateFormat.format(*)",
                     "lineNumber": 189
                  }
               ]
            },
            {
               "fileName": "APHS-OTCEAR.ear/APHS-OTC.war/WEB-INF/classes/com/common/SO_CLOSE_TO_X_DAYS.class",
               "details": [
                  {
                     "reference": "Method doGet",
                     "match": "java.text.SimpleDateFormat.format(*)",
                     "lineNumber": 198
                  }
               ]
            },
            {
               "fileName": "APHS-OTCEAR.ear/APHS-OTC.war/WEB-INF/classes/com/common/SO_DELAYED_X_DAYS.class",
               "details": [
                  {
                     "reference": "Method doGet",
                     "match": "java.text.SimpleDateFormat.format(*)",
                     "lineNumber": 203
                  },
                  {
                     "reference": "Method doGet",
                     "match": "java.text.SimpleDateFormat.format(*)",
                     "lineNumber": 204
                  },
                  {
                     "reference": "Method doGet",
                     "match": "java.text.SimpleDateFormat.format(*)",
                     "lineNumber": 205
                  }
               ]
            },
            {
               "fileName": "APHS-OTCEAR.ear/APHS-OTC.war/WEB-INF/classes/com/common/SO_NOT_CLOSED_ON_TIME.class",
               "details": [
                  {
                     "reference": "Method doGet",
                     "match": "java.text.SimpleDateFormat.format(*)",
                     "lineNumber": 185
                  },
                  {
                     "reference": "Method doGet",
                     "match": "java.text.SimpleDateFormat.format(*)",
                     "lineNumber": 186
                  }
               ]
            },
            {
               "fileName": "APHS-OTCEAR.ear/APHS-OTC.war/WEB-INF/classes/com/common/SiteVisitReport.class",
               "details": [
                  {
                     "reference": "Method doGet",
                     "match": "java.text.SimpleDateFormat.format(*)",
                     "lineNumber": 63
                  },
                  {
                     "reference": "Method doGet",
                     "match": "java.text.SimpleDateFormat.format(*)",
                     "lineNumber": 64
                  }
               ]
            },
            {
               "fileName": "APHS-OTCEAR.ear/APHS-OTC.war/WEB-INF/classes/com/common/UpdateSOBREAKS.class",
               "details": [
                  {
                     "reference": "Method doPost",
                     "match": "java.text.SimpleDateFormat.format(*)",
                     "lineNumber": 199
                  },
                  {
                     "reference": "Method doPost",
                     "match": "java.text.SimpleDateFormat.format(*)",
                     "lineNumber": 203
                  },
                  {
                     "reference": "Method doPost",
                     "match": "java.text.SimpleDateFormat.format(*)",
                     "lineNumber": 213
                  },
                  {
                     "reference": "Method doPost",
                     "match": "java.text.SimpleDateFormat.format(*)",
                     "lineNumber": 217
                  },
                  {
                     "reference": "Method doPost",
                     "match": "java.text.SimpleDateFormat.format(*)",
                     "lineNumber": 335
                  },
                  {
                     "reference": "Method doPost",
                     "match": "java.text.SimpleDateFormat.format(*)",
                     "lineNumber": 338
                  },
                  {
                     "reference": "Method doPost",
                     "match": "java.text.SimpleDateFormat.format(*)",
                     "lineNumber": 340
                  },
                  {
                     "reference": "Method doPost",
                     "match": "java.text.SimpleDateFormat.format(*)",
                     "lineNumber": 348
                  },
                  {
                     "reference": "Method doPost",
                     "match": "java.text.SimpleDateFormat.format(*)",
                     "lineNumber": 349
                  },
                  {
                     "reference": "Method doPost",
                     "match": "java.text.SimpleDateFormat.format(*)",
                     "lineNumber": 413
                  },
                  {
                     "reference": "Method doPost",
                     "match": "java.text.SimpleDateFormat.format(*)",
                     "lineNumber": 428
                  }
               ]
            },
            {
               "fileName": "APHS-OTCEAR.ear/APHS-OTC.war/WEB-INF/classes/com/common/getDelayedCount.class",
               "details": [
                  {
                     "reference": "Method doPost",
                     "match": "java.text.SimpleDateFormat.format(*)",
                     "lineNumber": 302
                  },
                  {
                     "reference": "Method doPost",
                     "match": "java.text.SimpleDateFormat.format(*)",
                     "lineNumber": 303
                  },
                  {
                     "reference": "Method doPost",
                     "match": "java.text.SimpleDateFormat.format(*)",
                     "lineNumber": 304
                  },
                  {
                     "reference": "Method doPost",
                     "match": "java.text.SimpleDateFormat.format(*)",
                     "lineNumber": 323
                  },
                  {
                     "reference": "Method doPost",
                     "match": "java.text.SimpleDateFormat.format(*)",
                     "lineNumber": 324
                  },
                  {
                     "reference": "Method doPost",
                     "match": "java.text.SimpleDateFormat.format(*)",
                     "lineNumber": 325
                  }
               ]
            },
            {
               "fileName": "APHS-OTCEAR.ear/APHS-OTC.war/WEB-INF/classes/com/common/getToCloseCount.class",
               "details": [
                  {
                     "reference": "Method doPost",
                     "match": "java.text.SimpleDateFormat.format(*)",
                     "lineNumber": 298
                  },
                  {
                     "reference": "Method doPost",
                     "match": "java.text.SimpleDateFormat.format(*)",
                     "lineNumber": 318
                  }
               ]
            },
            {
               "fileName": "APHS-OTCEAR.ear/Test_APHS1.war/WEB-INF/classes/com/Services/LogToFile.class",
               "details": [
                  {
                     "reference": "Method LogToDB",
                     "match": "java.text.SimpleDateFormat.format(*)",
                     "lineNumber": 203
                  },
                  {
                     "reference": "Method logUpdateInput",
                     "match": "java.text.SimpleDateFormat.format(*)",
                     "lineNumber": 159
                  },
                  {
                     "reference": "Method logUpdateInput",
                     "match": "java.text.SimpleDateFormat.format(*)",
                     "lineNumber": 177
                  }
               ]
            }
         ]
      },
      {
         "ruleName": "Behavior change in rounding in NumberFormat and DecimalFormat format methods",
         "ruleId": "NumberFormatRounding",
         "severity": "Information",
         "category": "Java SE version migration / Java SE 8 compatibility impacts",
         "results": [
            {
               "fileName": "APHS-OTCEAR.ear/APHS-OTC.war/WEB-INF/classes/com/common/SITE_CLOSED_ON_TIME.class",
               "details": [
                  {
                     "reference": "Method doGet",
                     "match": "java.text.DecimalFormat.format(double)",
                     "lineNumber": 204
                  }
               ]
            },
            {
               "fileName": "APHS-OTCEAR.ear/APHS-OTC.war/WEB-INF/classes/com/common/SITE_DELAYED_X_DAYS.class",
               "details": [
                  {
                     "reference": "Method doGet",
                     "match": "java.text.DecimalFormat.format(double)",
                     "lineNumber": 228
                  }
               ]
            },
            {
               "fileName": "APHS-OTCEAR.ear/APHS-OTC.war/WEB-INF/classes/com/common/SITE_NOT_CLOSED_ON_TIME.class",
               "details": [
                  {
                     "reference": "Method doGet",
                     "match": "java.text.DecimalFormat.format(double)",
                     "lineNumber": 203
                  }
               ]
            },
            {
               "fileName": "APHS-OTCEAR.ear/APHS-OTC.war/WEB-INF/classes/com/common/SITE_TO_CLOSE_X_DAYS.class",
               "details": [
                  {
                     "reference": "Method doGet",
                     "match": "java.text.DecimalFormat.format(double)",
                     "lineNumber": 215
                  }
               ]
            },
            {
               "fileName": "APHS-OTCEAR.ear/APHS-OTC.war/WEB-INF/classes/com/common/SO_CLOSED_ON_TIME.class",
               "details": [
                  {
                     "reference": "Method doGet",
                     "match": "java.text.DecimalFormat.format(double)",
                     "lineNumber": 206
                  }
               ]
            },
            {
               "fileName": "APHS-OTCEAR.ear/APHS-OTC.war/WEB-INF/classes/com/common/SO_CLOSE_TO_X_DAYS.class",
               "details": [
                  {
                     "reference": "Method doGet",
                     "match": "java.text.DecimalFormat.format(double)",
                     "lineNumber": 218
                  }
               ]
            },
            {
               "fileName": "APHS-OTCEAR.ear/APHS-OTC.war/WEB-INF/classes/com/common/SO_DELAYED_X_DAYS.class",
               "details": [
                  {
                     "reference": "Method doGet",
                     "match": "java.text.DecimalFormat.format(double)",
                     "lineNumber": 225
                  }
               ]
            },
            {
               "fileName": "APHS-OTCEAR.ear/APHS-OTC.war/WEB-INF/classes/com/common/SO_NOT_CLOSED_ON_TIME.class",
               "details": [
                  {
                     "reference": "Method doGet",
                     "match": "java.text.DecimalFormat.format(double)",
                     "lineNumber": 203
                  }
               ]
            }
         ]
      },
      {
         "ruleName": "Behavior change in the BigDecimal stripTrailingZeros method for a zero value",
         "ruleId": "BigDecimalStripTrailingZeros",
         "severity": "Information",
         "category": "Java SE version migration / Java SE 8 compatibility impacts",
         "results": [
            {
               "fileName": "APHS-OTCEAR.ear/APHS-OTC.war/WEB-INF/lib/sqljdbc4.jar/microsoft/sql/DateTimeOffset.class",
               "details": [
                  {
                     "reference": "Method toString",
                     "match": "java.math.BigDecimal.stripTrailingZeros(*)",
                     "lineNumber": 127
                  }
               ]
            }
         ]
      },
      {
         "ruleName": "Databases",
         "ruleId": "DatabasesSQLRule",
         "severity": "Warning",
         "category": "Technology connectivity considerations for IBM Cloud",
         "results": [
            {
               "fileName": "APHS-OTCEAR.ear/APHS-OTC.war/WEB-INF/classes/com/Services/DBConnect.class",
               "details": [
                  {
                     "reference": "Constructor",
                     "match": "java.sql",
                     "lineNumber": 22
                  }
               ]
            },
            {
               "fileName": "APHS-OTCEAR.ear/APHS-OTC.war/WEB-INF/lib/sqljdbc4.jar/microsoft/sql/DateTimeOffset$SerializationProxy.class",
               "details": [
                  {
                     "reference": "Method readResolve",
                     "match": "java.sql",
                     "lineNumber": 264
                  }
               ]
            },
            {
               "fileName": "APHS-OTCEAR.ear/Test_APHS1.war/WEB-INF/classes/com/Services/DBConnect.class",
               "details": [
                  {
                     "reference": "Constructor",
                     "match": "java.sql",
                     "lineNumber": 22
                  }
               ]
            }
         ]
      },
      {
         "ruleName": "Handling application configuration in Docker containers",
         "ruleId": "DetectPropertiesFiles",
         "severity": "Warning",
         "category": "Docker (IBM Cloud Kubernetes Service)",
         "results": [
            {
               "fileName": "APHS-OTCEAR.ear/APHS-OTC.war/WEB-INF/Copy of prop.properties",
               "details": [
                  {
                     "reference": null,
                     "match": "(.*)?\\.properties",
                     "lineNumber": 0
                  }
               ]
            },
            {
               "fileName": "APHS-OTCEAR.ear/APHS-OTC.war/WEB-INF/classes/com/apl/otc/search/resources/CollectionsResource.class",
               "details": [
                  {
                     "reference": "Method getCollections",
                     "match": "java.util.Properties.load(*)",
                     "lineNumber": 95
                  }
               ]
            },
            {
               "fileName": "APHS-OTCEAR.ear/APHS-OTC.war/WEB-INF/classes/com/apl/otc/search/resources/CustomersResource.class",
               "details": [
                  {
                     "reference": "Method getBps",
                     "match": "java.util.Properties.load(*)",
                     "lineNumber": 90
                  }
               ]
            },
            {
               "fileName": "APHS-OTCEAR.ear/APHS-OTC.war/WEB-INF/classes/com/apl/otc/search/resources/SalesOrdersResource.class",
               "details": [
                  {
                     "reference": "Method getSODetails",
                     "match": "java.util.Properties.load(*)",
                     "lineNumber": 96
                  },
                  {
                     "reference": "Method getSODetails",
                     "match": "java.util.Properties.load(*)",
                     "lineNumber": 119
                  },
                  {
                     "reference": "Method getSODetails",
                     "match": "java.util.Properties.load(*)",
                     "lineNumber": 142
                  },
                  {
                     "reference": "Method getSODetailsByDate",
                     "match": "java.util.Properties.load(*)",
                     "lineNumber": 279
                  },
                  {
                     "reference": "Method getSODetailsByDate",
                     "match": "java.util.Properties.load(*)",
                     "lineNumber": 302
                  }
               ]
            },
            {
               "fileName": "APHS-OTCEAR.ear/APHS-OTC.war/WEB-INF/classes/com/common/LoadResources.class",
               "details": [
                  {
                     "reference": "Method setProperties",
                     "match": "java.util.Properties.load(*)",
                     "lineNumber": 27
                  }
               ]
            },
            {
               "fileName": "APHS-OTCEAR.ear/APHS-OTC.war/WEB-INF/lib/commons-logging-1.2.jar/META-INF/maven/commons-logging/commons-logging/pom.properties",
               "details": [
                  {
                     "reference": null,
                     "match": "(.*)?\\.properties",
                     "lineNumber": 0
                  }
               ]
            },
            {
               "fileName": "APHS-OTCEAR.ear/APHS-OTC.war/WEB-INF/lib/httpclient-4.4.1.jar/META-INF/maven/org.apache.httpcomponents/httpclient/pom.properties",
               "details": [
                  {
                     "reference": null,
                     "match": "(.*)?\\.properties",
                     "lineNumber": 0
                  }
               ]
            },
            {
               "fileName": "APHS-OTCEAR.ear/APHS-OTC.war/WEB-INF/lib/httpclient-4.4.1.jar/org/apache/http/client/version.properties",
               "details": [
                  {
                     "reference": null,
                     "match": "(.*)?\\.properties",
                     "lineNumber": 0
                  }
               ]
            },
            {
               "fileName": "APHS-OTCEAR.ear/APHS-OTC.war/WEB-INF/lib/httpcore-4.4.1.jar/META-INF/maven/org.apache.httpcomponents/httpcore/pom.properties",
               "details": [
                  {
                     "reference": null,
                     "match": "(.*)?\\.properties",
                     "lineNumber": 0
                  }
               ]
            },
            {
               "fileName": "APHS-OTCEAR.ear/APHS-OTC.war/WEB-INF/lib/httpcore-4.4.1.jar/org/apache/http/version.properties",
               "details": [
                  {
                     "reference": null,
                     "match": "(.*)?\\.properties",
                     "lineNumber": 0
                  }
               ]
            },
            {
               "fileName": "APHS-OTCEAR.ear/APHS-OTC.war/WEB-INF/lib/jersey-client-1.18.4.jar/META-INF/maven/com.sun.jersey/jersey-client/pom.properties",
               "details": [
                  {
                     "reference": null,
                     "match": "(.*)?\\.properties",
                     "lineNumber": 0
                  }
               ]
            },
            {
               "fileName": "APHS-OTCEAR.ear/APHS-OTC.war/WEB-INF/lib/jersey-core-1.18.4.jar/META-INF/maven/com.sun.jersey/jersey-core/pom.properties",
               "details": [
                  {
                     "reference": null,
                     "match": "(.*)?\\.properties",
                     "lineNumber": 0
                  }
               ]
            },
            {
               "fileName": "APHS-OTCEAR.ear/APHS-OTC.war/WEB-INF/lib/jersey-core-1.18.4.jar/com/sun/jersey/impl/api.properties",
               "details": [
                  {
                     "reference": null,
                     "match": "(.*)?\\.properties",
                     "lineNumber": 0
                  }
               ]
            },
            {
               "fileName": "APHS-OTCEAR.ear/APHS-OTC.war/WEB-INF/lib/jersey-core-1.18.4.jar/com/sun/jersey/impl/impl.properties",
               "details": [
                  {
                     "reference": null,
                     "match": "(.*)?\\.properties",
                     "lineNumber": 0
                  }
               ]
            },
            {
               "fileName": "APHS-OTCEAR.ear/APHS-OTC.war/WEB-INF/lib/jersey-core-1.18.4.jar/com/sun/jersey/impl/spi.properties",
               "details": [
                  {
                     "reference": null,
                     "match": "(.*)?\\.properties",
                     "lineNumber": 0
                  }
               ]
            },
            {
               "fileName": "APHS-OTCEAR.ear/APHS-OTC.war/WEB-INF/lib/jersey-json-1.18.4.jar/META-INF/maven/com.sun.jersey/jersey-json/pom.properties",
               "details": [
                  {
                     "reference": null,
                     "match": "(.*)?\\.properties",
                     "lineNumber": 0
                  }
               ]
            },
            {
               "fileName": "APHS-OTCEAR.ear/APHS-OTC.war/WEB-INF/lib/jersey-json-1.18.4.jar/com/sun/jersey/json/impl/impl.properties",
               "details": [
                  {
                     "reference": null,
                     "match": "(.*)?\\.properties",
                     "lineNumber": 0
                  }
               ]
            },
            {
               "fileName": "APHS-OTCEAR.ear/APHS-OTC.war/WEB-INF/lib/jersey-server-1.18.4.jar/META-INF/maven/com.sun.jersey/jersey-server/pom.properties",
               "details": [
                  {
                     "reference": null,
                     "match": "(.*)?\\.properties",
                     "lineNumber": 0
                  }
               ]
            },
            {
               "fileName": "APHS-OTCEAR.ear/APHS-OTC.war/WEB-INF/lib/jersey-server-1.18.4.jar/com/sun/jersey/server/impl/build.properties",
               "details": [
                  {
                     "reference": null,
                     "match": "(.*)?\\.properties",
                     "lineNumber": 0
                  }
               ]
            },
            {
               "fileName": "APHS-OTCEAR.ear/APHS-OTC.war/WEB-INF/lib/jersey-servlet-1.18.4.jar/META-INF/maven/com.sun.jersey/jersey-servlet/pom.properties",
               "details": [
                  {
                     "reference": null,
                     "match": "(.*)?\\.properties",
                     "lineNumber": 0
                  }
               ]
            },
            {
               "fileName": "APHS-OTCEAR.ear/APHS-OTC.war/WEB-INF/lib/jsr311-api-1.1.1.jar/META-INF/maven/javax.ws.rs/jsr311-api/pom.properties",
               "details": [
                  {
                     "reference": null,
                     "match": "(.*)?\\.properties",
                     "lineNumber": 0
                  }
               ]
            },
            {
               "fileName": "APHS-OTCEAR.ear/APHS-OTC.war/WEB-INF/lib/log4j-1.2-api-2.0.2.jar/META-INF/maven/org.apache.logging.log4j/log4j-1.2-api/pom.properties",
               "details": [
                  {
                     "reference": null,
                     "match": "(.*)?\\.properties",
                     "lineNumber": 0
                  }
               ]
            },
            {
               "fileName": "APHS-OTCEAR.ear/APHS-OTC.war/WEB-INF/lib/log4j-api-2.0.2.jar/META-INF/maven/org.apache.logging.log4j/log4j-api/pom.properties",
               "details": [
                  {
                     "reference": null,
                     "match": "(.*)?\\.properties",
                     "lineNumber": 0
                  }
               ]
            },
            {
               "fileName": "APHS-OTCEAR.ear/APHS-OTC.war/WEB-INF/lib/log4j-core-2.0.2.jar/META-INF/log4j-provider.properties",
               "details": [
                  {
                     "reference": null,
                     "match": "(.*)?\\.properties",
                     "lineNumber": 0
                  }
               ]
            },
            {
               "fileName": "APHS-OTCEAR.ear/APHS-OTC.war/WEB-INF/lib/log4j-core-2.0.2.jar/META-INF/maven/org.apache.logging.log4j/log4j-core/pom.properties",
               "details": [
                  {
                     "reference": null,
                     "match": "(.*)?\\.properties",
                     "lineNumber": 0
                  }
               ]
            },
            {
               "fileName": "APHS-OTCEAR.ear/APHS-OTC.war/WEB-INF/prop - Copy.properties",
               "details": [
                  {
                     "reference": null,
                     "match": "(.*)?\\.properties",
                     "lineNumber": 0
                  }
               ]
            },
            {
               "fileName": "APHS-OTCEAR.ear/APHS-OTC.war/WEB-INF/prop.properties",
               "details": [
                  {
                     "reference": null,
                     "match": "(.*)?\\.properties",
                     "lineNumber": 0
                  }
               ]
            },
            {
               "fileName": "APHS-OTCEAR.ear/Test_APHS1.war/WEB-INF/classes/com/common/LoadResources.class",
               "details": [
                  {
                     "reference": "Method setProperties",
                     "match": "java.util.Properties.load(*)",
                     "lineNumber": 27
                  }
               ]
            },
            {
               "fileName": "APHS-OTCEAR.ear/Test_APHS1.war/WEB-INF/prop.properties",
               "details": [
                  {
                     "reference": null,
                     "match": "(.*)?\\.properties",
                     "lineNumber": 0
                  }
               ]
            }
         ]
      },
      {
         "ruleName": "Java EE security",
         "ruleId": "ApplicationSecurityRule",
         "severity": "Warning",
         "category": "Technology connectivity considerations for IBM Cloud",
         "results": [
            {
               "fileName": "APHS-OTCEAR.ear/APHS-OTC.war/WEB-INF/classes/com/common/GetCount.class",
               "details": [
                  {
                     "reference": "Method doGet",
                     "match": "javax.servlet.http.HttpServletRequest.getRemoteUser(*)",
                     "lineNumber": 98
                  }
               ]
            }
         ]
      },
      {
         "ruleName": "JavaMail server",
         "ruleId": "MailServerRule",
         "severity": "Warning",
         "category": "Technology connectivity considerations for IBM Cloud",
         "results": [
            {
               "fileName": "APHS-OTCEAR.ear/APHS-OTC.war/WEB-INF/classes/com/Services/SendMail$SMTPAuthenticator.class",
               "details": [
                  {
                     "reference": "Constructor",
                     "match": "javax.mail",
                     "lineNumber": 134
                  }
               ]
            },
            {
               "fileName": "APHS-OTCEAR.ear/Test_APHS1.war/WEB-INF/classes/com/Services/SendMail$SMTPAuthenticator.class",
               "details": [
                  {
                     "reference": "Constructor",
                     "match": "javax.mail",
                     "lineNumber": 134
                  }
               ]
            }
         ]
      },
      {
         "ruleName": "Managing data inside and between Docker containers",
         "ruleId": "FileSystemRule",
         "severity": "Warning",
         "category": "Docker (IBM Cloud Kubernetes Service)",
         "results": [
            {
               "fileName": "APHS-OTCEAR.ear/APHS-OTC.war/WEB-INF/classes/com/Services/DBConnect.class",
               "details": [
                  {
                     "reference": "Method createDestinationDataFile",
                     "match": "java.io.FileOutputStream",
                     "lineNumber": 93
                  },
                  {
                     "reference": "Method createDestinationDataFile",
                     "match": "java.io.FileOutputStream",
                     "lineNumber": 95
                  },
                  {
                     "reference": "Method createDestinationDataFile",
                     "match": "java.io.FileOutputStream",
                     "lineNumber": 101
                  }
               ]
            },
            {
               "fileName": "APHS-OTCEAR.ear/APHS-OTC.war/WEB-INF/classes/com/Services/LogToFile.class",
               "details": [
                  {
                     "reference": "Method error",
                     "match": "java.io.FileWriter",
                     "lineNumber": 56
                  },
                  {
                     "reference": "Method error",
                     "match": "java.io.FileWriter",
                     "lineNumber": 60
                  },
                  {
                     "reference": "Method error",
                     "match": "java.io.FileWriter",
                     "lineNumber": 67
                  },
                  {
                     "reference": "Method info",
                     "match": "java.io.FileWriter",
                     "lineNumber": 87
                  },
                  {
                     "reference": "Method info",
                     "match": "java.io.FileWriter",
                     "lineNumber": 91
                  },
                  {
                     "reference": "Method info",
                     "match": "java.io.FileWriter",
                     "lineNumber": 99
                  },
                  {
                     "reference": "Method logUpdateInput",
                     "match": "java.io.FileOutputStream",
                     "lineNumber": 159
                  },
                  {
                     "reference": "Method logUpdateInput",
                     "match": "java.io.FileOutputStream",
                     "lineNumber": 169
                  },
                  {
                     "reference": "Method logUpdateInput",
                     "match": "java.io.FileOutputStream",
                     "lineNumber": 170
                  },
                  {
                     "reference": "Method logUpdateInput",
                     "match": "java.io.FileOutputStream",
                     "lineNumber": 176
                  },
                  {
                     "reference": "Method logUpdateInput",
                     "match": "java.io.FileOutputStream",
                     "lineNumber": 178
                  },
                  {
                     "reference": "Method logUpdateInput",
                     "match": "java.io.FileOutputStream",
                     "lineNumber": 179
                  },
                  {
                     "reference": "Method logUpdateInput",
                     "match": "java.io.FileOutputStream",
                     "lineNumber": 180
                  },
                  {
                     "reference": "Method logUpdateInput",
                     "match": "java.io.FileOutputStream",
                     "lineNumber": 186
                  }
               ]
            },
            {
               "fileName": "APHS-OTCEAR.ear/Test_APHS1.war/WEB-INF/classes/com/Services/DBConnect.class",
               "details": [
                  {
                     "reference": "Method createDestinationDataFile",
                     "match": "java.io.FileOutputStream",
                     "lineNumber": 93
                  },
                  {
                     "reference": "Method createDestinationDataFile",
                     "match": "java.io.FileOutputStream",
                     "lineNumber": 95
                  },
                  {
                     "reference": "Method createDestinationDataFile",
                     "match": "java.io.FileOutputStream",
                     "lineNumber": 101
                  }
               ]
            },
            {
               "fileName": "APHS-OTCEAR.ear/Test_APHS1.war/WEB-INF/classes/com/Services/LogToFile.class",
               "details": [
                  {
                     "reference": "Method error",
                     "match": "java.io.FileWriter",
                     "lineNumber": 56
                  },
                  {
                     "reference": "Method error",
                     "match": "java.io.FileWriter",
                     "lineNumber": 60
                  },
                  {
                     "reference": "Method error",
                     "match": "java.io.FileWriter",
                     "lineNumber": 67
                  },
                  {
                     "reference": "Method info",
                     "match": "java.io.FileWriter",
                     "lineNumber": 87
                  },
                  {
                     "reference": "Method info",
                     "match": "java.io.FileWriter",
                     "lineNumber": 91
                  },
                  {
                     "reference": "Method info",
                     "match": "java.io.FileWriter",
                     "lineNumber": 99
                  },
                  {
                     "reference": "Method logUpdateInput",
                     "match": "java.io.FileOutputStream",
                     "lineNumber": 159
                  },
                  {
                     "reference": "Method logUpdateInput",
                     "match": "java.io.FileOutputStream",
                     "lineNumber": 169
                  },
                  {
                     "reference": "Method logUpdateInput",
                     "match": "java.io.FileOutputStream",
                     "lineNumber": 170
                  },
                  {
                     "reference": "Method logUpdateInput",
                     "match": "java.io.FileOutputStream",
                     "lineNumber": 176
                  },
                  {
                     "reference": "Method logUpdateInput",
                     "match": "java.io.FileOutputStream",
                     "lineNumber": 178
                  },
                  {
                     "reference": "Method logUpdateInput",
                     "match": "java.io.FileOutputStream",
                     "lineNumber": 179
                  },
                  {
                     "reference": "Method logUpdateInput",
                     "match": "java.io.FileOutputStream",
                     "lineNumber": 180
                  },
                  {
                     "reference": "Method logUpdateInput",
                     "match": "java.io.FileOutputStream",
                     "lineNumber": 186
                  }
               ]
            }
         ]
      },
      {
         "ruleName": "Servlets are not allowed to access files in the META-INF or WEB-INF directory",
         "ruleId": "WebInfContentRule",
         "severity": "Warning",
         "category": "All application servers",
         "results": [
            {
               "fileName": "APHS-OTCEAR.ear/APHS-OTC.war/WEB-INF/mail.html",
               "details": [
                  {
                     "reference": null,
                     "match": ".*\\.war/(META-INF|WEB-INF)/(?!.*\\.jar).*\\.(html|htm|jsp|jpg|gif|png|tif|jspf|jspx|jsv|jsw)",
                     "lineNumber": 0
                  }
               ]
            },
            {
               "fileName": "APHS-OTCEAR.ear/Test_APHS1.war/WEB-INF/index.html",
               "details": [
                  {
                     "reference": null,
                     "match": ".*\\.war/(META-INF|WEB-INF)/(?!.*\\.jar).*\\.(html|htm|jsp|jpg|gif|png|tif|jspf|jspx|jsv|jsw)",
                     "lineNumber": 0
                  }
               ]
            }
         ]
      },
      {
         "ruleName": "The use of java.sql.Driver and java.sql.DriverManager interfaces requires configuration ",
         "ruleId": "SqlDriverRule",
         "severity": "Severe",
         "category": "WebSphere traditional to Liberty",
         "results": [
            {
               "fileName": "APHS-OTCEAR.ear/APHS-OTC.war/WEB-INF/classes/com/Services/DBConnect.class",
               "details": [
                  {
                     "reference": "Method Connect",
                     "match": "java.sql.DriverManager.getConnection(*)",
                     "lineNumber": 119
                  }
               ]
            },
            {
               "fileName": "APHS-OTCEAR.ear/APHS-OTC.war/WEB-INF/classes/com/apl/otc/search/dao/DBConnect.class",
               "details": [
                  {
                     "reference": "Method make_con",
                     "match": "java.sql.DriverManager.getConnection(*)",
                     "lineNumber": 22
                  }
               ]
            },
            {
               "fileName": "APHS-OTCEAR.ear/APHS-OTC.war/WEB-INF/classes/com/common/BreaksDetails.class",
               "details": [
                  {
                     "reference": "Method doGet",
                     "match": "java.sql.DriverManager.getConnection(*)",
                     "lineNumber": 123
                  },
                  {
                     "reference": "Method doGet",
                     "match": "java.sql.DriverManager.getConnection(*)",
                     "lineNumber": 155
                  },
                  {
                     "reference": "Method doGet",
                     "match": "java.sql.DriverManager.getConnection(*)",
                     "lineNumber": 185
                  },
                  {
                     "reference": "Method doGet",
                     "match": "java.sql.DriverManager.getConnection(*)",
                     "lineNumber": 211
                  },
                  {
                     "reference": "Method doGet",
                     "match": "java.sql.DriverManager.getConnection(*)",
                     "lineNumber": 243
                  }
               ]
            },
            {
               "fileName": "APHS-OTCEAR.ear/APHS-OTC.war/WEB-INF/classes/com/common/SITES_CLOSED.class",
               "details": [
                  {
                     "reference": "Method doGet",
                     "match": "java.sql.DriverManager.getConnection(*)",
                     "lineNumber": 97
                  },
                  {
                     "reference": "Method doGet",
                     "match": "java.sql.DriverManager.getConnection(*)",
                     "lineNumber": 130
                  }
               ]
            },
            {
               "fileName": "APHS-OTCEAR.ear/APHS-OTC.war/WEB-INF/classes/com/common/SITES_CREATED.class",
               "details": [
                  {
                     "reference": "Method doGet",
                     "match": "java.sql.DriverManager.getConnection(*)",
                     "lineNumber": 94
                  },
                  {
                     "reference": "Method doGet",
                     "match": "java.sql.DriverManager.getConnection(*)",
                     "lineNumber": 127
                  }
               ]
            },
            {
               "fileName": "APHS-OTCEAR.ear/APHS-OTC.war/WEB-INF/classes/com/common/SO_PEDetails.class",
               "details": [
                  {
                     "reference": "Method doGet",
                     "match": "java.sql.DriverManager.getConnection(*)",
                     "lineNumber": 105
                  },
                  {
                     "reference": "Method doGet",
                     "match": "java.sql.DriverManager.getConnection(*)",
                     "lineNumber": 140
                  },
                  {
                     "reference": "Method doGet",
                     "match": "java.sql.DriverManager.getConnection(*)",
                     "lineNumber": 183
                  }
               ]
            },
            {
               "fileName": "APHS-OTCEAR.ear/APHS-OTC.war/WEB-INF/classes/com/common/SiteVisitReport.class",
               "details": [
                  {
                     "reference": "Method doGet",
                     "match": "java.sql.DriverManager.getConnection(*)",
                     "lineNumber": 76
                  },
                  {
                     "reference": "Method doGet",
                     "match": "java.sql.DriverManager.getConnection(*)",
                     "lineNumber": 105
                  }
               ]
            },
            {
               "fileName": "APHS-OTCEAR.ear/Test_APHS1.war/WEB-INF/classes/com/Services/DBConnect.class",
               "details": [
                  {
                     "reference": "Method Connect",
                     "match": "java.sql.DriverManager.getConnection(*)",
                     "lineNumber": 119
                  }
               ]
            }
         ]
      },
      {
         "ruleName": "Validate the URL host and port for cloud access",
         "ruleId": "URLRuleDockerCloud",
         "severity": "Warning",
         "category": "Connectivity considerations for IBM Cloud (Docker and WebSphere in IBM Cloud)",
         "results": [
            {
               "fileName": "APHS-OTCEAR.ear/APHS-OTC.war/WEB-INF/Copy of prop.properties",
               "details": [
                  {
                     "reference": null,
                     "match": "URL2=jdbc:sqlserver://172.25.30.173;user=aphsmcrm;password=aphsmcrm;database=",
                     "lineNumber": 0
                  },
                  {
                     "reference": null,
                     "match": "URL=jdbc:sqlserver://172.25.30.117;user=sa;password=sa;database=",
                     "lineNumber": 0
                  }
               ]
            },
            {
               "fileName": "APHS-OTCEAR.ear/APHS-OTC.war/WEB-INF/classes/com/apl/otc/search/dao/CollectionDao.class",
               "details": [
                  {
                     "reference": "Method getCollectionList",
                     "match": "jdbc:sqlserver://172.25.30.117:1433;databaseName=",
                     "lineNumber": 77
                  },
                  {
                     "reference": "Method getDb",
                     "match": "jdbc:sqlserver://172.25.30.117:1433;databaseName=APHS_CONSOLE_LIVE",
                     "lineNumber": 26
                  }
               ]
            },
            {
               "fileName": "APHS-OTCEAR.ear/APHS-OTC.war/WEB-INF/classes/com/apl/otc/search/dao/CustomerDao.class",
               "details": [
                  {
                     "reference": "Method getCustomerList",
                     "match": "jdbc:sqlserver://172.25.30.117:1433;databaseName=",
                     "lineNumber": 97
                  },
                  {
                     "reference": "Method getDb",
                     "match": "jdbc:sqlserver://172.25.30.117:1433;databaseName=APHS_CONSOLE_LIVE",
                     "lineNumber": 46
                  }
               ]
            },
            {
               "fileName": "APHS-OTCEAR.ear/APHS-OTC.war/WEB-INF/classes/com/apl/otc/search/dao/EmailDao.class",
               "details": [
                  {
                     "reference": "Method getEmailList",
                     "match": "jdbc:sqlserver://172.25.30.173:1433;databaseName=",
                     "lineNumber": 29
                  }
               ]
            },
            {
               "fileName": "APHS-OTCEAR.ear/APHS-OTC.war/WEB-INF/classes/com/apl/otc/search/dao/SalesOrderDao.class",
               "details": [
                  {
                     "reference": "Method getDb",
                     "match": "jdbc:sqlserver://172.25.30.117:1433;databaseName=APHS_CONSOLE_LIVE",
                     "lineNumber": 25
                  },
                  {
                     "reference": "Method getSOList",
                     "match": "jdbc:sqlserver://172.25.30.117:1433;databaseName=",
                     "lineNumber": 76
                  },
                  {
                     "reference": "Method getSOListByDate",
                     "match": "jdbc:sqlserver://172.25.30.117:1433;databaseName=",
                     "lineNumber": 130
                  }
               ]
            },
            {
               "fileName": "APHS-OTCEAR.ear/APHS-OTC.war/WEB-INF/classes/com/common/BreaksDetails.class",
               "details": [
                  {
                     "reference": "Method doGet",
                     "match": "jdbc:sqlserver://172.25.30.117;user=sa;password=sa;database=",
                     "lineNumber": 149
                  },
                  {
                     "reference": "Method doGet",
                     "match": "jdbc:sqlserver://172.25.30.117;user=sa;password=sa;database=",
                     "lineNumber": 179
                  },
                  {
                     "reference": "Method doGet",
                     "match": "jdbc:sqlserver://172.25.30.117;user=sa;password=sa;database=APHS_CONSOLE_LIVE",
                     "lineNumber": 117
                  }
               ]
            },
            {
               "fileName": "APHS-OTCEAR.ear/APHS-OTC.war/WEB-INF/classes/com/common/SITES_CLOSED.class",
               "details": [
                  {
                     "reference": "Method doGet",
                     "match": "jdbc:sqlserver://172.25.30.117;user=sa;password=sa;database=APHS_CONSOLE_LIVE",
                     "lineNumber": 93
                  },
                  {
                     "reference": "Method doGet",
                     "match": "jdbc:sqlserver://172.25.30.117;user=sa;password=sa;database=APHS_CONSOLE_LIVE",
                     "lineNumber": 123
                  }
               ]
            },
            {
               "fileName": "APHS-OTCEAR.ear/APHS-OTC.war/WEB-INF/classes/com/common/SITES_CREATED.class",
               "details": [
                  {
                     "reference": "Method doGet",
                     "match": "jdbc:sqlserver://172.25.30.117;user=sa;password=sa;database=APHS_CONSOLE_LIVE",
                     "lineNumber": 90
                  },
                  {
                     "reference": "Method doGet",
                     "match": "jdbc:sqlserver://172.25.30.117;user=sa;password=sa;database=APHS_CONSOLE_LIVE",
                     "lineNumber": 120
                  }
               ]
            },
            {
               "fileName": "APHS-OTCEAR.ear/APHS-OTC.war/WEB-INF/classes/com/common/SO_PEDetails.class",
               "details": [
                  {
                     "reference": "Method doGet",
                     "match": "jdbc:sqlserver://172.25.30.117;user=sa;password=sa;database=",
                     "lineNumber": 134
                  },
                  {
                     "reference": "Method doGet",
                     "match": "jdbc:sqlserver://172.25.30.117;user=sa;password=sa;database=",
                     "lineNumber": 177
                  },
                  {
                     "reference": "Method doGet",
                     "match": "jdbc:sqlserver://172.25.30.117;user=sa;password=sa;database=APHS_CONSOLE_LIVE",
                     "lineNumber": 99
                  }
               ]
            },
            {
               "fileName": "APHS-OTCEAR.ear/APHS-OTC.war/WEB-INF/classes/com/common/SiteVisitReport.class",
               "details": [
                  {
                     "reference": "Method doGet",
                     "match": "jdbc:sqlserver://172.25.30.117;user=sa;password=sa;database=APHS_CONSOLE_LIVE",
                     "lineNumber": 72
                  },
                  {
                     "reference": "Method doGet",
                     "match": "jdbc:sqlserver://172.25.30.117;user=sa;password=sa;database=APHS_CONSOLE_LIVE",
                     "lineNumber": 98
                  }
               ]
            },
            {
               "fileName": "APHS-OTCEAR.ear/APHS-OTC.war/WEB-INF/classes/com/common/UserInfoWrapper.class",
               "details": [
                  {
                     "reference": "Method doGet",
                     "match": "http://172.25.30.141:8080/aphs-otc-integration-server/RequestGateway",
                     "lineNumber": 42
                  }
               ]
            },
            {
               "fileName": "APHS-OTCEAR.ear/APHS-OTC.war/WEB-INF/prop - Copy.properties",
               "details": [
                  {
                     "reference": null,
                     "match": "URL2=jdbc:sqlserver://172.25.30.173;user=aphsmcrm;password=aphsmcrm;database=",
                     "lineNumber": 0
                  },
                  {
                     "reference": null,
                     "match": "URL=jdbc:sqlserver://172.25.30.117;user=sa;password=sa;database=",
                     "lineNumber": 0
                  }
               ]
            },
            {
               "fileName": "APHS-OTCEAR.ear/APHS-OTC.war/WEB-INF/prop.properties",
               "details": [
                  {
                     "reference": null,
                     "match": "URL2=jdbc:sqlserver://172.25.30.173;user=aphsmcrm;password=aphsmcrm;database=",
                     "lineNumber": 0
                  },
                  {
                     "reference": null,
                     "match": "URL=jdbc:sqlserver://172.25.30.117;user=sa;password=sa;database=",
                     "lineNumber": 0
                  }
               ]
            },
            {
               "fileName": "APHS-OTCEAR.ear/Test_APHS1.war/WEB-INF/prop.properties",
               "details": [
                  {
                     "reference": null,
                     "match": "URL2=jdbc:sqlserver://172.25.30.173;user=aphsmcrm;password=aphsmcrm;database=",
                     "lineNumber": 0
                  },
                  {
                     "reference": null,
                     "match": "URL=jdbc:sqlserver://172.25.30.117;user=sa;password=sa;database=",
                     "lineNumber": 0
                  }
               ]
            }
         ]
      }
   ]
}