{
   "report": "inventory",
   "version": "2.4",
   "productVersion": "9.0",
   "productRelease": "19.0.0.2-TA1",
   "options": [
      "--excludePackages=com.ibm,com.informix,com.microsoft,com.sybase,com.sun,java,javax,net,oracle,org,sqlj,_ibmjsp"
   ],
   "applications": [
      "/opt/IBM/WebSphere/AppServer/profiles/Dmgr01/config/cells/apwasdevCell01/applications/APHS-UH-OTCEAR.ear/APHS-UH-OTCEAR.ear"
   ],
   "sharedLibraries": [
   ],
   "archives": {
      "ears": 1,
      "wars": 1,
      "rars": 0,
      "ejbs": 0,
      "webFragments": 0,
      "utilityJars": 15,
      "appClients": 0
   },
   "summary": {
      "servlets": 11,
      "jsps": 0,
      "jpaEntities": 0,
      "bmpEntityBeans": 0,
      "cmpEntityBeans": 0,
      "messageDrivenBeans": 0,
      "singletonSessionBeans": 0,
      "statefulSessionBeans": 0,
      "statelessSessionBeans": 0,
      "jaxrpcConsumers": 0,
      "jaxrpcProviders": 0,
      "jaxrsConsumers": 0,
      "jaxrsProviders": 40,
      "jaxwsConsumers": 0,
      "jaxwsProviders": 0
   },
   "archiveInventory": [
      {
         "archiveName": "/opt/IBM/WebSphere/AppServer/profiles/Dmgr01/config/cells/apwasdevCell01/applications/APHS-UH-OTCEAR.ear/APHS-UH-OTCEAR.ear",
         "moduleType": "Enterprise archive",
         "moduleVersion": null,
         "metadataComplete": null,
         "moduleSize": 4481439,
         "archives": {
            "wars": 1,
            "rars": 0,
            "ejbs": 0,
            "utilityJars": 15,
            "appClients": 0
         },
         "summary": {
            "servlets": 11,
            "jsps": 0,
            "jpaEntities": 0,
            "bmpEntityBeans": 0,
            "cmpEntityBeans": 0,
            "messageDrivenBeans": 0,
            "singletonSessionBeans": 0,
            "statefulSessionBeans": 0,
            "statelessSessionBeans": 0,
            "jaxrpcConsumers": 0,
            "jaxrpcProviders": 0,
            "jaxrsConsumers": 0,
            "jaxrsProviders": 40,
            "jaxwsConsumers": 0,
            "jaxwsProviders": 0
         },
         "potentialDeploymentProblemsSummary": {
            "archivesContainingDuplicateClasses": 2,
            "archivesContainingJavaEEorSEClasses": 2,
            "archivesContainingConflictingOpenSourceSoftwareClasses": 4,
            "archivesContainingWebSphereClasses": 0,
            "archivesNotReferencedInTheApplication": 10,
            "archivesWithMissingDependenciesInTheApplication": 8,
            "classesWithSystemLevelJVMConfiguration": 0,
            "sharedLibrariesReferencingApplicationClasses": 0
         },
         "potentialDeploymentProblemsDetails": [
            {
               "duplicateClassesWithinClassLoader": [
                  {
                     "conflictingPackages": [
                        "javax.ws.rs",
                        "javax.ws.rs.core",
                        "javax.ws.rs.ext"
                     ],
                     "packageLocation": [
                        "APHS-UH-OTC.war/WEB-INF/lib/jersey-core-1.18.4.jar",
                        "APHS-UH-OTC.war/WEB-INF/lib/jsr311-api-1.1.1.jar"
                     ]
                  }
               ]
            },
            {
               "duplicateClassesAcrossApplication": [
               ]
            },
            {
               "javaEEandSEClasses": [
                  {
                     "conflictingPackages": [
                        "javax.ws.rs",
                        "javax.ws.rs.core",
                        "javax.ws.rs.ext"
                     ],
                     "packageLocation": [
                        "APHS-UH-OTC.war/WEB-INF/lib/jersey-core-1.18.4.jar",
                        "APHS-UH-OTC.war/WEB-INF/lib/jsr311-api-1.1.1.jar"
                     ]
                  }
               ]
            },
            {
               "duplicateWebSphereClasses": [
               ]
            },
            {
               "openSourceSoftwareClasses": [
                  {
                     "conflictingPackages": [
                        "org.apache.commons.logging",
                        "org.apache.commons.logging.impl"
                     ],
                     "packageLocation": [
                        "APHS-UH-OTC.war/WEB-INF/lib/commons-logging-1.2.jar"
                     ],
                     "appliesTo": [
                        "V8.5.5",
                        "V9.0"
                     ]
                  },
                  {
                     "conflictingPackages": [
                        "org.apache.http",
                        "org.apache.http.annotation",
                        "org.apache.http.concurrent",
                        "org.apache.http.config",
                        "org.apache.http.entity",
                        "org.apache.http.impl",
                        "org.apache.http.impl.bootstrap",
                        "org.apache.http.impl.entity",
                        "org.apache.http.impl.io",
                        "org.apache.http.impl.pool",
                        "org.apache.http.io",
                        "org.apache.http.message",
                        "org.apache.http.params",
                        "org.apache.http.pool",
                        "org.apache.http.protocol",
                        "org.apache.http.ssl",
                        "org.apache.http.util"
                     ],
                     "packageLocation": [
                        "APHS-UH-OTC.war/WEB-INF/lib/httpcore-4.4.1.jar"
                     ],
                     "appliesTo": [
                        "V8.5.5"
                     ]
                  },
                  {
                     "conflictingPackages": [
                        "org.apache.http.auth",
                        "org.apache.http.auth.params",
                        "org.apache.http.client",
                        "org.apache.http.client.config",
                        "org.apache.http.client.entity",
                        "org.apache.http.client.methods",
                        "org.apache.http.client.params",
                        "org.apache.http.client.protocol",
                        "org.apache.http.client.utils",
                        "org.apache.http.conn",
                        "org.apache.http.conn.params",
                        "org.apache.http.conn.routing",
                        "org.apache.http.conn.scheme",
                        "org.apache.http.conn.socket",
                        "org.apache.http.conn.ssl",
                        "org.apache.http.conn.util",
                        "org.apache.http.cookie",
                        "org.apache.http.cookie.params",
                        "org.apache.http.impl.auth",
                        "org.apache.http.impl.client",
                        "org.apache.http.impl.conn",
                        "org.apache.http.impl.conn.tsccm",
                        "org.apache.http.impl.cookie",
                        "org.apache.http.impl.execchain"
                     ],
                     "packageLocation": [
                        "APHS-UH-OTC.war/WEB-INF/lib/httpclient-4.4.1.jar"
                     ],
                     "appliesTo": [
                        "V8.5.5"
                     ]
                  },
                  {
                     "conflictingPackages": [
                        "org.objectweb.asm",
                        "org.objectweb.asm.signature"
                     ],
                     "packageLocation": [
                        "APHS-UH-OTC.war/WEB-INF/lib/asm-3.1.jar"
                     ],
                     "appliesTo": [
                        "V9.0",
                        "Liberty"
                     ]
                  }
               ]
            },
            {
               "archivesNotReferenced": [
                  {
                     "archive": "APHS-UH-OTC.war/WEB-INF/lib/asm-3.1.jar",
                     "referencedBy": ""
                  },
                  {
                     "archive": "APHS-UH-OTC.war/WEB-INF/lib/commons-logging-1.2.jar",
                     "referencedBy": "APHS-UH-OTC.war/WEB-INF/lib/httpclient-4.4.1.jar"
                  },
                  {
                     "archive": "APHS-UH-OTC.war/WEB-INF/lib/httpclient-4.4.1.jar",
                     "referencedBy": ""
                  },
                  {
                     "archive": "APHS-UH-OTC.war/WEB-INF/lib/httpcore-4.4.1.jar",
                     "referencedBy": "APHS-UH-OTC.war/WEB-INF/lib/httpclient-4.4.1.jar"
                  },
                  {
                     "archive": "APHS-UH-OTC.war/WEB-INF/lib/jersey-client-1.18.4.jar",
                     "referencedBy": ""
                  },
                  {
                     "archive": "APHS-UH-OTC.war/WEB-INF/lib/jersey-json-1.18.4.jar",
                     "referencedBy": ""
                  },
                  {
                     "archive": "APHS-UH-OTC.war/WEB-INF/lib/jersey-server-1.18.4.jar",
                     "referencedBy": "APHS-UH-OTC.war/WEB-INF/lib/jersey-servlet-1.18.4.jar"
                  },
                  {
                     "archive": "APHS-UH-OTC.war/WEB-INF/lib/jersey-servlet-1.18.4.jar",
                     "referencedBy": ""
                  },
                  {
                     "archive": "APHS-UH-OTC.war/WEB-INF/lib/log4j-1.2-api-2.0.2.jar",
                     "referencedBy": "APHS-UH-OTC.war/WEB-INF/lib/commons-logging-1.2.jar"
                  },
                  {
                     "archive": "APHS-UH-OTC.war/WEB-INF/lib/sqljdbc4.jar",
                     "referencedBy": ""
                  }
               ]
            },
            {
               "missingDependencies": [
                  {
                     "missingDependencies": [
                        "com.fasterxml.jackson.annotation",
                        "com.fasterxml.jackson.core",
                        "com.fasterxml.jackson.core.type",
                        "com.fasterxml.jackson.core.util",
                        "com.fasterxml.jackson.databind",
                        "com.fasterxml.jackson.databind.annotation",
                        "com.fasterxml.jackson.databind.deser.std",
                        "com.fasterxml.jackson.databind.module",
                        "com.fasterxml.jackson.databind.node",
                        "com.fasterxml.jackson.databind.ser",
                        "com.fasterxml.jackson.databind.ser.impl",
                        "com.fasterxml.jackson.databind.ser.std",
                        "com.fasterxml.jackson.dataformat.xml",
                        "com.fasterxml.jackson.dataformat.xml.annotation",
                        "com.fasterxml.jackson.dataformat.xml.util",
                        "com.fasterxml.jackson.dataformat.yaml",
                        "com.lmax.disruptor",
                        "com.lmax.disruptor.dsl",
                        "com.lmax.disruptor.util"
                     ],
                     "archive": [
                        "APHS-UH-OTC.war/WEB-INF/lib/log4j-core-2.0.2.jar"
                     ]
                  },
                  {
                     "missingDependencies": [
                        "com.sun.net.httpserver"
                     ],
                     "archive": [
                        "APHS-UH-OTC.war/WEB-INF/lib/jersey-server-1.18.4.jar"
                     ]
                  },
                  {
                     "missingDependencies": [
                        "com.sun.xml.bind.v2.model.core",
                        "com.sun.xml.bind.v2.model.runtime",
                        "com.sun.xml.bind.v2.runtime",
                        "com.sun.xml.bind.v2.runtime.property",
                        "com.sun.xml.bind.v2.runtime.unmarshaller",
                        "org.codehaus.jackson",
                        "org.codehaus.jackson.jaxrs",
                        "org.codehaus.jackson.map",
                        "org.codehaus.jackson.type",
                        "org.codehaus.jettison.badgerfish",
                        "org.codehaus.jettison.json",
                        "org.codehaus.jettison.mapped",
                        "org.eclipse.persistence.descriptors",
                        "org.eclipse.persistence.internal.descriptors",
                        "org.eclipse.persistence.internal.oxm",
                        "org.eclipse.persistence.internal.queries",
                        "org.eclipse.persistence.jaxb",
                        "org.eclipse.persistence.mappings",
                        "org.eclipse.persistence.mappings.converters",
                        "org.eclipse.persistence.mappings.foundation",
                        "org.eclipse.persistence.oxm",
                        "org.eclipse.persistence.oxm.mappings",
                        "org.eclipse.persistence.sessions"
                     ],
                     "archive": [
                        "APHS-UH-OTC.war/WEB-INF/lib/jersey-json-1.18.4.jar"
                     ]
                  },
                  {
                     "missingDependencies": [
                        "org.apache.avalon.framework.logger",
                        "org.apache.log"
                     ],
                     "archive": [
                        "APHS-UH-OTC.war/WEB-INF/lib/commons-logging-1.2.jar"
                     ]
                  },
                  {
                     "missingDependencies": [
                        "org.apache.commons.codec.binary"
                     ],
                     "archive": [
                        "APHS-UH-OTC.war/WEB-INF/lib/httpclient-4.4.1.jar"
                     ]
                  },
                  {
                     "missingDependencies": [
                        "org.ietf.jgss"
                     ],
                     "archive": [
                        "APHS-UH-OTC.war/WEB-INF/lib/sqljdbc4.jar",
                        "APHS-UH-OTC.war/WEB-INF/lib/httpclient-4.4.1.jar"
                     ]
                  },
                  {
                     "missingDependencies": [
                        "org.osgi.framework"
                     ],
                     "archive": [
                        "APHS-UH-OTC.war/WEB-INF/lib/log4j-api-2.0.2.jar",
                        "APHS-UH-OTC.war/WEB-INF/lib/jersey-core-1.18.4.jar",
                        "APHS-UH-OTC.war/WEB-INF/lib/log4j-core-2.0.2.jar"
                     ]
                  },
                  {
                     "missingDependencies": [
                        "org.osgi.framework.wiring"
                     ],
                     "archive": [
                        "APHS-UH-OTC.war/WEB-INF/lib/log4j-api-2.0.2.jar",
                        "APHS-UH-OTC.war/WEB-INF/lib/log4j-core-2.0.2.jar"
                     ]
                  }
               ]
            },
            {
               "classesWithSystemLevelJVMConfiguration": [
               ]
            },
            {
               "sharedLibraryDependencies": [
               ]
            }
         ],
         "performanceConsiderations": {
            "archivesThatAreCandidatesForMetadataCompleteTrueAttribute": [
            ],
            "webModulesWithExcessiveClassFiles": [
            ],
            "webModulesWithExcessiveStaticResources": [
            ]
         },
         "containedArchiveInventory": [
            {
               "archiveName": "/opt/IBM/WebSphere/AppServer/profiles/Dmgr01/config/cells/apwasdevCell01/applications/APHS-UH-OTCEAR.ear/APHS-UH-OTCEAR.ear/APHS-UH-OTC.war",
               "moduleType": "Web module",
               "moduleVersion": "3.0",
               "metadataComplete": "true",
               "archives": {
                  "ejbs": 0,
                  "webFragments": 0,
                  "utilityJars": 15
               },
               "summary": {
                  "servlets": 11,
                  "jsps": 0,
                  "jpaEntities": 0,
                  "bmpEntityBeans": 0,
                  "cmpEntityBeans": 0,
                  "messageDrivenBeans": 0,
                  "singletonSessionBeans": 0,
                  "statefulSessionBeans": 0,
                  "statelessSessionBeans": 0,
                  "jaxrpcConsumers": 0,
                  "jaxrpcProviders": 0,
                  "jaxrsConsumers": 0,
                  "jaxrsProviders": 40,
                  "jaxwsConsumers": 0,
                  "jaxwsProviders": 0
               },
               "containedArchiveInventory": [
                  {
                     "archiveName": "/opt/IBM/WebSphere/AppServer/profiles/Dmgr01/config/cells/apwasdevCell01/applications/APHS-UH-OTCEAR.ear/APHS-UH-OTCEAR.ear/APHS-UH-OTC.war/WEB-INF/lib/asm-3.1.jar",
                     "moduleType": "Utility JAR",
                     "containedPackages": [
                        "org.objectweb.asm"
                     ]
                  },
                  {
                     "archiveName": "/opt/IBM/WebSphere/AppServer/profiles/Dmgr01/config/cells/apwasdevCell01/applications/APHS-UH-OTCEAR.ear/APHS-UH-OTCEAR.ear/APHS-UH-OTC.war/WEB-INF/lib/commons-logging-1.2.jar",
                     "moduleType": "Utility JAR",
                     "containedPackages": [
                        "org.apache.commons"
                     ]
                  },
                  {
                     "archiveName": "/opt/IBM/WebSphere/AppServer/profiles/Dmgr01/config/cells/apwasdevCell01/applications/APHS-UH-OTCEAR.ear/APHS-UH-OTCEAR.ear/APHS-UH-OTC.war/WEB-INF/lib/httpclient-4.4.1.jar",
                     "moduleType": "Utility JAR",
                     "containedPackages": [
                        "org.apache.http"
                     ]
                  },
                  {
                     "archiveName": "/opt/IBM/WebSphere/AppServer/profiles/Dmgr01/config/cells/apwasdevCell01/applications/APHS-UH-OTCEAR.ear/APHS-UH-OTCEAR.ear/APHS-UH-OTC.war/WEB-INF/lib/httpcore-4.4.1.jar",
                     "moduleType": "Utility JAR",
                     "containedPackages": [
                        "org.apache.http"
                     ]
                  },
                  {
                     "archiveName": "/opt/IBM/WebSphere/AppServer/profiles/Dmgr01/config/cells/apwasdevCell01/applications/APHS-UH-OTCEAR.ear/APHS-UH-OTCEAR.ear/APHS-UH-OTC.war/WEB-INF/lib/jersey-client-1.18.4.jar",
                     "moduleType": "Utility JAR",
                     "containedPackages": [
                        "com.sun.jersey",
                        "com.sun.ws"
                     ]
                  },
                  {
                     "archiveName": "/opt/IBM/WebSphere/AppServer/profiles/Dmgr01/config/cells/apwasdevCell01/applications/APHS-UH-OTCEAR.ear/APHS-UH-OTCEAR.ear/APHS-UH-OTC.war/WEB-INF/lib/jersey-core-1.18.4.jar",
                     "moduleType": "Utility JAR",
                     "containedPackages": [
                        "com.sun.jersey",
                        "javax.ws.rs"
                     ]
                  },
                  {
                     "archiveName": "/opt/IBM/WebSphere/AppServer/profiles/Dmgr01/config/cells/apwasdevCell01/applications/APHS-UH-OTCEAR.ear/APHS-UH-OTCEAR.ear/APHS-UH-OTC.war/WEB-INF/lib/jersey-json-1.18.4.jar",
                     "moduleType": "Utility JAR",
                     "containedPackages": [
                        "com.sun.jersey"
                     ]
                  },
                  {
                     "archiveName": "/opt/IBM/WebSphere/AppServer/profiles/Dmgr01/config/cells/apwasdevCell01/applications/APHS-UH-OTCEAR.ear/APHS-UH-OTCEAR.ear/APHS-UH-OTC.war/WEB-INF/lib/jersey-server-1.18.4.jar",
                     "moduleType": "Utility JAR",
                     "containedPackages": [
                        "com.sun.jersey",
                        "com.sun.research",
                        "jersey.repackaged.org"
                     ]
                  },
                  {
                     "archiveName": "/opt/IBM/WebSphere/AppServer/profiles/Dmgr01/config/cells/apwasdevCell01/applications/APHS-UH-OTCEAR.ear/APHS-UH-OTCEAR.ear/APHS-UH-OTC.war/WEB-INF/lib/jersey-servlet-1.18.4.jar",
                     "moduleType": "Utility JAR",
                     "containedPackages": [
                        "com.sun.jersey"
                     ]
                  },
                  {
                     "archiveName": "/opt/IBM/WebSphere/AppServer/profiles/Dmgr01/config/cells/apwasdevCell01/applications/APHS-UH-OTCEAR.ear/APHS-UH-OTCEAR.ear/APHS-UH-OTC.war/WEB-INF/lib/jsr311-api-1.1.1.jar",
                     "moduleType": "Utility JAR",
                     "containedPackages": [
                        "javax.ws.rs"
                     ]
                  },
                  {
                     "archiveName": "/opt/IBM/WebSphere/AppServer/profiles/Dmgr01/config/cells/apwasdevCell01/applications/APHS-UH-OTCEAR.ear/APHS-UH-OTCEAR.ear/APHS-UH-OTC.war/WEB-INF/lib/log4j-1.2-api-2.0.2.jar",
                     "moduleType": "Utility JAR",
                     "containedPackages": [
                        "org.apache.log4j"
                     ]
                  },
                  {
                     "archiveName": "/opt/IBM/WebSphere/AppServer/profiles/Dmgr01/config/cells/apwasdevCell01/applications/APHS-UH-OTCEAR.ear/APHS-UH-OTCEAR.ear/APHS-UH-OTC.war/WEB-INF/lib/log4j-api-2.0.2.jar",
                     "moduleType": "Utility JAR",
                     "containedPackages": [
                        "org.apache.logging"
                     ]
                  },
                  {
                     "archiveName": "/opt/IBM/WebSphere/AppServer/profiles/Dmgr01/config/cells/apwasdevCell01/applications/APHS-UH-OTCEAR.ear/APHS-UH-OTCEAR.ear/APHS-UH-OTC.war/WEB-INF/lib/log4j-core-2.0.2.jar",
                     "moduleType": "Utility JAR",
                     "containedPackages": [
                        "org.apache.logging"
                     ]
                  },
                  {
                     "archiveName": "/opt/IBM/WebSphere/AppServer/profiles/Dmgr01/config/cells/apwasdevCell01/applications/APHS-UH-OTCEAR.ear/APHS-UH-OTCEAR.ear/APHS-UH-OTC.war/WEB-INF/lib/org.json.jar",
                     "moduleType": "Utility JAR",
                     "containedPackages": [
                        "org.json"
                     ]
                  },
                  {
                     "archiveName": "/opt/IBM/WebSphere/AppServer/profiles/Dmgr01/config/cells/apwasdevCell01/applications/APHS-UH-OTCEAR.ear/APHS-UH-OTCEAR.ear/APHS-UH-OTC.war/WEB-INF/lib/sqljdbc4.jar",
                     "moduleType": "Utility JAR",
                     "containedPackages": [
                        "com.microsoft.sqlserver",
                        "microsoft.sql"
                     ]
                  }
               ]
            }
         ]
      }
   ],
   "sharedLibraryDetails": [
   ]
}