{
   "report": "analysis",
   "version": "1.2",
   "productVersion": "9.0",
   "productRelease": "19.0.0.2-TA1",
   "options": [
      "--sourceAppServer=was855",
      "--sourceJava=ibm7",
      "--sourceJavaEE=ee6",
      "--targetAppServer=was90",
      "--targetJava=ibm8",
      "--targetJavaEE=ee7",
      "--targetCloud=vmIBMCloud",
      "--excludePackages=com.ibm,com.informix,com.microsoft,com.sybase,com.sun,java,javax,net,oracle,org,sqlj,_ibmjsp"
   ],
   "totalRulesFlagged": 2,
   "filesAffected": 5,
   "totalResults": 5,
   "severitySummary": [
      {
         "severity": "Warning",
         "totalRulesFlagged": 2,
         "totalResults": 5
      }
   ],
   "applications": [
      "/opt/IBM/WebSphere/AppServer/profiles/Dmgr01/config/cells/apwasdevCell01/applications/AzureBlobStorage_war.ear/AzureBlobStorage_war.ear"
   ],
   "rules": [
      {
         "ruleName": "Behavior change in java.lang.String and java.util.regex.Pattern split methods",
         "ruleId": "StringSplit",
         "severity": "Warning",
         "category": "Java SE version migration / Java SE 8 compatibility impacts",
         "results": [
            {
               "fileName": "AzureBlobStorage_war.ear/AzureBlobStorage.war/WEB-INF/lib/jackson-core-2.2.0-rc1.jar/com/fasterxml/jackson/core/util/VersionUtil.class",
               "details": [
                  {
                     "reference": "Method parseVersion",
                     "match": "java.util.regex.Pattern.split(*)",
                     "lineNumber": 238
                  }
               ]
            }
         ]
      },
      {
         "ruleName": "CDI scans for implicit beans when there is no beans.xml file",
         "ruleId": "MissingBeansFile",
         "severity": "Warning",
         "category": "Java EE 7 / CDI",
         "results": [
            {
               "fileName": "AzureBlobStorage_war.ear/AzureBlobStorage.war",
               "details": [
                  {
                     "reference": null,
                     "match": ".*(\\.war|\\.jar)",
                     "lineNumber": 0
                  }
               ]
            },
            {
               "fileName": "AzureBlobStorage_war.ear/AzureBlobStorage.war/WEB-INF/lib/azure-storage-5.4.0.jar",
               "details": [
                  {
                     "reference": null,
                     "match": ".*(\\.war|\\.jar)",
                     "lineNumber": 0
                  }
               ]
            },
            {
               "fileName": "AzureBlobStorage_war.ear/AzureBlobStorage.war/WEB-INF/lib/jackson-core-2.2.0-rc1.jar",
               "details": [
                  {
                     "reference": null,
                     "match": ".*(\\.war|\\.jar)",
                     "lineNumber": 0
                  }
               ]
            },
            {
               "fileName": "AzureBlobStorage_war.ear/AzureBlobStorage.war/WEB-INF/lib/servlet-api.jar",
               "details": [
                  {
                     "reference": null,
                     "match": ".*(\\.war|\\.jar)",
                     "lineNumber": 0
                  }
               ]
            }
         ]
      }
   ]
}