{
   "report": "analysis",
   "version": "1.2",
   "productVersion": "9.0",
   "productRelease": "19.0.0.2-TA1",
   "options": [
      "--sourceAppServer=was855",
      "--sourceJava=ibm7",
      "--sourceJavaEE=ee6",
      "--targetAppServer=was90",
      "--targetJava=ibm8",
      "--targetJavaEE=ee7",
      "--targetCloud=vmIBMCloud",
      "--excludePackages=com.ibm,com.informix,com.microsoft,com.sybase,com.sun,java,javax,net,oracle,org,sqlj,_ibmjsp"
   ],
   "totalRulesFlagged": 6,
   "filesAffected": 23,
   "totalResults": 27,
   "severitySummary": [
      {
         "severity": "Warning",
         "totalRulesFlagged": 4,
         "totalResults": 25
      },
      {
         "severity": "Information",
         "totalRulesFlagged": 2,
         "totalResults": 2
      }
   ],
   "applications": [
      "/opt/IBM/WebSphere/AppServer/profiles/Dmgr01/config/cells/apwasdevCell01/applications/BPTraceEAR.ear/BPTraceEAR.ear"
   ],
   "rules": [
      {
         "ruleName": "Behavior change in month name formatting for some languages",
         "ruleId": "MonthFormattingNames",
         "severity": "Information",
         "category": "Java SE version migration / Java SE 8 compatibility impacts",
         "results": [
            {
               "fileName": "BPTraceEAR.ear/BPTrace.war/WEB-INF/classes/com/apl/bptrace/dao/CrmDataDao.class",
               "details": [
                  {
                     "reference": "Method getLead",
                     "match": "java.text.SimpleDateFormat.format(*)",
                     "lineNumber": 61
                  }
               ]
            }
         ]
      },
      {
         "ruleName": "Behavior change in the BigDecimal stripTrailingZeros method for a zero value",
         "ruleId": "BigDecimalStripTrailingZeros",
         "severity": "Information",
         "category": "Java SE version migration / Java SE 8 compatibility impacts",
         "results": [
            {
               "fileName": "BPTraceEAR.ear/BPTrace.war/WEB-INF/lib/sqljdbc4.jar/microsoft/sql/DateTimeOffset.class",
               "details": [
                  {
                     "reference": "Method toString",
                     "match": "java.math.BigDecimal.stripTrailingZeros(*)",
                     "lineNumber": 127
                  }
               ]
            }
         ]
      },
      {
         "ruleName": "CDI scans for implicit beans when there is no beans.xml file",
         "ruleId": "MissingBeansFile",
         "severity": "Warning",
         "category": "Java EE 7 / CDI",
         "results": [
            {
               "fileName": "BPTraceEAR.ear/BPTrace.war",
               "details": [
                  {
                     "reference": null,
                     "match": ".*(\\.war|\\.jar)",
                     "lineNumber": 0
                  }
               ]
            },
            {
               "fileName": "BPTraceEAR.ear/BPTrace.war/WEB-INF/lib/commons-logging-1.2.jar",
               "details": [
                  {
                     "reference": null,
                     "match": ".*(\\.war|\\.jar)",
                     "lineNumber": 0
                  }
               ]
            },
            {
               "fileName": "BPTraceEAR.ear/BPTrace.war/WEB-INF/lib/jaxb-api-2.2.jar",
               "details": [
                  {
                     "reference": null,
                     "match": ".*(\\.war|\\.jar)",
                     "lineNumber": 0
                  }
               ]
            },
            {
               "fileName": "BPTraceEAR.ear/BPTrace.war/WEB-INF/lib/jersey-client-1.18.4.jar",
               "details": [
                  {
                     "reference": null,
                     "match": ".*(\\.war|\\.jar)",
                     "lineNumber": 0
                  }
               ]
            },
            {
               "fileName": "BPTraceEAR.ear/BPTrace.war/WEB-INF/lib/jersey-core-1.18.4.jar",
               "details": [
                  {
                     "reference": null,
                     "match": ".*(\\.war|\\.jar)",
                     "lineNumber": 0
                  }
               ]
            },
            {
               "fileName": "BPTraceEAR.ear/BPTrace.war/WEB-INF/lib/jersey-json-1.18.4.jar",
               "details": [
                  {
                     "reference": null,
                     "match": ".*(\\.war|\\.jar)",
                     "lineNumber": 0
                  }
               ]
            },
            {
               "fileName": "BPTraceEAR.ear/BPTrace.war/WEB-INF/lib/jersey-server-1.18.4.jar",
               "details": [
                  {
                     "reference": null,
                     "match": ".*(\\.war|\\.jar)",
                     "lineNumber": 0
                  }
               ]
            },
            {
               "fileName": "BPTraceEAR.ear/BPTrace.war/WEB-INF/lib/jersey-servlet-1.18.4.jar",
               "details": [
                  {
                     "reference": null,
                     "match": ".*(\\.war|\\.jar)",
                     "lineNumber": 0
                  }
               ]
            },
            {
               "fileName": "BPTraceEAR.ear/BPTrace.war/WEB-INF/lib/json-simple-1.1.1.jar",
               "details": [
                  {
                     "reference": null,
                     "match": ".*(\\.war|\\.jar)",
                     "lineNumber": 0
                  }
               ]
            },
            {
               "fileName": "BPTraceEAR.ear/BPTrace.war/WEB-INF/lib/jsr311-api-1.1.1.jar",
               "details": [
                  {
                     "reference": null,
                     "match": ".*(\\.war|\\.jar)",
                     "lineNumber": 0
                  }
               ]
            },
            {
               "fileName": "BPTraceEAR.ear/BPTrace.war/WEB-INF/lib/org.json.jar",
               "details": [
                  {
                     "reference": null,
                     "match": ".*(\\.war|\\.jar)",
                     "lineNumber": 0
                  }
               ]
            },
            {
               "fileName": "BPTraceEAR.ear/BPTrace.war/WEB-INF/lib/servlet-api.jar",
               "details": [
                  {
                     "reference": null,
                     "match": ".*(\\.war|\\.jar)",
                     "lineNumber": 0
                  }
               ]
            },
            {
               "fileName": "BPTraceEAR.ear/BPTrace.war/WEB-INF/lib/sqljdbc4.jar",
               "details": [
                  {
                     "reference": null,
                     "match": ".*(\\.war|\\.jar)",
                     "lineNumber": 0
                  }
               ]
            }
         ]
      },
      {
         "ruleName": "Databases",
         "ruleId": "DatabasesSQLRule",
         "severity": "Warning",
         "category": "Technology connectivity considerations for IBM Cloud",
         "results": [
            {
               "fileName": "BPTraceEAR.ear/BPTrace.war/WEB-INF/classes/com/apl/bptrace/common/BPSearch.class",
               "details": [
                  {
                     "reference": "Constructor",
                     "match": "java.sql",
                     "lineNumber": 29
                  }
               ]
            },
            {
               "fileName": "BPTraceEAR.ear/BPTrace.war/WEB-INF/lib/sqljdbc4.jar/microsoft/sql/DateTimeOffset$SerializationProxy.class",
               "details": [
                  {
                     "reference": "Method readResolve",
                     "match": "java.sql",
                     "lineNumber": 264
                  }
               ]
            }
         ]
      },
      {
         "ruleName": "Java API for RESTful Web Services (JAX-RS)",
         "ruleId": "DetectJAXRS",
         "severity": "Warning",
         "category": "Java EE 6 / JAX-RS 1.1",
         "results": [
            {
               "fileName": "BPTraceEAR.ear/BPTrace.war/WEB-INF/classes/com/apl/bptrace/resources/B1ApptDataResource.class",
               "details": [
                  {
                     "reference": "Class annotation",
                     "match": "javax.ws.rs",
                     "lineNumber": 0
                  }
               ]
            }
         ]
      },
      {
         "ruleName": "Validate the URL host and port for cloud access",
         "ruleId": "URLRuleDockerCloud",
         "severity": "Warning",
         "category": "Connectivity considerations for IBM Cloud (Docker and WebSphere in IBM Cloud)",
         "results": [
            {
               "fileName": "BPTraceEAR.ear/BPTrace.war/WEB-INF/classes/com/apl/bptrace/common/BPSearch.class",
               "details": [
                  {
                     "reference": "Method doGet",
                     "match": "jdbc:sqlserver://172.25.30.117;user=sa;password=sa;database=",
                     "lineNumber": 75
                  }
               ]
            },
            {
               "fileName": "BPTraceEAR.ear/BPTrace.war/WEB-INF/classes/com/apl/bptrace/common/DB_Name.class",
               "details": [
                  {
                     "reference": "Method getDBName",
                     "match": "jdbc:sqlserver://172.25.30.117;user=sa;password=sa;database=APHS_CONSOLE_LIVE",
                     "lineNumber": 15
                  }
               ]
            },
            {
               "fileName": "BPTraceEAR.ear/BPTrace.war/WEB-INF/classes/com/apl/bptrace/dao/B1ApptDataDao.class",
               "details": [
                  {
                     "reference": "Method getAppt",
                     "match": "jdbc:sqlserver://172.25.30.117:1433;databaseName=",
                     "lineNumber": 37
                  },
                  {
                     "reference": "Method getDb",
                     "match": "jdbc:sqlserver://172.25.30.117:1433;databaseName=APHS_CONSOLE_LIVE",
                     "lineNumber": 128
                  }
               ]
            },
            {
               "fileName": "BPTraceEAR.ear/BPTrace.war/WEB-INF/classes/com/apl/bptrace/dao/ConsoleDataDao.class",
               "details": [
                  {
                     "reference": "Method getOppr",
                     "match": "jdbc:sqlserver://172.25.30.117:1433;databaseName=APHS_CONSOLE_LIVE",
                     "lineNumber": 30
                  }
               ]
            },
            {
               "fileName": "BPTraceEAR.ear/BPTrace.war/WEB-INF/classes/com/apl/bptrace/dao/CrmDataDao.class",
               "details": [
                  {
                     "reference": "Method getLead",
                     "match": "http://172.25.110.221:8000/xsodata_services/odata_services/zhsl_qualified_leads.xsodata/InputParams(QUAL_DATE_F='19900101000000',QUAL_DATE_T='",
                     "lineNumber": 60
                  }
               ]
            },
            {
               "fileName": "BPTraceEAR.ear/BPTrace.war/WEB-INF/classes/com/apl/bptrace/dao/McrmDataDao.class",
               "details": [
                  {
                     "reference": "Method getAppt",
                     "match": "jdbc:sqlserver://172.25.30.173:1433;databaseName=SUP_CRM",
                     "lineNumber": 31
                  }
               ]
            },
            {
               "fileName": "BPTraceEAR.ear/BPTrace.war/WEB-INF/classes/com/apl/bptrace/dao/UnitDataDao.class",
               "details": [
                  {
                     "reference": "Method getDb",
                     "match": "jdbc:sqlserver://172.25.30.117:1433;databaseName=APHS_CONSOLE_LIVE",
                     "lineNumber": 117
                  },
                  {
                     "reference": "Method getOppr",
                     "match": "jdbc:sqlserver://172.25.30.117:1433;databaseName=",
                     "lineNumber": 38
                  }
               ]
            }
         ]
      }
   ]
}