{
   "report": "analysis",
   "version": "1.2",
   "productVersion": "9.0",
   "productRelease": "19.0.0.2-TA1",
   "options": [
      "--sourceAppServer=was855",
      "--sourceJava=ibm7",
      "--sourceJavaEE=ee6",
      "--targetAppServer=was90",
      "--targetJava=ibm8",
      "--targetJavaEE=ee7",
      "--targetCloud=vmIBMCloud",
      "--excludePackages=com.ibm,com.informix,com.microsoft,com.sybase,com.sun,java,javax,net,oracle,org,sqlj,_ibmjsp"
   ],
   "totalRulesFlagged": 7,
   "filesAffected": 19,
   "totalResults": 21,
   "severitySummary": [
      {
         "severity": "Severe",
         "totalRulesFlagged": 2,
         "totalResults": 4
      },
      {
         "severity": "Warning",
         "totalRulesFlagged": 5,
         "totalResults": 17
      }
   ],
   "applications": [
      "/opt/IBM/WebSphere/AppServer/profiles/Dmgr01/config/cells/apwasdevCell01/applications/CcDashboard_war.ear/CcDashboard_war.ear"
   ],
   "rules": [
      {
         "ruleName": "Behavior change in java.lang.String and java.util.regex.Pattern split methods",
         "ruleId": "StringSplit",
         "severity": "Warning",
         "category": "Java SE version migration / Java SE 8 compatibility impacts",
         "results": [
            {
               "fileName": "CcDashboard_war.ear/CcDashboard.war/WEB-INF/classes/Login.class",
               "details": [
                  {
                     "reference": "Method doGet",
                     "match": "java.lang.String.split(*)",
                     "lineNumber": 430
                  }
               ]
            }
         ]
      },
      {
         "ruleName": "CDI scans for implicit beans when there is no beans.xml file",
         "ruleId": "MissingBeansFile",
         "severity": "Warning",
         "category": "Java EE 7 / CDI",
         "results": [
            {
               "fileName": "CcDashboard_war.ear/CcDashboard.war",
               "details": [
                  {
                     "reference": null,
                     "match": ".*(\\.war|\\.jar)",
                     "lineNumber": 0
                  }
               ]
            },
            {
               "fileName": "CcDashboard_war.ear/CcDashboard.war/WEB-INF/lib/commons-codec-1.6.jar",
               "details": [
                  {
                     "reference": null,
                     "match": ".*(\\.war|\\.jar)",
                     "lineNumber": 0
                  }
               ]
            },
            {
               "fileName": "CcDashboard_war.ear/CcDashboard.war/WEB-INF/lib/commons-fileupload-1.3.3.jar",
               "details": [
                  {
                     "reference": null,
                     "match": ".*(\\.war|\\.jar)",
                     "lineNumber": 0
                  }
               ]
            },
            {
               "fileName": "CcDashboard_war.ear/CcDashboard.war/WEB-INF/lib/commons-io-2.4.jar",
               "details": [
                  {
                     "reference": null,
                     "match": ".*(\\.war|\\.jar)",
                     "lineNumber": 0
                  }
               ]
            },
            {
               "fileName": "CcDashboard_war.ear/CcDashboard.war/WEB-INF/lib/commons-logging-1.1.1.jar",
               "details": [
                  {
                     "reference": null,
                     "match": ".*(\\.war|\\.jar)",
                     "lineNumber": 0
                  }
               ]
            },
            {
               "fileName": "CcDashboard_war.ear/CcDashboard.war/WEB-INF/lib/cos-09may2002.jar",
               "details": [
                  {
                     "reference": null,
                     "match": ".*(\\.war|\\.jar)",
                     "lineNumber": 0
                  }
               ]
            },
            {
               "fileName": "CcDashboard_war.ear/CcDashboard.war/WEB-INF/lib/httpclient-4.1.2.jar",
               "details": [
                  {
                     "reference": null,
                     "match": ".*(\\.war|\\.jar)",
                     "lineNumber": 0
                  }
               ]
            },
            {
               "fileName": "CcDashboard_war.ear/CcDashboard.war/WEB-INF/lib/httpclient-cache-4.1.2.jar",
               "details": [
                  {
                     "reference": null,
                     "match": ".*(\\.war|\\.jar)",
                     "lineNumber": 0
                  }
               ]
            },
            {
               "fileName": "CcDashboard_war.ear/CcDashboard.war/WEB-INF/lib/httpcore-4.1.2.jar",
               "details": [
                  {
                     "reference": null,
                     "match": ".*(\\.war|\\.jar)",
                     "lineNumber": 0
                  }
               ]
            },
            {
               "fileName": "CcDashboard_war.ear/CcDashboard.war/WEB-INF/lib/httpmime-4.1.2.jar",
               "details": [
                  {
                     "reference": null,
                     "match": ".*(\\.war|\\.jar)",
                     "lineNumber": 0
                  }
               ]
            },
            {
               "fileName": "CcDashboard_war.ear/CcDashboard.war/WEB-INF/lib/json-20140107.jar",
               "details": [
                  {
                     "reference": null,
                     "match": ".*(\\.war|\\.jar)",
                     "lineNumber": 0
                  }
               ]
            },
            {
               "fileName": "CcDashboard_war.ear/CcDashboard.war/WEB-INF/lib/ojdbc6.jar",
               "details": [
                  {
                     "reference": null,
                     "match": ".*(\\.war|\\.jar)",
                     "lineNumber": 0
                  }
               ]
            }
         ]
      },
      {
         "ruleName": "Check for a behavior change on the sendRedirect method",
         "ruleId": "SendRedirectBehaviorChange",
         "severity": "Severe",
         "category": "Java EE 7 / Servlet 3.1",
         "results": [
            {
               "fileName": "CcDashboard_war.ear/CcDashboard.war/WEB-INF/lib/cos-09may2002.jar/com/oreilly/servlet/CacheHttpServletResponse.class",
               "details": [
                  {
                     "reference": "Method sendRedirect",
                     "match": "javax.servlet.http.HttpServletResponse.sendRedirect(java.lang.String)",
                     "lineNumber": 352
                  }
               ]
            }
         ]
      },
      {
         "ruleName": "Check for new methods that were added to javax.servlet.ServletOutputStream and javax.servlet.ServletInputStream",
         "ruleId": "ExtendsServletInputOutputStream",
         "severity": "Severe",
         "category": "Java EE 7 / Servlet 3.1",
         "results": [
            {
               "fileName": "CcDashboard_war.ear/CcDashboard.war/WEB-INF/lib/cos-09may2002.jar/com/oreilly/servlet/CacheServletOutputStream.class",
               "details": [
                  {
                     "reference": "Class extends",
                     "match": "javax.servlet.ServletOutputStream",
                     "lineNumber": 0
                  }
               ]
            },
            {
               "fileName": "CcDashboard_war.ear/CcDashboard.war/WEB-INF/lib/cos-09may2002.jar/com/oreilly/servlet/multipart/BufferedServletInputStream.class",
               "details": [
                  {
                     "reference": "Class extends",
                     "match": "javax.servlet.ServletInputStream",
                     "lineNumber": 0
                  }
               ]
            },
            {
               "fileName": "CcDashboard_war.ear/CcDashboard.war/WEB-INF/lib/cos-09may2002.jar/com/oreilly/servlet/multipart/LimitedServletInputStream.class",
               "details": [
                  {
                     "reference": "Class extends",
                     "match": "javax.servlet.ServletInputStream",
                     "lineNumber": 0
                  }
               ]
            }
         ]
      },
      {
         "ruleName": "Databases",
         "ruleId": "DatabasesSQLRule",
         "severity": "Warning",
         "category": "Technology connectivity considerations for IBM Cloud",
         "results": [
            {
               "fileName": "CcDashboard_war.ear/CcDashboard.war/WEB-INF/classes/ConsultationList.class",
               "details": [
                  {
                     "reference": "Method doGet",
                     "match": "java.sql",
                     "lineNumber": 47
                  }
               ]
            }
         ]
      },
      {
         "ruleName": "Do not start unmanaged threads within the web or EJB container",
         "ruleId": "CreateThreadMethodsInWebOrEjbProject",
         "severity": "Warning",
         "category": "All application servers",
         "results": [
            {
               "fileName": "CcDashboard_war.ear/CcDashboard.war/WEB-INF/lib/cos-09may2002.jar/com/oreilly/servlet/DaemonHttpServlet.class",
               "details": [
                  {
                     "reference": "Method init",
                     "match": "java.lang.Thread.start(*)",
                     "lineNumber": 50
                  }
               ]
            }
         ]
      },
      {
         "ruleName": "Validate the URL host and port for cloud access",
         "ruleId": "URLRuleDockerCloud",
         "severity": "Warning",
         "category": "Connectivity considerations for IBM Cloud (Docker and WebSphere in IBM Cloud)",
         "results": [
            {
               "fileName": "CcDashboard_war.ear/CcDashboard.war/WEB-INF/classes/ConsultationList.class",
               "details": [
                  {
                     "reference": "Method doGet",
                     "match": "http://mservedev.asianpaints.com",
                     "lineNumber": 46
                  }
               ]
            },
            {
               "fileName": "CcDashboard_war.ear/CcDashboard.war/WEB-INF/classes/Login.class",
               "details": [
                  {
                     "reference": "Static initializer",
                     "match": "ldap://192.168.40.15:389/DC=asianpaints,DC=com",
                     "lineNumber": 53
                  }
               ]
            }
         ]
      }
   ]
}