{
   "report": "analysis",
   "version": "1.2",
   "productVersion": "9.0",
   "productRelease": "19.0.0.2-TA1",
   "options": [
      "--sourceAppServer=was855",
      "--sourceJava=ibm7",
      "--sourceJavaEE=ee6",
      "--targetAppServer=liberty",
      "--targetJava=ibm8",
      "--targetCloud=dockerIBMCloud",
      "--excludePackages=com.ibm,com.informix,com.microsoft,com.sybase,com.sun,java,javax,net,oracle,org,sqlj,_ibmjsp"
   ],
   "totalRulesFlagged": 7,
   "filesAffected": 47,
   "totalResults": 51,
   "severitySummary": [
      {
         "severity": "Severe",
         "totalRulesFlagged": 1,
         "totalResults": 2
      },
      {
         "severity": "Warning",
         "totalRulesFlagged": 6,
         "totalResults": 49
      }
   ],
   "applications": [
      "/opt/IBM/WebSphere/AppServer/profiles/Dmgr01/config/cells/apwasdevCell01/applications/CcDashboard_war.ear/CcDashboard_war.ear"
   ],
   "rules": [
      {
         "ruleName": "Behavior change in java.lang.String and java.util.regex.Pattern split methods",
         "ruleId": "StringSplit",
         "severity": "Warning",
         "category": "Java SE version migration / Java SE 8 compatibility impacts",
         "results": [
            {
               "fileName": "CcDashboard_war.ear/CcDashboard.war/WEB-INF/classes/Login.class",
               "details": [
                  {
                     "reference": "Method doGet",
                     "match": "java.lang.String.split(*)",
                     "lineNumber": 430
                  }
               ]
            }
         ]
      },
      {
         "ruleName": "Databases",
         "ruleId": "DatabasesSQLRule",
         "severity": "Warning",
         "category": "Technology connectivity considerations for IBM Cloud",
         "results": [
            {
               "fileName": "CcDashboard_war.ear/CcDashboard.war/WEB-INF/classes/ConsultationList.class",
               "details": [
                  {
                     "reference": "Method doGet",
                     "match": "java.sql",
                     "lineNumber": 47
                  }
               ]
            }
         ]
      },
      {
         "ruleName": "Do not start unmanaged threads within the web or EJB container",
         "ruleId": "CreateThreadMethodsInWebOrEjbProject",
         "severity": "Warning",
         "category": "All application servers",
         "results": [
            {
               "fileName": "CcDashboard_war.ear/CcDashboard.war/WEB-INF/lib/cos-09may2002.jar/com/oreilly/servlet/DaemonHttpServlet.class",
               "details": [
                  {
                     "reference": "Method init",
                     "match": "java.lang.Thread.start(*)",
                     "lineNumber": 50
                  }
               ]
            }
         ]
      },
      {
         "ruleName": "Handling application configuration in Docker containers",
         "ruleId": "DetectPropertiesFiles",
         "severity": "Warning",
         "category": "Docker (IBM Cloud Kubernetes Service)",
         "results": [
            {
               "fileName": "CcDashboard_war.ear/CcDashboard.war/WEB-INF/classes/Login.class",
               "details": [
                  {
                     "reference": "Method doGet",
                     "match": "java.util.Properties.load(*)",
                     "lineNumber": 424
                  }
               ]
            },
            {
               "fileName": "CcDashboard_war.ear/CcDashboard.war/WEB-INF/lib/commons-codec-1.6.jar/META-INF/maven/commons-codec/commons-codec/pom.properties",
               "details": [
                  {
                     "reference": null,
                     "match": "(.*)?\\.properties",
                     "lineNumber": 0
                  }
               ]
            },
            {
               "fileName": "CcDashboard_war.ear/CcDashboard.war/WEB-INF/lib/commons-fileupload-1.3.3.jar/META-INF/maven/commons-fileupload/commons-fileupload/pom.properties",
               "details": [
                  {
                     "reference": null,
                     "match": "(.*)?\\.properties",
                     "lineNumber": 0
                  }
               ]
            },
            {
               "fileName": "CcDashboard_war.ear/CcDashboard.war/WEB-INF/lib/commons-io-2.4.jar/META-INF/maven/commons-io/commons-io/pom.properties",
               "details": [
                  {
                     "reference": null,
                     "match": "(.*)?\\.properties",
                     "lineNumber": 0
                  }
               ]
            },
            {
               "fileName": "CcDashboard_war.ear/CcDashboard.war/WEB-INF/lib/commons-logging-1.1.1.jar/META-INF/maven/commons-logging/commons-logging/pom.properties",
               "details": [
                  {
                     "reference": null,
                     "match": "(.*)?\\.properties",
                     "lineNumber": 0
                  }
               ]
            },
            {
               "fileName": "CcDashboard_war.ear/CcDashboard.war/WEB-INF/lib/httpclient-4.1.2.jar/META-INF/maven/org.apache.httpcomponents/httpclient/pom.properties",
               "details": [
                  {
                     "reference": null,
                     "match": "(.*)?\\.properties",
                     "lineNumber": 0
                  }
               ]
            },
            {
               "fileName": "CcDashboard_war.ear/CcDashboard.war/WEB-INF/lib/httpclient-4.1.2.jar/org/apache/http/client/version.properties",
               "details": [
                  {
                     "reference": null,
                     "match": "(.*)?\\.properties",
                     "lineNumber": 0
                  }
               ]
            },
            {
               "fileName": "CcDashboard_war.ear/CcDashboard.war/WEB-INF/lib/httpclient-cache-4.1.2.jar/META-INF/maven/org.apache.httpcomponents/httpclient-cache/pom.properties",
               "details": [
                  {
                     "reference": null,
                     "match": "(.*)?\\.properties",
                     "lineNumber": 0
                  }
               ]
            },
            {
               "fileName": "CcDashboard_war.ear/CcDashboard.war/WEB-INF/lib/httpcore-4.1.2.jar/META-INF/maven/org.apache.httpcomponents/httpcore/pom.properties",
               "details": [
                  {
                     "reference": null,
                     "match": "(.*)?\\.properties",
                     "lineNumber": 0
                  }
               ]
            },
            {
               "fileName": "CcDashboard_war.ear/CcDashboard.war/WEB-INF/lib/httpcore-4.1.2.jar/org/apache/http/version.properties",
               "details": [
                  {
                     "reference": null,
                     "match": "(.*)?\\.properties",
                     "lineNumber": 0
                  }
               ]
            },
            {
               "fileName": "CcDashboard_war.ear/CcDashboard.war/WEB-INF/lib/httpmime-4.1.2.jar/META-INF/maven/org.apache.httpcomponents/httpmime/pom.properties",
               "details": [
                  {
                     "reference": null,
                     "match": "(.*)?\\.properties",
                     "lineNumber": 0
                  }
               ]
            },
            {
               "fileName": "CcDashboard_war.ear/CcDashboard.war/WEB-INF/lib/httpmime-4.1.2.jar/org/apache/http/entity/mime/version.properties",
               "details": [
                  {
                     "reference": null,
                     "match": "(.*)?\\.properties",
                     "lineNumber": 0
                  }
               ]
            },
            {
               "fileName": "CcDashboard_war.ear/CcDashboard.war/WEB-INF/lib/json-20140107.jar/META-INF/maven/org.json/json/pom.properties",
               "details": [
                  {
                     "reference": null,
                     "match": "(.*)?\\.properties",
                     "lineNumber": 0
                  }
               ]
            },
            {
               "fileName": "CcDashboard_war.ear/CcDashboard.war/WEB-INF/lib/ojdbc6.jar/oracle/jdbc/driver/Messages.properties",
               "details": [
                  {
                     "reference": null,
                     "match": "(.*)?\\.properties",
                     "lineNumber": 0
                  }
               ]
            },
            {
               "fileName": "CcDashboard_war.ear/CcDashboard.war/WEB-INF/lib/ojdbc6.jar/oracle/jdbc/driver/Messages_ar.properties",
               "details": [
                  {
                     "reference": null,
                     "match": "(.*)?\\.properties",
                     "lineNumber": 0
                  }
               ]
            },
            {
               "fileName": "CcDashboard_war.ear/CcDashboard.war/WEB-INF/lib/ojdbc6.jar/oracle/jdbc/driver/Messages_ca.properties",
               "details": [
                  {
                     "reference": null,
                     "match": "(.*)?\\.properties",
                     "lineNumber": 0
                  }
               ]
            },
            {
               "fileName": "CcDashboard_war.ear/CcDashboard.war/WEB-INF/lib/ojdbc6.jar/oracle/jdbc/driver/Messages_cs.properties",
               "details": [
                  {
                     "reference": null,
                     "match": "(.*)?\\.properties",
                     "lineNumber": 0
                  }
               ]
            },
            {
               "fileName": "CcDashboard_war.ear/CcDashboard.war/WEB-INF/lib/ojdbc6.jar/oracle/jdbc/driver/Messages_da.properties",
               "details": [
                  {
                     "reference": null,
                     "match": "(.*)?\\.properties",
                     "lineNumber": 0
                  }
               ]
            },
            {
               "fileName": "CcDashboard_war.ear/CcDashboard.war/WEB-INF/lib/ojdbc6.jar/oracle/jdbc/driver/Messages_de.properties",
               "details": [
                  {
                     "reference": null,
                     "match": "(.*)?\\.properties",
                     "lineNumber": 0
                  }
               ]
            },
            {
               "fileName": "CcDashboard_war.ear/CcDashboard.war/WEB-INF/lib/ojdbc6.jar/oracle/jdbc/driver/Messages_el.properties",
               "details": [
                  {
                     "reference": null,
                     "match": "(.*)?\\.properties",
                     "lineNumber": 0
                  }
               ]
            },
            {
               "fileName": "CcDashboard_war.ear/CcDashboard.war/WEB-INF/lib/ojdbc6.jar/oracle/jdbc/driver/Messages_es.properties",
               "details": [
                  {
                     "reference": null,
                     "match": "(.*)?\\.properties",
                     "lineNumber": 0
                  }
               ]
            },
            {
               "fileName": "CcDashboard_war.ear/CcDashboard.war/WEB-INF/lib/ojdbc6.jar/oracle/jdbc/driver/Messages_fi.properties",
               "details": [
                  {
                     "reference": null,
                     "match": "(.*)?\\.properties",
                     "lineNumber": 0
                  }
               ]
            },
            {
               "fileName": "CcDashboard_war.ear/CcDashboard.war/WEB-INF/lib/ojdbc6.jar/oracle/jdbc/driver/Messages_fr.properties",
               "details": [
                  {
                     "reference": null,
                     "match": "(.*)?\\.properties",
                     "lineNumber": 0
                  }
               ]
            },
            {
               "fileName": "CcDashboard_war.ear/CcDashboard.war/WEB-INF/lib/ojdbc6.jar/oracle/jdbc/driver/Messages_hu.properties",
               "details": [
                  {
                     "reference": null,
                     "match": "(.*)?\\.properties",
                     "lineNumber": 0
                  }
               ]
            },
            {
               "fileName": "CcDashboard_war.ear/CcDashboard.war/WEB-INF/lib/ojdbc6.jar/oracle/jdbc/driver/Messages_it.properties",
               "details": [
                  {
                     "reference": null,
                     "match": "(.*)?\\.properties",
                     "lineNumber": 0
                  }
               ]
            },
            {
               "fileName": "CcDashboard_war.ear/CcDashboard.war/WEB-INF/lib/ojdbc6.jar/oracle/jdbc/driver/Messages_iw.properties",
               "details": [
                  {
                     "reference": null,
                     "match": "(.*)?\\.properties",
                     "lineNumber": 0
                  }
               ]
            },
            {
               "fileName": "CcDashboard_war.ear/CcDashboard.war/WEB-INF/lib/ojdbc6.jar/oracle/jdbc/driver/Messages_ja.properties",
               "details": [
                  {
                     "reference": null,
                     "match": "(.*)?\\.properties",
                     "lineNumber": 0
                  }
               ]
            },
            {
               "fileName": "CcDashboard_war.ear/CcDashboard.war/WEB-INF/lib/ojdbc6.jar/oracle/jdbc/driver/Messages_ko.properties",
               "details": [
                  {
                     "reference": null,
                     "match": "(.*)?\\.properties",
                     "lineNumber": 0
                  }
               ]
            },
            {
               "fileName": "CcDashboard_war.ear/CcDashboard.war/WEB-INF/lib/ojdbc6.jar/oracle/jdbc/driver/Messages_nl.properties",
               "details": [
                  {
                     "reference": null,
                     "match": "(.*)?\\.properties",
                     "lineNumber": 0
                  }
               ]
            },
            {
               "fileName": "CcDashboard_war.ear/CcDashboard.war/WEB-INF/lib/ojdbc6.jar/oracle/jdbc/driver/Messages_no.properties",
               "details": [
                  {
                     "reference": null,
                     "match": "(.*)?\\.properties",
                     "lineNumber": 0
                  }
               ]
            },
            {
               "fileName": "CcDashboard_war.ear/CcDashboard.war/WEB-INF/lib/ojdbc6.jar/oracle/jdbc/driver/Messages_pl.properties",
               "details": [
                  {
                     "reference": null,
                     "match": "(.*)?\\.properties",
                     "lineNumber": 0
                  }
               ]
            },
            {
               "fileName": "CcDashboard_war.ear/CcDashboard.war/WEB-INF/lib/ojdbc6.jar/oracle/jdbc/driver/Messages_pt.properties",
               "details": [
                  {
                     "reference": null,
                     "match": "(.*)?\\.properties",
                     "lineNumber": 0
                  }
               ]
            },
            {
               "fileName": "CcDashboard_war.ear/CcDashboard.war/WEB-INF/lib/ojdbc6.jar/oracle/jdbc/driver/Messages_pt_BR.properties",
               "details": [
                  {
                     "reference": null,
                     "match": "(.*)?\\.properties",
                     "lineNumber": 0
                  }
               ]
            },
            {
               "fileName": "CcDashboard_war.ear/CcDashboard.war/WEB-INF/lib/ojdbc6.jar/oracle/jdbc/driver/Messages_ro.properties",
               "details": [
                  {
                     "reference": null,
                     "match": "(.*)?\\.properties",
                     "lineNumber": 0
                  }
               ]
            },
            {
               "fileName": "CcDashboard_war.ear/CcDashboard.war/WEB-INF/lib/ojdbc6.jar/oracle/jdbc/driver/Messages_ru.properties",
               "details": [
                  {
                     "reference": null,
                     "match": "(.*)?\\.properties",
                     "lineNumber": 0
                  }
               ]
            },
            {
               "fileName": "CcDashboard_war.ear/CcDashboard.war/WEB-INF/lib/ojdbc6.jar/oracle/jdbc/driver/Messages_sk.properties",
               "details": [
                  {
                     "reference": null,
                     "match": "(.*)?\\.properties",
                     "lineNumber": 0
                  }
               ]
            },
            {
               "fileName": "CcDashboard_war.ear/CcDashboard.war/WEB-INF/lib/ojdbc6.jar/oracle/jdbc/driver/Messages_sv.properties",
               "details": [
                  {
                     "reference": null,
                     "match": "(.*)?\\.properties",
                     "lineNumber": 0
                  }
               ]
            },
            {
               "fileName": "CcDashboard_war.ear/CcDashboard.war/WEB-INF/lib/ojdbc6.jar/oracle/jdbc/driver/Messages_th.properties",
               "details": [
                  {
                     "reference": null,
                     "match": "(.*)?\\.properties",
                     "lineNumber": 0
                  }
               ]
            },
            {
               "fileName": "CcDashboard_war.ear/CcDashboard.war/WEB-INF/lib/ojdbc6.jar/oracle/jdbc/driver/Messages_tr.properties",
               "details": [
                  {
                     "reference": null,
                     "match": "(.*)?\\.properties",
                     "lineNumber": 0
                  }
               ]
            },
            {
               "fileName": "CcDashboard_war.ear/CcDashboard.war/WEB-INF/lib/ojdbc6.jar/oracle/jdbc/driver/Messages_zh_CN.properties",
               "details": [
                  {
                     "reference": null,
                     "match": "(.*)?\\.properties",
                     "lineNumber": 0
                  }
               ]
            },
            {
               "fileName": "CcDashboard_war.ear/CcDashboard.war/WEB-INF/lib/ojdbc6.jar/oracle/jdbc/driver/Messages_zh_TW.properties",
               "details": [
                  {
                     "reference": null,
                     "match": "(.*)?\\.properties",
                     "lineNumber": 0
                  }
               ]
            },
            {
               "fileName": "CcDashboard_war.ear/CcDashboard.war/WEB-INF/lib/ojdbc6.jar/oracle/net/mesg/Message.properties",
               "details": [
                  {
                     "reference": null,
                     "match": "(.*)?\\.properties",
                     "lineNumber": 0
                  }
               ]
            }
         ]
      },
      {
         "ruleName": "Managing data inside and between Docker containers",
         "ruleId": "FileSystemRule",
         "severity": "Warning",
         "category": "Docker (IBM Cloud Kubernetes Service)",
         "results": [
            {
               "fileName": "CcDashboard_war.ear/CcDashboard.war/WEB-INF/classes/Login.class",
               "details": [
                  {
                     "reference": "Static initializer",
                     "match": "java.io.FileOutputStream",
                     "lineNumber": 64
                  }
               ]
            },
            {
               "fileName": "CcDashboard_war.ear/CcDashboard.war/WEB-INF/lib/cos-09may2002.jar/com/oreilly/servlet/multipart/FilePart.class",
               "details": [
                  {
                     "reference": "Method writeTo",
                     "match": "java.io.FileOutputStream",
                     "lineNumber": 159
                  }
               ]
            }
         ]
      },
      {
         "ruleName": "The use of java.sql.Driver and java.sql.DriverManager interfaces requires configuration ",
         "ruleId": "SqlDriverRule",
         "severity": "Severe",
         "category": "WebSphere traditional to Liberty",
         "results": [
            {
               "fileName": "CcDashboard_war.ear/CcDashboard.war/WEB-INF/classes/db/DBConnect.class",
               "details": [
                  {
                     "reference": "Method Connect",
                     "match": "java.sql.DriverManager.getConnection(*)",
                     "lineNumber": 48
                  }
               ]
            },
            {
               "fileName": "CcDashboard_war.ear/CcDashboard.war/WEB-INF/classes/db/DBConnectDev.class",
               "details": [
                  {
                     "reference": "Method Connect",
                     "match": "java.sql.DriverManager.getConnection(*)",
                     "lineNumber": 48
                  }
               ]
            }
         ]
      },
      {
         "ruleName": "Validate the URL host and port for cloud access",
         "ruleId": "URLRuleDockerCloud",
         "severity": "Warning",
         "category": "Connectivity considerations for IBM Cloud (Docker and WebSphere in IBM Cloud)",
         "results": [
            {
               "fileName": "CcDashboard_war.ear/CcDashboard.war/WEB-INF/classes/ConsultationList.class",
               "details": [
                  {
                     "reference": "Method doGet",
                     "match": "http://mservedev.asianpaints.com",
                     "lineNumber": 46
                  }
               ]
            },
            {
               "fileName": "CcDashboard_war.ear/CcDashboard.war/WEB-INF/classes/Login.class",
               "details": [
                  {
                     "reference": "Static initializer",
                     "match": "ldap://192.168.40.15:389/DC=asianpaints,DC=com",
                     "lineNumber": 53
                  }
               ]
            }
         ]
      }
   ]
}