{
   "report": "inventory",
   "version": "2.4",
   "productVersion": "9.0",
   "productRelease": "19.0.0.2-TA1",
   "options": [
      "--excludePackages=com.ibm,com.informix,com.microsoft,com.sybase,com.sun,java,javax,net,oracle,org,sqlj,_ibmjsp"
   ],
   "applications": [
      "/opt/IBM/WebSphere/AppServer/profiles/Dmgr01/config/cells/apwasdevCell01/applications/CI_Connect_war.ear/CI_Connect_war.ear"
   ],
   "sharedLibraries": [
   ],
   "archives": {
      "ears": 1,
      "wars": 1,
      "rars": 0,
      "ejbs": 0,
      "webFragments": 0,
      "utilityJars": 11,
      "appClients": 0
   },
   "summary": {
      "servlets": 8,
      "jsps": 0,
      "jpaEntities": 0,
      "bmpEntityBeans": 0,
      "cmpEntityBeans": 0,
      "messageDrivenBeans": 0,
      "singletonSessionBeans": 0,
      "statefulSessionBeans": 0,
      "statelessSessionBeans": 0,
      "jaxrpcConsumers": 0,
      "jaxrpcProviders": 0,
      "jaxrsConsumers": 0,
      "jaxrsProviders": 0,
      "jaxwsConsumers": 0,
      "jaxwsProviders": 0
   },
   "archiveInventory": [
      {
         "archiveName": "/opt/IBM/WebSphere/AppServer/profiles/Dmgr01/config/cells/apwasdevCell01/applications/CI_Connect_war.ear/CI_Connect_war.ear",
         "moduleType": "Enterprise archive",
         "moduleVersion": "5",
         "metadataComplete": null,
         "moduleSize": 7015976,
         "archives": {
            "wars": 1,
            "rars": 0,
            "ejbs": 0,
            "utilityJars": 11,
            "appClients": 0
         },
         "summary": {
            "servlets": 8,
            "jsps": 0,
            "jpaEntities": 0,
            "bmpEntityBeans": 0,
            "cmpEntityBeans": 0,
            "messageDrivenBeans": 0,
            "singletonSessionBeans": 0,
            "statefulSessionBeans": 0,
            "statelessSessionBeans": 0,
            "jaxrpcConsumers": 0,
            "jaxrpcProviders": 0,
            "jaxrsConsumers": 0,
            "jaxrsProviders": 0,
            "jaxwsConsumers": 0,
            "jaxwsProviders": 0
         },
         "potentialDeploymentProblemsSummary": {
            "archivesContainingDuplicateClasses": 0,
            "archivesContainingJavaEEorSEClasses": 1,
            "archivesContainingConflictingOpenSourceSoftwareClasses": 4,
            "archivesContainingWebSphereClasses": 0,
            "archivesNotReferencedInTheApplication": 3,
            "archivesWithMissingDependenciesInTheApplication": 5,
            "classesWithSystemLevelJVMConfiguration": 0,
            "sharedLibrariesReferencingApplicationClasses": 0
         },
         "potentialDeploymentProblemsDetails": [
            {
               "duplicateClassesWithinClassLoader": [
               ]
            },
            {
               "duplicateClassesAcrossApplication": [
               ]
            },
            {
               "javaEEandSEClasses": [
                  {
                     "conflictingPackages": [
                        "javax.servlet",
                        "javax.servlet.http"
                     ],
                     "packageLocation": [
                        "CI_Connect.war/WEB-INF/lib/servlet-api.jar"
                     ]
                  }
               ]
            },
            {
               "duplicateWebSphereClasses": [
               ]
            },
            {
               "openSourceSoftwareClasses": [
                  {
                     "conflictingPackages": [
                        "org.apache.commons.codec.binary"
                     ],
                     "packageLocation": [
                        "CI_Connect.war/WEB-INF/lib/commons-codec-1.6.jar"
                     ],
                     "appliesTo": [
                        "V8.5.5",
                        "V9.0"
                     ]
                  },
                  {
                     "conflictingPackages": [
                        "org.apache.commons.logging",
                        "org.apache.commons.logging.impl"
                     ],
                     "packageLocation": [
                        "CI_Connect.war/WEB-INF/lib/commons-logging-1.1.1.jar"
                     ],
                     "appliesTo": [
                        "V8.5.5",
                        "V9.0"
                     ]
                  },
                  {
                     "conflictingPackages": [
                        "org.apache.http",
                        "org.apache.http.annotation",
                        "org.apache.http.concurrent",
                        "org.apache.http.config",
                        "org.apache.http.entity",
                        "org.apache.http.impl",
                        "org.apache.http.impl.entity",
                        "org.apache.http.impl.io",
                        "org.apache.http.impl.pool",
                        "org.apache.http.io",
                        "org.apache.http.message",
                        "org.apache.http.params",
                        "org.apache.http.pool",
                        "org.apache.http.protocol",
                        "org.apache.http.util"
                     ],
                     "packageLocation": [
                        "CI_Connect.war/WEB-INF/lib/httpcore-4.3.2.jar"
                     ],
                     "appliesTo": [
                        "V8.5.5"
                     ]
                  },
                  {
                     "conflictingPackages": [
                        "org.apache.http.auth",
                        "org.apache.http.auth.params",
                        "org.apache.http.client",
                        "org.apache.http.client.config",
                        "org.apache.http.client.entity",
                        "org.apache.http.client.methods",
                        "org.apache.http.client.params",
                        "org.apache.http.client.protocol",
                        "org.apache.http.client.utils",
                        "org.apache.http.conn",
                        "org.apache.http.conn.params",
                        "org.apache.http.conn.routing",
                        "org.apache.http.conn.scheme",
                        "org.apache.http.conn.socket",
                        "org.apache.http.conn.ssl",
                        "org.apache.http.conn.util",
                        "org.apache.http.cookie",
                        "org.apache.http.cookie.params",
                        "org.apache.http.impl.auth",
                        "org.apache.http.impl.client",
                        "org.apache.http.impl.conn",
                        "org.apache.http.impl.conn.tsccm",
                        "org.apache.http.impl.cookie",
                        "org.apache.http.impl.execchain"
                     ],
                     "packageLocation": [
                        "CI_Connect.war/WEB-INF/lib/httpclient-4.3.3.jar"
                     ],
                     "appliesTo": [
                        "V8.5.5"
                     ]
                  }
               ]
            },
            {
               "archivesNotReferenced": [
                  {
                     "archive": "CI_Connect.war/WEB-INF/lib/catalina.jar",
                     "referencedBy": ""
                  },
                  {
                     "archive": "CI_Connect.war/WEB-INF/lib/ojdbc6.jar",
                     "referencedBy": ""
                  },
                  {
                     "archive": "CI_Connect.war/WEB-INF/lib/sapidoc3.jar",
                     "referencedBy": ""
                  }
               ]
            },
            {
               "missingDependencies": [
                  {
                     "missingDependencies": [
                        "com.sap.bc.krn.perf",
                        "com.sap.i18n.verify.intf",
                        "com.sap.jdsr.writer",
                        "com.sap.util.monitor.jarm"
                     ],
                     "archive": [
                        "CI_Connect.war/WEB-INF/lib/sapjco3.jar"
                     ]
                  },
                  {
                     "missingDependencies": [
                        "com.sun.security.auth.module",
                        "oracle.i18n.text",
                        "oracle.i18n.text.converter",
                        "oracle.ons",
                        "oracle.security.pki"
                     ],
                     "archive": [
                        "CI_Connect.war/WEB-INF/lib/ojdbc6.jar"
                     ]
                  },
                  {
                     "missingDependencies": [
                        "org.apache.avalon.framework.logger",
                        "org.apache.log",
                        "org.apache.log4j"
                     ],
                     "archive": [
                        "CI_Connect.war/WEB-INF/lib/commons-logging-1.1.1.jar"
                     ]
                  },
                  {
                     "missingDependencies": [
                        "org.apache.coyote",
                        "org.apache.coyote.ajp",
                        "org.apache.coyote.http11",
                        "org.apache.juli",
                        "org.apache.juli.logging",
                        "org.apache.tomcat.jni",
                        "org.apache.tomcat.util",
                        "org.apache.tomcat.util.buf",
                        "org.apache.tomcat.util.digester",
                        "org.apache.tomcat.util.http",
                        "org.apache.tomcat.util.http.fileupload",
                        "org.apache.tomcat.util.http.mapper",
                        "org.apache.tomcat.util.log",
                        "org.apache.tomcat.util.modeler",
                        "org.apache.tomcat.util.modeler.modules",
                        "org.apache.tomcat.util.net",
                        "org.apache.tomcat.util.res"
                     ],
                     "archive": [
                        "CI_Connect.war/WEB-INF/lib/catalina.jar"
                     ]
                  },
                  {
                     "missingDependencies": [
                        "org.ietf.jgss"
                     ],
                     "archive": [
                        "CI_Connect.war/WEB-INF/lib/httpclient-4.3.3.jar",
                        "CI_Connect.war/WEB-INF/lib/ojdbc6.jar"
                     ]
                  }
               ]
            },
            {
               "classesWithSystemLevelJVMConfiguration": [
               ]
            },
            {
               "sharedLibraryDependencies": [
               ]
            }
         ],
         "performanceConsiderations": {
            "archivesThatAreCandidatesForMetadataCompleteTrueAttribute": [
            ],
            "webModulesWithExcessiveClassFiles": [
            ],
            "webModulesWithExcessiveStaticResources": [
            ]
         },
         "containedArchiveInventory": [
            {
               "archiveName": "/opt/IBM/WebSphere/AppServer/profiles/Dmgr01/config/cells/apwasdevCell01/applications/CI_Connect_war.ear/CI_Connect_war.ear/CI_Connect.war",
               "moduleType": "Web module",
               "moduleVersion": "2.5",
               "metadataComplete": "true",
               "archives": {
                  "ejbs": 0,
                  "webFragments": 0,
                  "utilityJars": 11
               },
               "summary": {
                  "servlets": 8,
                  "jsps": 0,
                  "jpaEntities": 0,
                  "bmpEntityBeans": 0,
                  "cmpEntityBeans": 0,
                  "messageDrivenBeans": 0,
                  "singletonSessionBeans": 0,
                  "statefulSessionBeans": 0,
                  "statelessSessionBeans": 0,
                  "jaxrpcConsumers": 0,
                  "jaxrpcProviders": 0,
                  "jaxrsConsumers": 0,
                  "jaxrsProviders": 0,
                  "jaxwsConsumers": 0,
                  "jaxwsProviders": 0
               },
               "containedArchiveInventory": [
                  {
                     "archiveName": "/opt/IBM/WebSphere/AppServer/profiles/Dmgr01/config/cells/apwasdevCell01/applications/CI_Connect_war.ear/CI_Connect_war.ear/CI_Connect.war/WEB-INF/lib/catalina.jar",
                     "moduleType": "Utility JAR",
                     "containedPackages": [
                        "org.apache",
                        "org.apache.catalina",
                        "org.apache.naming"
                     ]
                  },
                  {
                     "archiveName": "/opt/IBM/WebSphere/AppServer/profiles/Dmgr01/config/cells/apwasdevCell01/applications/CI_Connect_war.ear/CI_Connect_war.ear/CI_Connect.war/WEB-INF/lib/commons-codec-1.6.jar",
                     "moduleType": "Utility JAR",
                     "containedPackages": [
                        "org.apache.commons"
                     ]
                  },
                  {
                     "archiveName": "/opt/IBM/WebSphere/AppServer/profiles/Dmgr01/config/cells/apwasdevCell01/applications/CI_Connect_war.ear/CI_Connect_war.ear/CI_Connect.war/WEB-INF/lib/commons-logging-1.1.1.jar",
                     "moduleType": "Utility JAR",
                     "containedPackages": [
                        "org.apache.commons"
                     ]
                  },
                  {
                     "archiveName": "/opt/IBM/WebSphere/AppServer/profiles/Dmgr01/config/cells/apwasdevCell01/applications/CI_Connect_war.ear/CI_Connect_war.ear/CI_Connect.war/WEB-INF/lib/httpclient-4.3.3.jar",
                     "moduleType": "Utility JAR",
                     "containedPackages": [
                        "org.apache.http"
                     ]
                  },
                  {
                     "archiveName": "/opt/IBM/WebSphere/AppServer/profiles/Dmgr01/config/cells/apwasdevCell01/applications/CI_Connect_war.ear/CI_Connect_war.ear/CI_Connect.war/WEB-INF/lib/httpcore-4.3.2.jar",
                     "moduleType": "Utility JAR",
                     "containedPackages": [
                        "org.apache.http"
                     ]
                  },
                  {
                     "archiveName": "/opt/IBM/WebSphere/AppServer/profiles/Dmgr01/config/cells/apwasdevCell01/applications/CI_Connect_war.ear/CI_Connect_war.ear/CI_Connect.war/WEB-INF/lib/json-simple-1.1.1.jar",
                     "moduleType": "Utility JAR",
                     "containedPackages": [
                        "org.json.simple"
                     ]
                  },
                  {
                     "archiveName": "/opt/IBM/WebSphere/AppServer/profiles/Dmgr01/config/cells/apwasdevCell01/applications/CI_Connect_war.ear/CI_Connect_war.ear/CI_Connect.war/WEB-INF/lib/ojdbc6.jar",
                     "moduleType": "Utility JAR",
                     "containedPackages": [
                        "oracle.core.lmx",
                        "oracle.core.lvf",
                        "oracle.jdbc",
                        "oracle.jdbc.aq",
                        "oracle.jdbc.connector",
                        "oracle.jdbc.dcn",
                        "oracle.jdbc.driver",
                        "oracle.jdbc.internal",
                        "oracle.jdbc.oci",
                        "oracle.jdbc.oracore",
                        "oracle.jdbc.pool",
                        "oracle.jdbc.rowset",
                        "oracle.jdbc.util",
                        "oracle.jdbc.xa",
                        "oracle.jpub.runtime",
                        "oracle.net.ano",
                        "oracle.net.aso",
                        "oracle.net.jdbc",
                        "oracle.net.jndi",
                        "oracle.net.ns",
                        "oracle.net.nt",
                        "oracle.net.resolver",
                        "oracle.security.o3logon",
                        "oracle.security.o5logon",
                        "oracle.sql",
                        "oracle.sql.converter"
                     ]
                  },
                  {
                     "archiveName": "/opt/IBM/WebSphere/AppServer/profiles/Dmgr01/config/cells/apwasdevCell01/applications/CI_Connect_war.ear/CI_Connect_war.ear/CI_Connect.war/WEB-INF/lib/org.json.jar",
                     "moduleType": "Utility JAR",
                     "containedPackages": [
                        "org.json"
                     ]
                  },
                  {
                     "archiveName": "/opt/IBM/WebSphere/AppServer/profiles/Dmgr01/config/cells/apwasdevCell01/applications/CI_Connect_war.ear/CI_Connect_war.ear/CI_Connect.war/WEB-INF/lib/sapidoc3.jar",
                     "moduleType": "Utility JAR",
                     "containedPackages": [
                        "com.sap.conn"
                     ]
                  },
                  {
                     "archiveName": "/opt/IBM/WebSphere/AppServer/profiles/Dmgr01/config/cells/apwasdevCell01/applications/CI_Connect_war.ear/CI_Connect_war.ear/CI_Connect.war/WEB-INF/lib/sapjco3.jar",
                     "moduleType": "Utility JAR",
                     "containedPackages": [
                        "com.sap.conn",
                        "com.sap.i18n",
                        "com.sap.tc"
                     ]
                  },
                  {
                     "archiveName": "/opt/IBM/WebSphere/AppServer/profiles/Dmgr01/config/cells/apwasdevCell01/applications/CI_Connect_war.ear/CI_Connect_war.ear/CI_Connect.war/WEB-INF/lib/servlet-api.jar",
                     "moduleType": "Utility JAR",
                     "containedPackages": [
                        "javax.servlet",
                        "javax.servlet.http"
                     ]
                  }
               ]
            }
         ]
      }
   ],
   "sharedLibraryDetails": [
   ]
}