{
   "report": "analysis",
   "version": "1.2",
   "productVersion": "9.0",
   "productRelease": "19.0.0.2-TA1",
   "options": [
      "--sourceAppServer=was855",
      "--sourceJava=ibm7",
      "--sourceJavaEE=ee6",
      "--targetAppServer=liberty",
      "--targetJava=ibm8",
      "--targetCloud=dockerIBMCloud",
      "--excludePackages=com.ibm,com.informix,com.microsoft,com.sybase,com.sun,java,javax,net,oracle,org,sqlj,_ibmjsp"
   ],
   "totalRulesFlagged": 7,
   "filesAffected": 21,
   "totalResults": 171,
   "severitySummary": [
      {
         "severity": "Severe",
         "totalRulesFlagged": 1,
         "totalResults": 77
      },
      {
         "severity": "Warning",
         "totalRulesFlagged": 3,
         "totalResults": 26
      },
      {
         "severity": "Information",
         "totalRulesFlagged": 3,
         "totalResults": 68
      }
   ],
   "applications": [
      "/opt/IBM/WebSphere/AppServer/profiles/Dmgr01/config/cells/apwasdevCell01/applications/colt_war.ear/colt_war.ear"
   ],
   "rules": [
      {
         "ruleName": "Behavior change in java.lang.String and java.util.regex.Pattern split methods",
         "ruleId": "StringSplit",
         "severity": "Warning",
         "category": "Java SE version migration / Java SE 8 compatibility impacts",
         "results": [
            {
               "fileName": "colt_war.ear/colt.war/WEB-INF/classes/getSearchResult.class",
               "details": [
                  {
                     "reference": "Method doGet",
                     "match": "java.lang.String.split(*)",
                     "lineNumber": 81
                  }
               ]
            }
         ]
      },
      {
         "ruleName": "Behavior change in month name formatting for some languages",
         "ruleId": "MonthFormattingNames",
         "severity": "Information",
         "category": "Java SE version migration / Java SE 8 compatibility impacts",
         "results": [
            {
               "fileName": "colt_war.ear/colt.war/WEB-INF/classes/SADashboard.class",
               "details": [
                  {
                     "reference": "Method doGet",
                     "match": "java.text.DateFormat.format(*)",
                     "lineNumber": 116
                  },
                  {
                     "reference": "Method doGet",
                     "match": "java.text.DateFormat.format(*)",
                     "lineNumber": 117
                  },
                  {
                     "reference": "Method doGet",
                     "match": "java.text.DateFormat.format(*)",
                     "lineNumber": 118
                  },
                  {
                     "reference": "Method doGet",
                     "match": "java.text.DateFormat.format(*)",
                     "lineNumber": 119
                  },
                  {
                     "reference": "Method doGet",
                     "match": "java.text.SimpleDateFormat.format(*)",
                     "lineNumber": 127
                  },
                  {
                     "reference": "Method doGet",
                     "match": "java.text.SimpleDateFormat.format(*)",
                     "lineNumber": 129
                  }
               ]
            },
            {
               "fileName": "colt_war.ear/colt.war/WEB-INF/classes/SiteEvalSMS.class",
               "details": [
                  {
                     "reference": "Method doPost",
                     "match": "java.text.SimpleDateFormat.format(*)",
                     "lineNumber": 119
                  },
                  {
                     "reference": "Method doPost",
                     "match": "java.text.SimpleDateFormat.format(*)",
                     "lineNumber": 121
                  },
                  {
                     "reference": "Method doPost",
                     "match": "java.text.SimpleDateFormat.format(*)",
                     "lineNumber": 179
                  }
               ]
            },
            {
               "fileName": "colt_war.ear/colt.war/WEB-INF/classes/cancelAppointment.class",
               "details": [
                  {
                     "reference": "Method doPost",
                     "match": "java.text.SimpleDateFormat.format(*)",
                     "lineNumber": 146
                  },
                  {
                     "reference": "Method doPost",
                     "match": "java.text.SimpleDateFormat.format(*)",
                     "lineNumber": 164
                  },
                  {
                     "reference": "Method doPost",
                     "match": "java.text.SimpleDateFormat.format(*)",
                     "lineNumber": 175
                  },
                  {
                     "reference": "Method doPost",
                     "match": "java.text.SimpleDateFormat.format(*)",
                     "lineNumber": 193
                  }
               ]
            },
            {
               "fileName": "colt_war.ear/colt.war/WEB-INF/classes/csoDashboard.class",
               "details": [
                  {
                     "reference": "Method doGet",
                     "match": "java.text.DateFormat.format(*)",
                     "lineNumber": 155
                  },
                  {
                     "reference": "Method doGet",
                     "match": "java.text.DateFormat.format(*)",
                     "lineNumber": 156
                  },
                  {
                     "reference": "Method doGet",
                     "match": "java.text.DateFormat.format(*)",
                     "lineNumber": 157
                  },
                  {
                     "reference": "Method doGet",
                     "match": "java.text.DateFormat.format(*)",
                     "lineNumber": 158
                  },
                  {
                     "reference": "Method doGet",
                     "match": "java.text.SimpleDateFormat.format(*)",
                     "lineNumber": 166
                  },
                  {
                     "reference": "Method doGet",
                     "match": "java.text.SimpleDateFormat.format(*)",
                     "lineNumber": 168
                  },
                  {
                     "reference": "Method doGet",
                     "match": "java.text.SimpleDateFormat.format(*)",
                     "lineNumber": 855
                  },
                  {
                     "reference": "Method doGet",
                     "match": "java.text.SimpleDateFormat.format(*)",
                     "lineNumber": 865
                  }
               ]
            },
            {
               "fileName": "colt_war.ear/colt.war/WEB-INF/classes/cso_getAppointmentByUserCode.class",
               "details": [
                  {
                     "reference": "Method doGet",
                     "match": "java.text.SimpleDateFormat.format(*)",
                     "lineNumber": 156
                  },
                  {
                     "reference": "Method doGet",
                     "match": "java.text.SimpleDateFormat.format(*)",
                     "lineNumber": 614
                  },
                  {
                     "reference": "Method doGet",
                     "match": "java.text.SimpleDateFormat.format(*)",
                     "lineNumber": 624
                  }
               ]
            },
            {
               "fileName": "colt_war.ear/colt.war/WEB-INF/classes/cso_getDashBoardDetails.class",
               "details": [
                  {
                     "reference": "Method doGet",
                     "match": "java.text.DateFormat.format(*)",
                     "lineNumber": 97
                  },
                  {
                     "reference": "Method doGet",
                     "match": "java.text.DateFormat.format(*)",
                     "lineNumber": 98
                  },
                  {
                     "reference": "Method doGet",
                     "match": "java.text.DateFormat.format(*)",
                     "lineNumber": 99
                  },
                  {
                     "reference": "Method doGet",
                     "match": "java.text.DateFormat.format(*)",
                     "lineNumber": 100
                  },
                  {
                     "reference": "Method doGet",
                     "match": "java.text.SimpleDateFormat.format(*)",
                     "lineNumber": 108
                  },
                  {
                     "reference": "Method doGet",
                     "match": "java.text.SimpleDateFormat.format(*)",
                     "lineNumber": 110
                  }
               ]
            },
            {
               "fileName": "colt_war.ear/colt.war/WEB-INF/classes/getAppointmentByUserCode.class",
               "details": [
                  {
                     "reference": "Method doGet",
                     "match": "java.text.DateFormat.format(*)",
                     "lineNumber": 246
                  },
                  {
                     "reference": "Method doGet",
                     "match": "java.text.DateFormat.format(*)",
                     "lineNumber": 247
                  },
                  {
                     "reference": "Method doGet",
                     "match": "java.text.DateFormat.format(*)",
                     "lineNumber": 248
                  },
                  {
                     "reference": "Method doGet",
                     "match": "java.text.DateFormat.format(*)",
                     "lineNumber": 249
                  },
                  {
                     "reference": "Method doGet",
                     "match": "java.text.DateFormat.format(*)",
                     "lineNumber": 250
                  },
                  {
                     "reference": "Method doGet",
                     "match": "java.text.SimpleDateFormat.format(*)",
                     "lineNumber": 223
                  },
                  {
                     "reference": "Method doGet",
                     "match": "java.text.SimpleDateFormat.format(*)",
                     "lineNumber": 1019
                  },
                  {
                     "reference": "Method doGet",
                     "match": "java.text.SimpleDateFormat.format(*)",
                     "lineNumber": 1029
                  }
               ]
            },
            {
               "fileName": "colt_war.ear/colt.war/WEB-INF/classes/getDateFilteredAppointments.class",
               "details": [
                  {
                     "reference": "Method doGet",
                     "match": "java.text.DateFormat.format(*)",
                     "lineNumber": 178
                  },
                  {
                     "reference": "Method doGet",
                     "match": "java.text.DateFormat.format(*)",
                     "lineNumber": 179
                  },
                  {
                     "reference": "Method doGet",
                     "match": "java.text.DateFormat.format(*)",
                     "lineNumber": 180
                  },
                  {
                     "reference": "Method doGet",
                     "match": "java.text.SimpleDateFormat.format(*)",
                     "lineNumber": 144
                  }
               ]
            },
            {
               "fileName": "colt_war.ear/colt.war/WEB-INF/classes/getSearchResult.class",
               "details": [
                  {
                     "reference": "Method doGet",
                     "match": "java.text.SimpleDateFormat.format(*)",
                     "lineNumber": 103
                  }
               ]
            },
            {
               "fileName": "colt_war.ear/colt.war/WEB-INF/classes/getTrackingDetails.class",
               "details": [
                  {
                     "reference": "Method doGet",
                     "match": "java.text.SimpleDateFormat.format(*)",
                     "lineNumber": 81
                  }
               ]
            },
            {
               "fileName": "colt_war.ear/colt.war/WEB-INF/classes/leadReschedule.class",
               "details": [
                  {
                     "reference": "Method doPost",
                     "match": "java.text.SimpleDateFormat.format(*)",
                     "lineNumber": 130
                  },
                  {
                     "reference": "Method doPost",
                     "match": "java.text.SimpleDateFormat.format(*)",
                     "lineNumber": 159
                  }
               ]
            },
            {
               "fileName": "colt_war.ear/colt.war/WEB-INF/classes/leadTrackingUpdate.class",
               "details": [
                  {
                     "reference": "Method doPost",
                     "match": "java.text.SimpleDateFormat.format(*)",
                     "lineNumber": 158
                  },
                  {
                     "reference": "Method doPost",
                     "match": "java.text.SimpleDateFormat.format(*)",
                     "lineNumber": 180
                  },
                  {
                     "reference": "Method doPost",
                     "match": "java.text.SimpleDateFormat.format(*)",
                     "lineNumber": 191
                  },
                  {
                     "reference": "Method doPost",
                     "match": "java.text.SimpleDateFormat.format(*)",
                     "lineNumber": 225
                  },
                  {
                     "reference": "Method doPost",
                     "match": "java.text.SimpleDateFormat.format(*)",
                     "lineNumber": 225
                  },
                  {
                     "reference": "Method doPost",
                     "match": "java.text.SimpleDateFormat.format(*)",
                     "lineNumber": 232
                  },
                  {
                     "reference": "Method doPost",
                     "match": "java.text.SimpleDateFormat.format(*)",
                     "lineNumber": 232
                  },
                  {
                     "reference": "Method doPost",
                     "match": "java.text.SimpleDateFormat.format(*)",
                     "lineNumber": 239
                  },
                  {
                     "reference": "Method doPost",
                     "match": "java.text.SimpleDateFormat.format(*)",
                     "lineNumber": 239
                  },
                  {
                     "reference": "Method doPost",
                     "match": "java.text.SimpleDateFormat.format(*)",
                     "lineNumber": 292
                  },
                  {
                     "reference": "Method doPost",
                     "match": "java.text.SimpleDateFormat.format(*)",
                     "lineNumber": 346
                  },
                  {
                     "reference": "Method doPost",
                     "match": "java.text.SimpleDateFormat.format(*)",
                     "lineNumber": 383
                  },
                  {
                     "reference": "Method doPost",
                     "match": "java.text.SimpleDateFormat.format(*)",
                     "lineNumber": 431
                  },
                  {
                     "reference": "Method doPost",
                     "match": "java.text.SimpleDateFormat.format(*)",
                     "lineNumber": 457
                  }
               ]
            },
            {
               "fileName": "colt_war.ear/colt.war/WEB-INF/classes/testSSL.class",
               "details": [
                  {
                     "reference": "Method doGet",
                     "match": "java.text.DateFormat.format(*)",
                     "lineNumber": 122
                  },
                  {
                     "reference": "Method doGet",
                     "match": "java.text.DateFormat.format(*)",
                     "lineNumber": 123
                  },
                  {
                     "reference": "Method doGet",
                     "match": "java.text.DateFormat.format(*)",
                     "lineNumber": 124
                  },
                  {
                     "reference": "Method doGet",
                     "match": "java.text.DateFormat.format(*)",
                     "lineNumber": 125
                  }
               ]
            }
         ]
      },
      {
         "ruleName": "Behavior change in rounding in NumberFormat and DecimalFormat format methods",
         "ruleId": "NumberFormatRounding",
         "severity": "Information",
         "category": "Java SE version migration / Java SE 8 compatibility impacts",
         "results": [
            {
               "fileName": "colt_war.ear/colt.war/WEB-INF/classes/SADashboard.class",
               "details": [
                  {
                     "reference": "Method doGet",
                     "match": "java.text.DecimalFormat.format(double)",
                     "lineNumber": 328
                  },
                  {
                     "reference": "Method doGet",
                     "match": "java.text.DecimalFormat.format(double)",
                     "lineNumber": 1029
                  },
                  {
                     "reference": "Method doGet",
                     "match": "java.text.DecimalFormat.format(double)",
                     "lineNumber": 1030
                  }
               ]
            }
         ]
      },
      {
         "ruleName": "Behavior change in the BigDecimal stripTrailingZeros method for a zero value",
         "ruleId": "BigDecimalStripTrailingZeros",
         "severity": "Information",
         "category": "Java SE version migration / Java SE 8 compatibility impacts",
         "results": [
            {
               "fileName": "colt_war.ear/colt.war/WEB-INF/lib/sqljdbc4.jar/microsoft/sql/DateTimeOffset.class",
               "details": [
                  {
                     "reference": "Method toString",
                     "match": "java.math.BigDecimal.stripTrailingZeros(*)",
                     "lineNumber": 127
                  }
               ]
            }
         ]
      },
      {
         "ruleName": "Databases",
         "ruleId": "DatabasesSQLRule",
         "severity": "Warning",
         "category": "Technology connectivity considerations for IBM Cloud",
         "results": [
            {
               "fileName": "colt_war.ear/colt.war/WEB-INF/classes/SADashboard.class",
               "details": [
                  {
                     "reference": "Constructor",
                     "match": "java.sql",
                     "lineNumber": 31
                  }
               ]
            },
            {
               "fileName": "colt_war.ear/colt.war/WEB-INF/lib/sqljdbc4.jar/microsoft/sql/DateTimeOffset$SerializationProxy.class",
               "details": [
                  {
                     "reference": "Method readResolve",
                     "match": "java.sql",
                     "lineNumber": 264
                  }
               ]
            }
         ]
      },
      {
         "ruleName": "The use of java.sql.Driver and java.sql.DriverManager interfaces requires configuration ",
         "ruleId": "SqlDriverRule",
         "severity": "Severe",
         "category": "WebSphere traditional to Liberty",
         "results": [
            {
               "fileName": "colt_war.ear/colt.war/WEB-INF/classes/SADashboard.class",
               "details": [
                  {
                     "reference": "Method doGet",
                     "match": "java.sql.DriverManager.getConnection(*)",
                     "lineNumber": 168
                  },
                  {
                     "reference": "Method doGet",
                     "match": "java.sql.DriverManager.getConnection(*)",
                     "lineNumber": 253
                  },
                  {
                     "reference": "Method doGet",
                     "match": "java.sql.DriverManager.getConnection(*)",
                     "lineNumber": 339
                  },
                  {
                     "reference": "Method doGet",
                     "match": "java.sql.DriverManager.getConnection(*)",
                     "lineNumber": 384
                  },
                  {
                     "reference": "Method doGet",
                     "match": "java.sql.DriverManager.getConnection(*)",
                     "lineNumber": 429
                  },
                  {
                     "reference": "Method doGet",
                     "match": "java.sql.DriverManager.getConnection(*)",
                     "lineNumber": 467
                  },
                  {
                     "reference": "Method doGet",
                     "match": "java.sql.DriverManager.getConnection(*)",
                     "lineNumber": 505
                  },
                  {
                     "reference": "Method doGet",
                     "match": "java.sql.DriverManager.getConnection(*)",
                     "lineNumber": 543
                  },
                  {
                     "reference": "Method doGet",
                     "match": "java.sql.DriverManager.getConnection(*)",
                     "lineNumber": 581
                  },
                  {
                     "reference": "Method doGet",
                     "match": "java.sql.DriverManager.getConnection(*)",
                     "lineNumber": 629
                  },
                  {
                     "reference": "Method doGet",
                     "match": "java.sql.DriverManager.getConnection(*)",
                     "lineNumber": 677
                  },
                  {
                     "reference": "Method doGet",
                     "match": "java.sql.DriverManager.getConnection(*)",
                     "lineNumber": 714
                  },
                  {
                     "reference": "Method doGet",
                     "match": "java.sql.DriverManager.getConnection(*)",
                     "lineNumber": 750
                  },
                  {
                     "reference": "Method doGet",
                     "match": "java.sql.DriverManager.getConnection(*)",
                     "lineNumber": 785
                  },
                  {
                     "reference": "Method doGet",
                     "match": "java.sql.DriverManager.getConnection(*)",
                     "lineNumber": 820
                  },
                  {
                     "reference": "Method doGet",
                     "match": "java.sql.DriverManager.getConnection(*)",
                     "lineNumber": 855
                  },
                  {
                     "reference": "Method doGet",
                     "match": "java.sql.DriverManager.getConnection(*)",
                     "lineNumber": 890
                  },
                  {
                     "reference": "Method doGet",
                     "match": "java.sql.DriverManager.getConnection(*)",
                     "lineNumber": 925
                  },
                  {
                     "reference": "Method doGet",
                     "match": "java.sql.DriverManager.getConnection(*)",
                     "lineNumber": 960
                  },
                  {
                     "reference": "Method doGet",
                     "match": "java.sql.DriverManager.getConnection(*)",
                     "lineNumber": 995
                  }
               ]
            },
            {
               "fileName": "colt_war.ear/colt.war/WEB-INF/classes/SiteEvalSMS.class",
               "details": [
                  {
                     "reference": "Method doPost",
                     "match": "java.sql.DriverManager.getConnection(*)",
                     "lineNumber": 166
                  },
                  {
                     "reference": "Method inserDB",
                     "match": "java.sql.DriverManager.getConnection(*)",
                     "lineNumber": 405
                  }
               ]
            },
            {
               "fileName": "colt_war.ear/colt.war/WEB-INF/classes/cancelAppointment.class",
               "details": [
                  {
                     "reference": "Method doPost",
                     "match": "java.sql.DriverManager.getConnection(*)",
                     "lineNumber": 156
                  }
               ]
            },
            {
               "fileName": "colt_war.ear/colt.war/WEB-INF/classes/csoDashboard.class",
               "details": [
                  {
                     "reference": "Method doGet",
                     "match": "java.sql.DriverManager.getConnection(*)",
                     "lineNumber": 207
                  },
                  {
                     "reference": "Method doGet",
                     "match": "java.sql.DriverManager.getConnection(*)",
                     "lineNumber": 241
                  },
                  {
                     "reference": "Method doGet",
                     "match": "java.sql.DriverManager.getConnection(*)",
                     "lineNumber": 280
                  },
                  {
                     "reference": "Method doGet",
                     "match": "java.sql.DriverManager.getConnection(*)",
                     "lineNumber": 373
                  },
                  {
                     "reference": "Method doGet",
                     "match": "java.sql.DriverManager.getConnection(*)",
                     "lineNumber": 469
                  },
                  {
                     "reference": "Method doGet",
                     "match": "java.sql.DriverManager.getConnection(*)",
                     "lineNumber": 515
                  },
                  {
                     "reference": "Method doGet",
                     "match": "java.sql.DriverManager.getConnection(*)",
                     "lineNumber": 553
                  },
                  {
                     "reference": "Method doGet",
                     "match": "java.sql.DriverManager.getConnection(*)",
                     "lineNumber": 591
                  },
                  {
                     "reference": "Method doGet",
                     "match": "java.sql.DriverManager.getConnection(*)",
                     "lineNumber": 642
                  },
                  {
                     "reference": "Method doGet",
                     "match": "java.sql.DriverManager.getConnection(*)",
                     "lineNumber": 679
                  },
                  {
                     "reference": "Method doGet",
                     "match": "java.sql.DriverManager.getConnection(*)",
                     "lineNumber": 715
                  },
                  {
                     "reference": "Method doGet",
                     "match": "java.sql.DriverManager.getConnection(*)",
                     "lineNumber": 764
                  },
                  {
                     "reference": "Method doGet",
                     "match": "java.sql.DriverManager.getConnection(*)",
                     "lineNumber": 860
                  }
               ]
            },
            {
               "fileName": "colt_war.ear/colt.war/WEB-INF/classes/cso_getAppointmentByUserCode.class",
               "details": [
                  {
                     "reference": "Method doGet",
                     "match": "java.sql.DriverManager.getConnection(*)",
                     "lineNumber": 166
                  },
                  {
                     "reference": "Method doGet",
                     "match": "java.sql.DriverManager.getConnection(*)",
                     "lineNumber": 200
                  },
                  {
                     "reference": "Method doGet",
                     "match": "java.sql.DriverManager.getConnection(*)",
                     "lineNumber": 237
                  },
                  {
                     "reference": "Method doGet",
                     "match": "java.sql.DriverManager.getConnection(*)",
                     "lineNumber": 359
                  },
                  {
                     "reference": "Method doGet",
                     "match": "java.sql.DriverManager.getConnection(*)",
                     "lineNumber": 483
                  },
                  {
                     "reference": "Method doGet",
                     "match": "java.sql.DriverManager.getConnection(*)",
                     "lineNumber": 619
                  }
               ]
            },
            {
               "fileName": "colt_war.ear/colt.war/WEB-INF/classes/cso_getDashBoardDetails.class",
               "details": [
                  {
                     "reference": "Method doGet",
                     "match": "java.sql.DriverManager.getConnection(*)",
                     "lineNumber": 147
                  },
                  {
                     "reference": "Method doGet",
                     "match": "java.sql.DriverManager.getConnection(*)",
                     "lineNumber": 157
                  },
                  {
                     "reference": "Method doGet",
                     "match": "java.sql.DriverManager.getConnection(*)",
                     "lineNumber": 191
                  },
                  {
                     "reference": "Method doGet",
                     "match": "java.sql.DriverManager.getConnection(*)",
                     "lineNumber": 232
                  },
                  {
                     "reference": "Method doGet",
                     "match": "java.sql.DriverManager.getConnection(*)",
                     "lineNumber": 373
                  },
                  {
                     "reference": "Method doGet",
                     "match": "java.sql.DriverManager.getConnection(*)",
                     "lineNumber": 515
                  },
                  {
                     "reference": "Method doGet",
                     "match": "java.sql.DriverManager.getConnection(*)",
                     "lineNumber": 664
                  },
                  {
                     "reference": "Method doGet",
                     "match": "java.sql.DriverManager.getConnection(*)",
                     "lineNumber": 813
                  },
                  {
                     "reference": "Method doGet",
                     "match": "java.sql.DriverManager.getConnection(*)",
                     "lineNumber": 957
                  },
                  {
                     "reference": "Method doGet",
                     "match": "java.sql.DriverManager.getConnection(*)",
                     "lineNumber": 1102
                  },
                  {
                     "reference": "Method doGet",
                     "match": "java.sql.DriverManager.getConnection(*)",
                     "lineNumber": 1244
                  },
                  {
                     "reference": "Method doGet",
                     "match": "java.sql.DriverManager.getConnection(*)",
                     "lineNumber": 1390
                  },
                  {
                     "reference": "Method doGet",
                     "match": "java.sql.DriverManager.getConnection(*)",
                     "lineNumber": 1598
                  },
                  {
                     "reference": "Method doGet",
                     "match": "java.sql.DriverManager.getConnection(*)",
                     "lineNumber": 1751
                  },
                  {
                     "reference": "Method doGet",
                     "match": "java.sql.DriverManager.getConnection(*)",
                     "lineNumber": 1903
                  },
                  {
                     "reference": "Method doGet",
                     "match": "java.sql.DriverManager.getConnection(*)",
                     "lineNumber": 2060
                  },
                  {
                     "reference": "Method doGet",
                     "match": "java.sql.DriverManager.getConnection(*)",
                     "lineNumber": 2217
                  },
                  {
                     "reference": "Method doGet",
                     "match": "java.sql.DriverManager.getConnection(*)",
                     "lineNumber": 2371
                  },
                  {
                     "reference": "Method doGet",
                     "match": "java.sql.DriverManager.getConnection(*)",
                     "lineNumber": 2527
                  },
                  {
                     "reference": "Method doGet",
                     "match": "java.sql.DriverManager.getConnection(*)",
                     "lineNumber": 2680
                  },
                  {
                     "reference": "Method doGet",
                     "match": "java.sql.DriverManager.getConnection(*)",
                     "lineNumber": 2836
                  }
               ]
            },
            {
               "fileName": "colt_war.ear/colt.war/WEB-INF/classes/getAppointmentByUserCode.class",
               "details": [
                  {
                     "reference": "Method doGet",
                     "match": "java.sql.DriverManager.getConnection(*)",
                     "lineNumber": 267
                  },
                  {
                     "reference": "Method doGet",
                     "match": "java.sql.DriverManager.getConnection(*)",
                     "lineNumber": 417
                  },
                  {
                     "reference": "Method doGet",
                     "match": "java.sql.DriverManager.getConnection(*)",
                     "lineNumber": 568
                  },
                  {
                     "reference": "Method doGet",
                     "match": "java.sql.DriverManager.getConnection(*)",
                     "lineNumber": 717
                  },
                  {
                     "reference": "Method doGet",
                     "match": "java.sql.DriverManager.getConnection(*)",
                     "lineNumber": 869
                  },
                  {
                     "reference": "Method doGet",
                     "match": "java.sql.DriverManager.getConnection(*)",
                     "lineNumber": 1024
                  }
               ]
            },
            {
               "fileName": "colt_war.ear/colt.war/WEB-INF/classes/getDateFilteredAppointments.class",
               "details": [
                  {
                     "reference": "Method doGet",
                     "match": "java.sql.DriverManager.getConnection(*)",
                     "lineNumber": 193
                  },
                  {
                     "reference": "Method doGet",
                     "match": "java.sql.DriverManager.getConnection(*)",
                     "lineNumber": 328
                  },
                  {
                     "reference": "Method doGet",
                     "match": "java.sql.DriverManager.getConnection(*)",
                     "lineNumber": 488
                  },
                  {
                     "reference": "Method doGet",
                     "match": "java.sql.DriverManager.getConnection(*)",
                     "lineNumber": 613
                  }
               ]
            },
            {
               "fileName": "colt_war.ear/colt.war/WEB-INF/classes/getSearchResult.class",
               "details": [
                  {
                     "reference": "Method doGet",
                     "match": "java.sql.DriverManager.getConnection(*)",
                     "lineNumber": 112
                  }
               ]
            },
            {
               "fileName": "colt_war.ear/colt.war/WEB-INF/classes/getTrackingDetails.class",
               "details": [
                  {
                     "reference": "Method doGet",
                     "match": "java.sql.DriverManager.getConnection(*)",
                     "lineNumber": 90
                  }
               ]
            },
            {
               "fileName": "colt_war.ear/colt.war/WEB-INF/classes/leadReschedule.class",
               "details": [
                  {
                     "reference": "Method doPost",
                     "match": "java.sql.DriverManager.getConnection(*)",
                     "lineNumber": 139
                  }
               ]
            },
            {
               "fileName": "colt_war.ear/colt.war/WEB-INF/classes/leadTrackingUpdate.class",
               "details": [
                  {
                     "reference": "Method doPost",
                     "match": "java.sql.DriverManager.getConnection(*)",
                     "lineNumber": 172
                  }
               ]
            }
         ]
      },
      {
         "ruleName": "Validate the URL host and port for cloud access",
         "ruleId": "URLRuleDockerCloud",
         "severity": "Warning",
         "category": "Connectivity considerations for IBM Cloud (Docker and WebSphere in IBM Cloud)",
         "results": [
            {
               "fileName": "colt_war.ear/colt.war/WEB-INF/classes/HybrisCallerNew.class",
               "details": [
                  {
                     "reference": "Constructor",
                     "match": "https://172.25.210.90:9002/authorizationserver/oauth/token",
                     "lineNumber": 46
                  }
               ]
            },
            {
               "fileName": "colt_war.ear/colt.war/WEB-INF/classes/HybrisFetcher.class",
               "details": [
                  {
                     "reference": "Method doGet",
                     "match": "https://hybris.asianpaints.com/aemintegration/v2/apc/apbooking/getBookedSlotsForAgents?agentCode=HS1200019&fromDate=2017-07-01&toDate=2017-07-30",
                     "lineNumber": 49
                  }
               ]
            },
            {
               "fileName": "colt_war.ear/colt.war/WEB-INF/classes/SADashboard.class",
               "details": [
                  {
                     "reference": "Method doGet",
                     "match": "jdbc:sqlserver://172.25.30.173;user=aphsmcrm;password=aphsmcrm;database=SUP_CRM",
                     "lineNumber": 163
                  }
               ]
            },
            {
               "fileName": "colt_war.ear/colt.war/WEB-INF/classes/SiteEvalSMS.class",
               "details": [
                  {
                     "reference": "Method doPost",
                     "match": "jdbc:sqlserver://172.25.30.173;user=aphsmcrm;password=aphsmcrm;database=SUP_CRM",
                     "lineNumber": 163
                  },
                  {
                     "reference": "Method inserDB",
                     "match": "jdbc:sqlserver://172.25.30.173;user=aphsmcrm;password=aphsmcrm;database=SUP_CRM",
                     "lineNumber": 403
                  },
                  {
                     "reference": "Method sendSMS",
                     "match": "http://mngp.asianpaints.com/sap/opu/odata/sap/Z_ZRFC_CREATE_SMS_SRV/SMS_DETAILS",
                     "lineNumber": 327
                  }
               ]
            },
            {
               "fileName": "colt_war.ear/colt.war/WEB-INF/classes/cancelAppointment.class",
               "details": [
                  {
                     "reference": "Method doPost",
                     "match": "jdbc:sqlserver://172.25.30.173;user=aphsmcrm;password=aphsmcrm;database=SUP_CRM",
                     "lineNumber": 151
                  }
               ]
            },
            {
               "fileName": "colt_war.ear/colt.war/WEB-INF/classes/csoDashboard.class",
               "details": [
                  {
                     "reference": "Method doGet",
                     "match": "jdbc:sqlserver://172.25.30.173;user=aphsmcrm;password=aphsmcrm;database=SUP_CRM",
                     "lineNumber": 199
                  },
                  {
                     "reference": "Method doGet",
                     "match": "jdbc:sqlserver://172.25.30.173;user=aphsmcrm;password=aphsmcrm;database=SUP_CRM",
                     "lineNumber": 275
                  }
               ]
            },
            {
               "fileName": "colt_war.ear/colt.war/WEB-INF/classes/cso_getAppointmentByUserCode.class",
               "details": [
                  {
                     "reference": "Method doGet",
                     "match": "jdbc:sqlserver://172.25.30.173;user=aphsmcrm;password=aphsmcrm;database=SUP_CRM",
                     "lineNumber": 158
                  }
               ]
            },
            {
               "fileName": "colt_war.ear/colt.war/WEB-INF/classes/cso_getDashBoardDetails.class",
               "details": [
                  {
                     "reference": "Method doGet",
                     "match": "jdbc:sqlserver://172.25.30.173;user=aphsmcrm;password=aphsmcrm;database=SUP_CRM",
                     "lineNumber": 141
                  }
               ]
            },
            {
               "fileName": "colt_war.ear/colt.war/WEB-INF/classes/getAppointmentByUserCode.class",
               "details": [
                  {
                     "reference": "Method doGet",
                     "match": "jdbc:sqlserver://172.25.30.173;user=aphsmcrm;password=aphsmcrm;database=SUP_CRM",
                     "lineNumber": 260
                  }
               ]
            },
            {
               "fileName": "colt_war.ear/colt.war/WEB-INF/classes/getDateFilteredAppointments.class",
               "details": [
                  {
                     "reference": "Method doGet",
                     "match": "jdbc:sqlserver://172.25.30.173;user=aphsmcrm;password=aphsmcrm;database=SUP_CRM",
                     "lineNumber": 186
                  }
               ]
            },
            {
               "fileName": "colt_war.ear/colt.war/WEB-INF/classes/getSearchResult.class",
               "details": [
                  {
                     "reference": "Method doGet",
                     "match": "jdbc:sqlserver://172.25.30.173;user=aphsmcrm;password=aphsmcrm;database=SUP_CRM",
                     "lineNumber": 105
                  }
               ]
            },
            {
               "fileName": "colt_war.ear/colt.war/WEB-INF/classes/getTrackingDetails.class",
               "details": [
                  {
                     "reference": "Method doGet",
                     "match": "jdbc:sqlserver://172.25.30.173;user=aphsmcrm;password=aphsmcrm;database=SUP_CRM",
                     "lineNumber": 83
                  }
               ]
            },
            {
               "fileName": "colt_war.ear/colt.war/WEB-INF/classes/hybrisCaller.class",
               "details": [
                  {
                     "reference": "Method doGet",
                     "match": "http://172.25.210.27:9001/authorizationserver/oauth/token",
                     "lineNumber": 39
                  },
                  {
                     "reference": "Method pullData1",
                     "match": "https://hybris.asianpaints.com/aemintegration/oauth/token",
                     "lineNumber": 213
                  }
               ]
            },
            {
               "fileName": "colt_war.ear/colt.war/WEB-INF/classes/leadReschedule.class",
               "details": [
                  {
                     "reference": "Method doPost",
                     "match": "jdbc:sqlserver://172.25.30.173;user=aphsmcrm;password=aphsmcrm;database=SUP_CRM",
                     "lineNumber": 134
                  }
               ]
            },
            {
               "fileName": "colt_war.ear/colt.war/WEB-INF/classes/leadTrackingUpdate.class",
               "details": [
                  {
                     "reference": "Method doPost",
                     "match": "jdbc:sqlserver://172.25.30.173;user=aphsmcrm;password=aphsmcrm;database=SUP_CRM",
                     "lineNumber": 167
                  }
               ]
            },
            {
               "fileName": "colt_war.ear/colt.war/WEB-INF/classes/testSSL.class",
               "details": [
                  {
                     "reference": "Method doGet",
                     "match": "https://172.25.210.90:9002/aemintegration/v2/apc/apbooking/getBookedSlotsForAgents?agentCode=",
                     "lineNumber": 132
                  }
               ]
            },
            {
               "fileName": "colt_war.ear/colt.war/WEB-INF/classes/testSSL2.class",
               "details": [
                  {
                     "reference": "Constructor",
                     "match": "https://172.25.210.90:9002/aemintegration/v2/apc/apbooking/update-appointment",
                     "lineNumber": 61
                  }
               ]
            },
            {
               "fileName": "colt_war.ear/colt.war/WEB-INF/classes/testSSL4.class",
               "details": [
                  {
                     "reference": "Constructor",
                     "match": "https://172.25.210.90:9002/aemintegration/v2/apc/apbooking/confirm-appointment",
                     "lineNumber": 64
                  }
               ]
            },
            {
               "fileName": "colt_war.ear/colt.war/WEB-INF/classes/tokenRefresher.class",
               "details": [
                  {
                     "reference": "Constructor",
                     "match": "https://172.25.210.90:9002/authorizationserver/oauth/token",
                     "lineNumber": 36
                  }
               ]
            }
         ]
      }
   ]
}