<?xml version="1.0" encoding="UTF-8"?><server description="Feature list generated by binaryAppScanner">
    <featureManager>
        <!--The following features are available in all editions of Liberty.-->
        <feature>javaMail-1.5</feature>
        <feature>jaxb-2.2</feature>
        <feature>jaxrs-1.1</feature>
        <feature>jdbc-4.1</feature>
        <feature>jndi-1.0</feature>
        <feature>servlet-3.1</feature>
        <!--The following features are available in all editions of Liberty, except for Liberty Core.-->
        <feature>jaxws-2.2</feature>
    </featureManager>
</server>