{
   "report": "analysis",
   "version": "1.2",
   "productVersion": "9.0",
   "productRelease": "19.0.0.2-TA1",
   "options": [
      "--sourceAppServer=was855",
      "--sourceJava=ibm7",
      "--sourceJavaEE=ee6",
      "--targetAppServer=liberty",
      "--targetJava=ibm8",
      "--targetCloud=dockerIBMCloud",
      "--excludePackages=com.ibm,com.informix,com.microsoft,com.sybase,com.sun,java,javax,net,oracle,org,sqlj,_ibmjsp"
   ],
   "totalRulesFlagged": 7,
   "filesAffected": 40,
   "totalResults": 93,
   "severitySummary": [
      {
         "severity": "Severe",
         "totalRulesFlagged": 2,
         "totalResults": 2
      },
      {
         "severity": "Warning",
         "totalRulesFlagged": 4,
         "totalResults": 45
      },
      {
         "severity": "Information",
         "totalRulesFlagged": 1,
         "totalResults": 46
      }
   ],
   "applications": [
      "/opt/IBM/WebSphere/AppServer/profiles/Dmgr01/config/cells/apwasdevCell01/applications/CSP_war.ear/CSP_war.ear"
   ],
   "rules": [
      {
         "ruleName": "Behavior change in month name formatting for some languages",
         "ruleId": "MonthFormattingNames",
         "severity": "Information",
         "category": "Java SE version migration / Java SE 8 compatibility impacts",
         "results": [
            {
               "fileName": "CSP_war.ear/CSP.war/WEB-INF/classes/com/csp/services/Color_Spectrum.class",
               "details": [
                  {
                     "reference": "Method doGet",
                     "match": "java.text.SimpleDateFormat.format(*)",
                     "lineNumber": 137
                  },
                  {
                     "reference": "Method doGet",
                     "match": "java.text.SimpleDateFormat.format(*)",
                     "lineNumber": 137
                  },
                  {
                     "reference": "Method doGet",
                     "match": "java.text.SimpleDateFormat.format(*)",
                     "lineNumber": 137
                  },
                  {
                     "reference": "Method doGet",
                     "match": "java.text.SimpleDateFormat.format(*)",
                     "lineNumber": 137
                  },
                  {
                     "reference": "Method doGet",
                     "match": "java.text.SimpleDateFormat.format(*)",
                     "lineNumber": 137
                  }
               ]
            },
            {
               "fileName": "CSP_war.ear/CSP.war/WEB-INF/classes/com/csp/services/DeletePallete.class",
               "details": [
                  {
                     "reference": "Method doGet",
                     "match": "java.text.SimpleDateFormat.format(*)",
                     "lineNumber": 111
                  },
                  {
                     "reference": "Method doGet",
                     "match": "java.text.SimpleDateFormat.format(*)",
                     "lineNumber": 111
                  },
                  {
                     "reference": "Method doGet",
                     "match": "java.text.SimpleDateFormat.format(*)",
                     "lineNumber": 111
                  },
                  {
                     "reference": "Method doGet",
                     "match": "java.text.SimpleDateFormat.format(*)",
                     "lineNumber": 111
                  }
               ]
            },
            {
               "fileName": "CSP_war.ear/CSP.war/WEB-INF/classes/com/csp/services/FetchPallete.class",
               "details": [
                  {
                     "reference": "Method doGet",
                     "match": "java.text.SimpleDateFormat.format(*)",
                     "lineNumber": 77
                  },
                  {
                     "reference": "Method doGet",
                     "match": "java.text.SimpleDateFormat.format(*)",
                     "lineNumber": 133
                  },
                  {
                     "reference": "Method doGet",
                     "match": "java.text.SimpleDateFormat.format(*)",
                     "lineNumber": 133
                  },
                  {
                     "reference": "Method doGet",
                     "match": "java.text.SimpleDateFormat.format(*)",
                     "lineNumber": 133
                  }
               ]
            },
            {
               "fileName": "CSP_war.ear/CSP.war/WEB-INF/classes/com/csp/services/NCS_TO_AP.class",
               "details": [
                  {
                     "reference": "Method doGet",
                     "match": "java.text.SimpleDateFormat.format(*)",
                     "lineNumber": 173
                  },
                  {
                     "reference": "Method doGet",
                     "match": "java.text.SimpleDateFormat.format(*)",
                     "lineNumber": 173
                  },
                  {
                     "reference": "Method doGet",
                     "match": "java.text.SimpleDateFormat.format(*)",
                     "lineNumber": 173
                  },
                  {
                     "reference": "Method doGet",
                     "match": "java.text.SimpleDateFormat.format(*)",
                     "lineNumber": 173
                  },
                  {
                     "reference": "Method doGet",
                     "match": "java.text.SimpleDateFormat.format(*)",
                     "lineNumber": 173
                  }
               ]
            },
            {
               "fileName": "CSP_war.ear/CSP.war/WEB-INF/classes/com/csp/services/PANTONE_TO_AP.class",
               "details": [
                  {
                     "reference": "Method doGet",
                     "match": "java.text.SimpleDateFormat.format(*)",
                     "lineNumber": 175
                  },
                  {
                     "reference": "Method doGet",
                     "match": "java.text.SimpleDateFormat.format(*)",
                     "lineNumber": 175
                  },
                  {
                     "reference": "Method doGet",
                     "match": "java.text.SimpleDateFormat.format(*)",
                     "lineNumber": 175
                  },
                  {
                     "reference": "Method doGet",
                     "match": "java.text.SimpleDateFormat.format(*)",
                     "lineNumber": 175
                  },
                  {
                     "reference": "Method doGet",
                     "match": "java.text.SimpleDateFormat.format(*)",
                     "lineNumber": 175
                  }
               ]
            },
            {
               "fileName": "CSP_war.ear/CSP.war/WEB-INF/classes/com/csp/services/RAL_TO_AP.class",
               "details": [
                  {
                     "reference": "Method doGet",
                     "match": "java.text.SimpleDateFormat.format(*)",
                     "lineNumber": 177
                  },
                  {
                     "reference": "Method doGet",
                     "match": "java.text.SimpleDateFormat.format(*)",
                     "lineNumber": 177
                  },
                  {
                     "reference": "Method doGet",
                     "match": "java.text.SimpleDateFormat.format(*)",
                     "lineNumber": 177
                  },
                  {
                     "reference": "Method doGet",
                     "match": "java.text.SimpleDateFormat.format(*)",
                     "lineNumber": 177
                  },
                  {
                     "reference": "Method doGet",
                     "match": "java.text.SimpleDateFormat.format(*)",
                     "lineNumber": 177
                  }
               ]
            },
            {
               "fileName": "CSP_war.ear/CSP.war/WEB-INF/classes/com/csp/services/SubmitPallete.class",
               "details": [
                  {
                     "reference": "Method doPost",
                     "match": "java.text.SimpleDateFormat.format(*)",
                     "lineNumber": 172
                  },
                  {
                     "reference": "Method doPost",
                     "match": "java.text.SimpleDateFormat.format(*)",
                     "lineNumber": 275
                  },
                  {
                     "reference": "Method doPost",
                     "match": "java.text.SimpleDateFormat.format(*)",
                     "lineNumber": 283
                  },
                  {
                     "reference": "Method doPost",
                     "match": "java.text.SimpleDateFormat.format(*)",
                     "lineNumber": 327
                  },
                  {
                     "reference": "Method doPost",
                     "match": "java.text.SimpleDateFormat.format(*)",
                     "lineNumber": 327
                  },
                  {
                     "reference": "Method doPost",
                     "match": "java.text.SimpleDateFormat.format(*)",
                     "lineNumber": 327
                  },
                  {
                     "reference": "Method doPost",
                     "match": "java.text.SimpleDateFormat.format(*)",
                     "lineNumber": 327
                  },
                  {
                     "reference": "Method doPost",
                     "match": "java.text.SimpleDateFormat.format(*)",
                     "lineNumber": 327
                  },
                  {
                     "reference": "Method doPost",
                     "match": "java.text.SimpleDateFormat.format(*)",
                     "lineNumber": 327
                  },
                  {
                     "reference": "Method doPost",
                     "match": "java.text.SimpleDateFormat.format(*)",
                     "lineNumber": 327
                  }
               ]
            },
            {
               "fileName": "CSP_war.ear/CSP.war/WEB-INF/classes/com/csp/services/UploadPallete.class",
               "details": [
                  {
                     "reference": "Method doPost",
                     "match": "java.text.SimpleDateFormat.format(*)",
                     "lineNumber": 97
                  },
                  {
                     "reference": "Method doPost",
                     "match": "java.text.SimpleDateFormat.format(*)",
                     "lineNumber": 98
                  },
                  {
                     "reference": "Method doPost",
                     "match": "java.text.SimpleDateFormat.format(*)",
                     "lineNumber": 264
                  },
                  {
                     "reference": "Method doPost",
                     "match": "java.text.SimpleDateFormat.format(*)",
                     "lineNumber": 264
                  },
                  {
                     "reference": "Method doPost",
                     "match": "java.text.SimpleDateFormat.format(*)",
                     "lineNumber": 264
                  },
                  {
                     "reference": "Method doPost",
                     "match": "java.text.SimpleDateFormat.format(*)",
                     "lineNumber": 264
                  },
                  {
                     "reference": "Method doPost",
                     "match": "java.text.SimpleDateFormat.format(*)",
                     "lineNumber": 264
                  },
                  {
                     "reference": "Method doPost",
                     "match": "java.text.SimpleDateFormat.format(*)",
                     "lineNumber": 264
                  }
               ]
            }
         ]
      },
      {
         "ruleName": "Databases",
         "ruleId": "DatabasesSQLRule",
         "severity": "Warning",
         "category": "Technology connectivity considerations for IBM Cloud",
         "results": [
            {
               "fileName": "CSP_war.ear/CSP.war/WEB-INF/classes/com/csp/helper/DBConnect.class",
               "details": [
                  {
                     "reference": "Constructor",
                     "match": "java.sql",
                     "lineNumber": 16
                  }
               ]
            }
         ]
      },
      {
         "ruleName": "Handling application configuration in Docker containers",
         "ruleId": "DetectPropertiesFiles",
         "severity": "Warning",
         "category": "Docker (IBM Cloud Kubernetes Service)",
         "results": [
            {
               "fileName": "CSP_war.ear/CSP.war/WEB-INF/lib/commons-fileupload-1.3.1.jar/META-INF/maven/commons-fileupload/commons-fileupload/pom.properties",
               "details": [
                  {
                     "reference": null,
                     "match": "(.*)?\\.properties",
                     "lineNumber": 0
                  }
               ]
            },
            {
               "fileName": "CSP_war.ear/CSP.war/WEB-INF/lib/json-simple-1.1.1.jar/META-INF/maven/com.googlecode.json-simple/json-simple/pom.properties",
               "details": [
                  {
                     "reference": null,
                     "match": "(.*)?\\.properties",
                     "lineNumber": 0
                  }
               ]
            },
            {
               "fileName": "CSP_war.ear/CSP.war/WEB-INF/lib/ojdbc6.jar/oracle/jdbc/driver/Messages.properties",
               "details": [
                  {
                     "reference": null,
                     "match": "(.*)?\\.properties",
                     "lineNumber": 0
                  }
               ]
            },
            {
               "fileName": "CSP_war.ear/CSP.war/WEB-INF/lib/ojdbc6.jar/oracle/jdbc/driver/Messages_ar.properties",
               "details": [
                  {
                     "reference": null,
                     "match": "(.*)?\\.properties",
                     "lineNumber": 0
                  }
               ]
            },
            {
               "fileName": "CSP_war.ear/CSP.war/WEB-INF/lib/ojdbc6.jar/oracle/jdbc/driver/Messages_ca.properties",
               "details": [
                  {
                     "reference": null,
                     "match": "(.*)?\\.properties",
                     "lineNumber": 0
                  }
               ]
            },
            {
               "fileName": "CSP_war.ear/CSP.war/WEB-INF/lib/ojdbc6.jar/oracle/jdbc/driver/Messages_cs.properties",
               "details": [
                  {
                     "reference": null,
                     "match": "(.*)?\\.properties",
                     "lineNumber": 0
                  }
               ]
            },
            {
               "fileName": "CSP_war.ear/CSP.war/WEB-INF/lib/ojdbc6.jar/oracle/jdbc/driver/Messages_da.properties",
               "details": [
                  {
                     "reference": null,
                     "match": "(.*)?\\.properties",
                     "lineNumber": 0
                  }
               ]
            },
            {
               "fileName": "CSP_war.ear/CSP.war/WEB-INF/lib/ojdbc6.jar/oracle/jdbc/driver/Messages_de.properties",
               "details": [
                  {
                     "reference": null,
                     "match": "(.*)?\\.properties",
                     "lineNumber": 0
                  }
               ]
            },
            {
               "fileName": "CSP_war.ear/CSP.war/WEB-INF/lib/ojdbc6.jar/oracle/jdbc/driver/Messages_el.properties",
               "details": [
                  {
                     "reference": null,
                     "match": "(.*)?\\.properties",
                     "lineNumber": 0
                  }
               ]
            },
            {
               "fileName": "CSP_war.ear/CSP.war/WEB-INF/lib/ojdbc6.jar/oracle/jdbc/driver/Messages_es.properties",
               "details": [
                  {
                     "reference": null,
                     "match": "(.*)?\\.properties",
                     "lineNumber": 0
                  }
               ]
            },
            {
               "fileName": "CSP_war.ear/CSP.war/WEB-INF/lib/ojdbc6.jar/oracle/jdbc/driver/Messages_fi.properties",
               "details": [
                  {
                     "reference": null,
                     "match": "(.*)?\\.properties",
                     "lineNumber": 0
                  }
               ]
            },
            {
               "fileName": "CSP_war.ear/CSP.war/WEB-INF/lib/ojdbc6.jar/oracle/jdbc/driver/Messages_fr.properties",
               "details": [
                  {
                     "reference": null,
                     "match": "(.*)?\\.properties",
                     "lineNumber": 0
                  }
               ]
            },
            {
               "fileName": "CSP_war.ear/CSP.war/WEB-INF/lib/ojdbc6.jar/oracle/jdbc/driver/Messages_hu.properties",
               "details": [
                  {
                     "reference": null,
                     "match": "(.*)?\\.properties",
                     "lineNumber": 0
                  }
               ]
            },
            {
               "fileName": "CSP_war.ear/CSP.war/WEB-INF/lib/ojdbc6.jar/oracle/jdbc/driver/Messages_it.properties",
               "details": [
                  {
                     "reference": null,
                     "match": "(.*)?\\.properties",
                     "lineNumber": 0
                  }
               ]
            },
            {
               "fileName": "CSP_war.ear/CSP.war/WEB-INF/lib/ojdbc6.jar/oracle/jdbc/driver/Messages_iw.properties",
               "details": [
                  {
                     "reference": null,
                     "match": "(.*)?\\.properties",
                     "lineNumber": 0
                  }
               ]
            },
            {
               "fileName": "CSP_war.ear/CSP.war/WEB-INF/lib/ojdbc6.jar/oracle/jdbc/driver/Messages_ja.properties",
               "details": [
                  {
                     "reference": null,
                     "match": "(.*)?\\.properties",
                     "lineNumber": 0
                  }
               ]
            },
            {
               "fileName": "CSP_war.ear/CSP.war/WEB-INF/lib/ojdbc6.jar/oracle/jdbc/driver/Messages_ko.properties",
               "details": [
                  {
                     "reference": null,
                     "match": "(.*)?\\.properties",
                     "lineNumber": 0
                  }
               ]
            },
            {
               "fileName": "CSP_war.ear/CSP.war/WEB-INF/lib/ojdbc6.jar/oracle/jdbc/driver/Messages_nl.properties",
               "details": [
                  {
                     "reference": null,
                     "match": "(.*)?\\.properties",
                     "lineNumber": 0
                  }
               ]
            },
            {
               "fileName": "CSP_war.ear/CSP.war/WEB-INF/lib/ojdbc6.jar/oracle/jdbc/driver/Messages_no.properties",
               "details": [
                  {
                     "reference": null,
                     "match": "(.*)?\\.properties",
                     "lineNumber": 0
                  }
               ]
            },
            {
               "fileName": "CSP_war.ear/CSP.war/WEB-INF/lib/ojdbc6.jar/oracle/jdbc/driver/Messages_pl.properties",
               "details": [
                  {
                     "reference": null,
                     "match": "(.*)?\\.properties",
                     "lineNumber": 0
                  }
               ]
            },
            {
               "fileName": "CSP_war.ear/CSP.war/WEB-INF/lib/ojdbc6.jar/oracle/jdbc/driver/Messages_pt.properties",
               "details": [
                  {
                     "reference": null,
                     "match": "(.*)?\\.properties",
                     "lineNumber": 0
                  }
               ]
            },
            {
               "fileName": "CSP_war.ear/CSP.war/WEB-INF/lib/ojdbc6.jar/oracle/jdbc/driver/Messages_pt_BR.properties",
               "details": [
                  {
                     "reference": null,
                     "match": "(.*)?\\.properties",
                     "lineNumber": 0
                  }
               ]
            },
            {
               "fileName": "CSP_war.ear/CSP.war/WEB-INF/lib/ojdbc6.jar/oracle/jdbc/driver/Messages_ro.properties",
               "details": [
                  {
                     "reference": null,
                     "match": "(.*)?\\.properties",
                     "lineNumber": 0
                  }
               ]
            },
            {
               "fileName": "CSP_war.ear/CSP.war/WEB-INF/lib/ojdbc6.jar/oracle/jdbc/driver/Messages_ru.properties",
               "details": [
                  {
                     "reference": null,
                     "match": "(.*)?\\.properties",
                     "lineNumber": 0
                  }
               ]
            },
            {
               "fileName": "CSP_war.ear/CSP.war/WEB-INF/lib/ojdbc6.jar/oracle/jdbc/driver/Messages_sk.properties",
               "details": [
                  {
                     "reference": null,
                     "match": "(.*)?\\.properties",
                     "lineNumber": 0
                  }
               ]
            },
            {
               "fileName": "CSP_war.ear/CSP.war/WEB-INF/lib/ojdbc6.jar/oracle/jdbc/driver/Messages_sv.properties",
               "details": [
                  {
                     "reference": null,
                     "match": "(.*)?\\.properties",
                     "lineNumber": 0
                  }
               ]
            },
            {
               "fileName": "CSP_war.ear/CSP.war/WEB-INF/lib/ojdbc6.jar/oracle/jdbc/driver/Messages_th.properties",
               "details": [
                  {
                     "reference": null,
                     "match": "(.*)?\\.properties",
                     "lineNumber": 0
                  }
               ]
            },
            {
               "fileName": "CSP_war.ear/CSP.war/WEB-INF/lib/ojdbc6.jar/oracle/jdbc/driver/Messages_tr.properties",
               "details": [
                  {
                     "reference": null,
                     "match": "(.*)?\\.properties",
                     "lineNumber": 0
                  }
               ]
            },
            {
               "fileName": "CSP_war.ear/CSP.war/WEB-INF/lib/ojdbc6.jar/oracle/jdbc/driver/Messages_zh_CN.properties",
               "details": [
                  {
                     "reference": null,
                     "match": "(.*)?\\.properties",
                     "lineNumber": 0
                  }
               ]
            },
            {
               "fileName": "CSP_war.ear/CSP.war/WEB-INF/lib/ojdbc6.jar/oracle/jdbc/driver/Messages_zh_TW.properties",
               "details": [
                  {
                     "reference": null,
                     "match": "(.*)?\\.properties",
                     "lineNumber": 0
                  }
               ]
            },
            {
               "fileName": "CSP_war.ear/CSP.war/WEB-INF/lib/ojdbc6.jar/oracle/net/mesg/Message.properties",
               "details": [
                  {
                     "reference": null,
                     "match": "(.*)?\\.properties",
                     "lineNumber": 0
                  }
               ]
            }
         ]
      },
      {
         "ruleName": "Java EE security",
         "ruleId": "ApplicationSecurityRule",
         "severity": "Warning",
         "category": "Technology connectivity considerations for IBM Cloud",
         "results": [
            {
               "fileName": "CSP_war.ear/CSP.war/WEB-INF/classes/com/csp/services/DeletePallete.class",
               "details": [
                  {
                     "reference": "Method doGet",
                     "match": "javax.servlet.http.HttpServletRequest.getRemoteUser(*)",
                     "lineNumber": 57
                  }
               ]
            }
         ]
      },
      {
         "ruleName": "Managing data inside and between Docker containers",
         "ruleId": "FileSystemRule",
         "severity": "Warning",
         "category": "Docker (IBM Cloud Kubernetes Service)",
         "results": [
            {
               "fileName": "CSP_war.ear/CSP.war/WEB-INF/classes/com/csp/services/NCS_TO_AP.class",
               "details": [
                  {
                     "reference": "Method doGet",
                     "match": "java.io.FileWriter",
                     "lineNumber": 86
                  },
                  {
                     "reference": "Method doGet",
                     "match": "java.io.FileWriter",
                     "lineNumber": 87
                  },
                  {
                     "reference": "Method doGet",
                     "match": "java.io.FileWriter",
                     "lineNumber": 88
                  },
                  {
                     "reference": "Method doGet",
                     "match": "java.io.FileWriter",
                     "lineNumber": 187
                  }
               ]
            },
            {
               "fileName": "CSP_war.ear/CSP.war/WEB-INF/classes/com/csp/services/PANTONE_TO_AP.class",
               "details": [
                  {
                     "reference": "Method doGet",
                     "match": "java.io.FileWriter",
                     "lineNumber": 88
                  },
                  {
                     "reference": "Method doGet",
                     "match": "java.io.FileWriter",
                     "lineNumber": 89
                  },
                  {
                     "reference": "Method doGet",
                     "match": "java.io.FileWriter",
                     "lineNumber": 90
                  },
                  {
                     "reference": "Method doGet",
                     "match": "java.io.FileWriter",
                     "lineNumber": 189
                  }
               ]
            },
            {
               "fileName": "CSP_war.ear/CSP.war/WEB-INF/classes/com/csp/services/RAL_TO_AP.class",
               "details": [
                  {
                     "reference": "Method doGet",
                     "match": "java.io.FileWriter",
                     "lineNumber": 90
                  },
                  {
                     "reference": "Method doGet",
                     "match": "java.io.FileWriter",
                     "lineNumber": 91
                  },
                  {
                     "reference": "Method doGet",
                     "match": "java.io.FileWriter",
                     "lineNumber": 92
                  },
                  {
                     "reference": "Method doGet",
                     "match": "java.io.FileWriter",
                     "lineNumber": 192
                  }
               ]
            }
         ]
      },
      {
         "ruleName": "The use of java.sql.Driver and java.sql.DriverManager interfaces requires configuration ",
         "ruleId": "SqlDriverRule",
         "severity": "Severe",
         "category": "WebSphere traditional to Liberty",
         "results": [
            {
               "fileName": "CSP_war.ear/CSP.war/WEB-INF/classes/com/csp/helper/DBConnect.class",
               "details": [
                  {
                     "reference": "Method Connect",
                     "match": "java.sql.DriverManager.getConnection(*)",
                     "lineNumber": 36
                  }
               ]
            }
         ]
      },
      {
         "ruleName": "org.apache third-party APIs are unavailable on Liberty",
         "ruleId": "HiddenThirdPartyAPIInUseApache",
         "severity": "Severe",
         "category": "WebSphere traditional to Liberty",
         "results": [
            {
               "fileName": "CSP_war.ear/CSP.war/WEB-INF/classes/com/csp/services/UploadPallete.class",
               "details": [
                  {
                     "reference": "Method doPost",
                     "match": "org.apache.commons.io.output",
                     "lineNumber": 177
                  }
               ]
            }
         ]
      }
   ]
}