{
   "report": "analysis",
   "version": "1.2",
   "productVersion": "9.0",
   "productRelease": "19.0.0.2-TA1",
   "options": [
      "--sourceAppServer=was855",
      "--sourceJava=ibm7",
      "--sourceJavaEE=ee6",
      "--targetAppServer=was90",
      "--targetJava=ibm8",
      "--targetJavaEE=ee7",
      "--targetCloud=vmIBMCloud",
      "--excludePackages=com.ibm,com.informix,com.microsoft,com.sybase,com.sun,java,javax,net,oracle,org,sqlj,_ibmjsp"
   ],
   "totalRulesFlagged": 9,
   "filesAffected": 32,
   "totalResults": 76,
   "severitySummary": [
      {
         "severity": "Severe",
         "totalRulesFlagged": 1,
         "totalResults": 15
      },
      {
         "severity": "Warning",
         "totalRulesFlagged": 6,
         "totalResults": 43
      },
      {
         "severity": "Information",
         "totalRulesFlagged": 2,
         "totalResults": 18
      }
   ],
   "applications": [
      "/opt/IBM/WebSphere/AppServer/profiles/Dmgr01/config/cells/apwasdevCell01/applications/Customer_Complaints_Xamarin.ear/Customer_Complaints_Xamarin.ear"
   ],
   "rules": [
      {
         "ruleName": "Behavior change in java.lang.String and java.util.regex.Pattern split methods",
         "ruleId": "StringSplit",
         "severity": "Warning",
         "category": "Java SE version migration / Java SE 8 compatibility impacts",
         "results": [
            {
               "fileName": "Customer_Complaints_Xamarin.ear/Live_Retail_Complaints_Xamarin.war/WEB-INF/classes/MailPDF.class",
               "details": [
                  {
                     "reference": "Method doPost",
                     "match": "java.lang.String.split(*)",
                     "lineNumber": 145
                  }
               ]
            },
            {
               "fileName": "Customer_Complaints_Xamarin.ear/Live_Retail_Complaints_Xamarin.war/WEB-INF/classes/com/asianpaints/retailcomplaints/BPService.class",
               "details": [
                  {
                     "reference": "Method doPost",
                     "match": "java.lang.String.split(*)",
                     "lineNumber": 344
                  }
               ]
            },
            {
               "fileName": "Customer_Complaints_Xamarin.ear/Live_Retail_Complaints_Xamarin.war/WEB-INF/classes/com/asianpaints/retailcomplaints/CreateComplaint.class",
               "details": [
                  {
                     "reference": "Method doPost",
                     "match": "java.lang.String.split(*)",
                     "lineNumber": 92
                  }
               ]
            },
            {
               "fileName": "Customer_Complaints_Xamarin.ear/Live_Retail_Complaints_Xamarin.war/WEB-INF/classes/com/asianpaints/retailcomplaints/GetCNRequest.class",
               "details": [
                  {
                     "reference": "Method doGet",
                     "match": "java.lang.String.split(*)",
                     "lineNumber": 77
                  }
               ]
            },
            {
               "fileName": "Customer_Complaints_Xamarin.ear/Live_Retail_Complaints_Xamarin.war/WEB-INF/classes/com/asianpaints/retailcomplaints/GetComplaints.class",
               "details": [
                  {
                     "reference": "Method doGet",
                     "match": "java.lang.String.split(*)",
                     "lineNumber": 81
                  }
               ]
            },
            {
               "fileName": "Customer_Complaints_Xamarin.ear/Live_Retail_Complaints_Xamarin.war/WEB-INF/classes/com/asianpaints/retailcomplaints/GetDetails.class",
               "details": [
                  {
                     "reference": "Method doGet",
                     "match": "java.lang.String.split(*)",
                     "lineNumber": 106
                  }
               ]
            },
            {
               "fileName": "Customer_Complaints_Xamarin.ear/Live_Retail_Complaints_Xamarin.war/WEB-INF/classes/com/asianpaints/retailcomplaints/GetFirDetails.class",
               "details": [
                  {
                     "reference": "Method doGet",
                     "match": "java.lang.String.split(*)",
                     "lineNumber": 75
                  }
               ]
            },
            {
               "fileName": "Customer_Complaints_Xamarin.ear/Live_Retail_Complaints_Xamarin.war/WEB-INF/classes/com/asianpaints/retailcomplaints/GetHLInfo.class",
               "details": [
                  {
                     "reference": "Method doGet",
                     "match": "java.lang.String.split(*)",
                     "lineNumber": 71
                  }
               ]
            },
            {
               "fileName": "Customer_Complaints_Xamarin.ear/Live_Retail_Complaints_Xamarin.war/WEB-INF/classes/com/asianpaints/retailcomplaints/GetReassignComp.class",
               "details": [
                  {
                     "reference": "Method doGet",
                     "match": "java.lang.String.split(*)",
                     "lineNumber": 66
                  }
               ]
            },
            {
               "fileName": "Customer_Complaints_Xamarin.ear/Live_Retail_Complaints_Xamarin.war/WEB-INF/classes/com/asianpaints/retailcomplaints/OLCUpdate.class",
               "details": [
                  {
                     "reference": "Method doPost",
                     "match": "java.lang.String.split(*)",
                     "lineNumber": 78
                  }
               ]
            },
            {
               "fileName": "Customer_Complaints_Xamarin.ear/Live_Retail_Complaints_Xamarin.war/WEB-INF/classes/com/asianpaints/retailcomplaints/ReassignTer.class",
               "details": [
                  {
                     "reference": "Method doPost",
                     "match": "java.lang.String.split(*)",
                     "lineNumber": 81
                  }
               ]
            },
            {
               "fileName": "Customer_Complaints_Xamarin.ear/Live_Retail_Complaints_Xamarin.war/WEB-INF/classes/com/asianpaints/retailcomplaints/UpdateAppointment.class",
               "details": [
                  {
                     "reference": "Method doPost",
                     "match": "java.lang.String.split(*)",
                     "lineNumber": 90
                  }
               ]
            },
            {
               "fileName": "Customer_Complaints_Xamarin.ear/Live_Retail_Complaints_Xamarin.war/WEB-INF/classes/com/asianpaints/retailcomplaints/UpdateCN.class",
               "details": [
                  {
                     "reference": "Method doPost",
                     "match": "java.lang.String.split(*)",
                     "lineNumber": 98
                  }
               ]
            },
            {
               "fileName": "Customer_Complaints_Xamarin.ear/Live_Retail_Complaints_Xamarin.war/WEB-INF/classes/com/asianpaints/retailcomplaints/UpdateFir.class",
               "details": [
                  {
                     "reference": "Method doPost",
                     "match": "java.lang.String.split(*)",
                     "lineNumber": 95
                  }
               ]
            },
            {
               "fileName": "Customer_Complaints_Xamarin.ear/Live_Retail_Complaints_Xamarin.war/WEB-INF/classes/com/asianpaints/retailcomplaints/login.class",
               "details": [
                  {
                     "reference": "Method doPost",
                     "match": "java.lang.String.split(*)",
                     "lineNumber": 148
                  }
               ]
            },
            {
               "fileName": "Customer_Complaints_Xamarin.ear/Live_Retail_Complaints_Xamarin.war/WEB-INF/lib/itextpdf-5.4.0.jar/com/itextpdf/text/pdf/CJKFont.class",
               "details": [
                  {
                     "reference": "Method loadRegistry",
                     "match": "java.lang.String.split(*)",
                     "lineNumber": 128
                  }
               ]
            }
         ]
      },
      {
         "ruleName": "Behavior change in month name formatting for some languages",
         "ruleId": "MonthFormattingNames",
         "severity": "Information",
         "category": "Java SE version migration / Java SE 8 compatibility impacts",
         "results": [
            {
               "fileName": "Customer_Complaints_Xamarin.ear/Live_Retail_Complaints_Xamarin.war/WEB-INF/classes/MailPDF.class",
               "details": [
                  {
                     "reference": "Method doPost",
                     "match": "java.text.SimpleDateFormat.format(*)",
                     "lineNumber": 187
                  }
               ]
            },
            {
               "fileName": "Customer_Complaints_Xamarin.ear/Live_Retail_Complaints_Xamarin.war/WEB-INF/classes/com/asianpaints/retailcomplaints/CreateComplaint.class",
               "details": [
                  {
                     "reference": "Method doPost",
                     "match": "java.text.SimpleDateFormat.format(*)",
                     "lineNumber": 313
                  }
               ]
            },
            {
               "fileName": "Customer_Complaints_Xamarin.ear/Live_Retail_Complaints_Xamarin.war/WEB-INF/classes/com/asianpaints/retailcomplaints/OLCUpdate.class",
               "details": [
                  {
                     "reference": "Method doPost",
                     "match": "java.text.SimpleDateFormat.format(*)",
                     "lineNumber": 156
                  }
               ]
            },
            {
               "fileName": "Customer_Complaints_Xamarin.ear/Live_Retail_Complaints_Xamarin.war/WEB-INF/classes/com/asianpaints/retailcomplaints/UpdateAppointment.class",
               "details": [
                  {
                     "reference": "Method doPost",
                     "match": "java.text.SimpleDateFormat.format(*)",
                     "lineNumber": 141
                  },
                  {
                     "reference": "Method doPost",
                     "match": "java.text.SimpleDateFormat.format(*)",
                     "lineNumber": 143
                  },
                  {
                     "reference": "Method doPost",
                     "match": "java.text.SimpleDateFormat.format(*)",
                     "lineNumber": 148
                  },
                  {
                     "reference": "Method doPost",
                     "match": "java.text.SimpleDateFormat.format(*)",
                     "lineNumber": 150
                  }
               ]
            },
            {
               "fileName": "Customer_Complaints_Xamarin.ear/Live_Retail_Complaints_Xamarin.war/WEB-INF/classes/com/asianpaints/retailcomplaints/UpdateCN.class",
               "details": [
                  {
                     "reference": "Method doPost",
                     "match": "java.text.SimpleDateFormat.format(*)",
                     "lineNumber": 503
                  },
                  {
                     "reference": "Method doPost",
                     "match": "java.text.SimpleDateFormat.format(*)",
                     "lineNumber": 733
                  },
                  {
                     "reference": "Method doPost",
                     "match": "java.text.SimpleDateFormat.format(*)",
                     "lineNumber": 744
                  }
               ]
            },
            {
               "fileName": "Customer_Complaints_Xamarin.ear/Live_Retail_Complaints_Xamarin.war/WEB-INF/classes/com/asianpaints/retailcomplaints/UpdateFir.class",
               "details": [
                  {
                     "reference": "Method doPost",
                     "match": "java.text.SimpleDateFormat.format(*)",
                     "lineNumber": 593
                  }
               ]
            },
            {
               "fileName": "Customer_Complaints_Xamarin.ear/Live_Retail_Complaints_Xamarin.war/WEB-INF/classes/com/asianpaints/retailcomplaints/services/SAPCallService.class",
               "details": [
                  {
                     "reference": "Method executeRFC",
                     "match": "java.text.SimpleDateFormat.format(*)",
                     "lineNumber": 195
                  },
                  {
                     "reference": "Method executeRFC",
                     "match": "java.text.SimpleDateFormat.format(*)",
                     "lineNumber": 245
                  },
                  {
                     "reference": "Method executeRFC",
                     "match": "java.text.SimpleDateFormat.format(*)",
                     "lineNumber": 246
                  },
                  {
                     "reference": "Method executeRFC",
                     "match": "java.text.SimpleDateFormat.format(*)",
                     "lineNumber": 321
                  }
               ]
            },
            {
               "fileName": "Customer_Complaints_Xamarin.ear/Live_Retail_Complaints_Xamarin.war/WEB-INF/lib/itextpdf-5.4.0.jar/com/itextpdf/text/Document.class",
               "details": [
                  {
                     "reference": "Method addCreationDate",
                     "match": "java.text.SimpleDateFormat.format(*)",
                     "lineNumber": 558
                  }
               ]
            },
            {
               "fileName": "Customer_Complaints_Xamarin.ear/Live_Retail_Complaints_Xamarin.war/WEB-INF/lib/itextpdf-5.4.0.jar/com/itextpdf/text/pdf/PdfSignatureAppearance.class",
               "details": [
                  {
                     "reference": "Method getAppearance",
                     "match": "java.text.SimpleDateFormat.format(*)",
                     "lineNumber": 844
                  }
               ]
            }
         ]
      },
      {
         "ruleName": "Behavior change in rounding in NumberFormat and DecimalFormat format methods",
         "ruleId": "NumberFormatRounding",
         "severity": "Information",
         "category": "Java SE version migration / Java SE 8 compatibility impacts",
         "results": [
            {
               "fileName": "Customer_Complaints_Xamarin.ear/Live_Retail_Complaints_Xamarin.war/WEB-INF/lib/itextpdf-5.4.0.jar/com/itextpdf/text/pdf/ByteBuffer.class",
               "details": [
                  {
                     "reference": "Method formatDouble",
                     "match": "java.text.DecimalFormat.format(double)",
                     "lineNumber": 327
                  }
               ]
            }
         ]
      },
      {
         "ruleName": "CDI scans for implicit beans when there is no beans.xml file",
         "ruleId": "MissingBeansFile",
         "severity": "Warning",
         "category": "Java EE 7 / CDI",
         "results": [
            {
               "fileName": "Customer_Complaints_Xamarin.ear/Live_Retail_Complaints_Xamarin.war",
               "details": [
                  {
                     "reference": null,
                     "match": ".*(\\.war|\\.jar)",
                     "lineNumber": 0
                  }
               ]
            },
            {
               "fileName": "Customer_Complaints_Xamarin.ear/Live_Retail_Complaints_Xamarin.war/WEB-INF/lib/itextpdf-5.4.0.jar",
               "details": [
                  {
                     "reference": null,
                     "match": ".*(\\.war|\\.jar)",
                     "lineNumber": 0
                  }
               ]
            }
         ]
      },
      {
         "ruleName": "Databases",
         "ruleId": "DatabasesSQLRule",
         "severity": "Warning",
         "category": "Technology connectivity considerations for IBM Cloud",
         "results": [
            {
               "fileName": "Customer_Complaints_Xamarin.ear/Live_Retail_Complaints_Xamarin.war/WEB-INF/classes/com/asianpaints/retailcomplaints/BPService.class",
               "details": [
                  {
                     "reference": "Method doGet",
                     "match": "java.sql",
                     "lineNumber": 206
                  }
               ]
            }
         ]
      },
      {
         "ruleName": "Java EE security",
         "ruleId": "ApplicationSecurityRule",
         "severity": "Warning",
         "category": "Technology connectivity considerations for IBM Cloud",
         "results": [
            {
               "fileName": "Customer_Complaints_Xamarin.ear/Live_Retail_Complaints_Xamarin.war/WEB-INF/classes/MailPDF.class",
               "details": [
                  {
                     "reference": "Method doPost",
                     "match": "javax.servlet.http.HttpServletRequest.getRemoteUser(*)",
                     "lineNumber": 177
                  }
               ]
            }
         ]
      },
      {
         "ruleName": "JavaMail server",
         "ruleId": "MailServerRule",
         "severity": "Warning",
         "category": "Technology connectivity considerations for IBM Cloud",
         "results": [
            {
               "fileName": "Customer_Complaints_Xamarin.ear/Live_Retail_Complaints_Xamarin.war/WEB-INF/classes/MailPDF$1.class",
               "details": [
                  {
                     "reference": "Constructor",
                     "match": "javax.mail",
                     "lineNumber": 874
                  }
               ]
            }
         ]
      },
      {
         "ruleName": "The Apache HTTP client API was removed",
         "ruleId": "ApacheHTTPRule",
         "severity": "Severe",
         "category": "WebSphere version migration / V8.0, V8.5 and V9.0 migration",
         "results": [
            {
               "fileName": "Customer_Complaints_Xamarin.ear/Live_Retail_Complaints_Xamarin.war/WEB-INF/classes/MailPDF.class",
               "details": [
                  {
                     "reference": "Method uploadPDF",
                     "match": "org.apache.http",
                     "lineNumber": 945
                  },
                  {
                     "reference": "Method uploadPDF",
                     "match": "org.apache.http",
                     "lineNumber": 947
                  },
                  {
                     "reference": "Method uploadPDF",
                     "match": "org.apache.http",
                     "lineNumber": 948
                  },
                  {
                     "reference": "Method uploadPDF",
                     "match": "org.apache.http",
                     "lineNumber": 949
                  },
                  {
                     "reference": "Method uploadPDF",
                     "match": "org.apache.http",
                     "lineNumber": 951
                  },
                  {
                     "reference": "Method uploadPDF",
                     "match": "org.apache.http",
                     "lineNumber": 965
                  },
                  {
                     "reference": "Method uploadPDF",
                     "match": "org.apache.http.client",
                     "lineNumber": 947
                  },
                  {
                     "reference": "Method uploadPDF",
                     "match": "org.apache.http.client",
                     "lineNumber": 965
                  },
                  {
                     "reference": "Method uploadPDF",
                     "match": "org.apache.http.client.methods",
                     "lineNumber": 941
                  },
                  {
                     "reference": "Method uploadPDF",
                     "match": "org.apache.http.client.methods",
                     "lineNumber": 942
                  },
                  {
                     "reference": "Method uploadPDF",
                     "match": "org.apache.http.client.methods",
                     "lineNumber": 945
                  },
                  {
                     "reference": "Method uploadPDF",
                     "match": "org.apache.http.client.methods",
                     "lineNumber": 947
                  },
                  {
                     "reference": "Method uploadPDF",
                     "match": "org.apache.http.client.methods",
                     "lineNumber": 965
                  },
                  {
                     "reference": "Method uploadPDF",
                     "match": "org.apache.http.entity",
                     "lineNumber": 944
                  },
                  {
                     "reference": "Method uploadPDF",
                     "match": "org.apache.http.impl.client",
                     "lineNumber": 937
                  }
               ]
            }
         ]
      },
      {
         "ruleName": "Validate the URL host and port for cloud access",
         "ruleId": "URLRuleDockerCloud",
         "severity": "Warning",
         "category": "Connectivity considerations for IBM Cloud (Docker and WebSphere in IBM Cloud)",
         "results": [
            {
               "fileName": "Customer_Complaints_Xamarin.ear/Live_Retail_Complaints_Xamarin.war/WEB-INF/classes/MailPDF.class",
               "details": [
                  {
                     "reference": "Method uploadPDF",
                     "match": "http://mservedev.asianpaints.com/FUP/upload?FILENAME=",
                     "lineNumber": 939
                  }
               ]
            },
            {
               "fileName": "Customer_Complaints_Xamarin.ear/Live_Retail_Complaints_Xamarin.war/WEB-INF/classes/com/asianpaints/retailcomplaints/Fileread.class",
               "details": [
                  {
                     "reference": "Method main",
                     "match": "http://172.26.6.29:8080/Live_Retail_Complaints_Xamarin/GetDetails",
                     "lineNumber": 26
                  },
                  {
                     "reference": "Method main",
                     "match": "http://172.26.6.29:8080/Live_Retail_Complaints_Xamarin/GetDetails",
                     "lineNumber": 52
                  }
               ]
            },
            {
               "fileName": "Customer_Complaints_Xamarin.ear/Live_Retail_Complaints_Xamarin.war/WEB-INF/classes/com/asianpaints/retailcomplaints/login.class",
               "details": [
                  {
                     "reference": "Method doPost",
                     "match": "ldap://192.168.40.115:389/DC=asianpaints,DC=com",
                     "lineNumber": 188
                  }
               ]
            },
            {
               "fileName": "Customer_Complaints_Xamarin.ear/Live_Retail_Complaints_Xamarin.war/WEB-INF/lib/itextpdf-5.4.0.jar/com/itextpdf/text/pdf/PdfStamperImp.class",
               "details": [
                  {
                     "reference": "Method close",
                     "match": "http://ns.adobe.com/pdf/1.3/",
                     "lineNumber": 283
                  },
                  {
                     "reference": "Method close",
                     "match": "http://ns.adobe.com/pdf/1.3/",
                     "lineNumber": 285
                  },
                  {
                     "reference": "Method close",
                     "match": "http://ns.adobe.com/xap/1.0/",
                     "lineNumber": 286
                  },
                  {
                     "reference": "Method close",
                     "match": "http://ns.adobe.com/xap/1.0/",
                     "lineNumber": 288
                  },
                  {
                     "reference": "Method close",
                     "match": "http://ns.adobe.com/xap/1.0/",
                     "lineNumber": 289
                  }
               ]
            },
            {
               "fileName": "Customer_Complaints_Xamarin.ear/Live_Retail_Complaints_Xamarin.war/WEB-INF/lib/itextpdf-5.4.0.jar/com/itextpdf/text/pdf/PdfWriter.class",
               "details": [
                  {
                     "reference": "Method completeExtraCatalog",
                     "match": "http://www.color.org",
                     "lineNumber": 3316
                  }
               ]
            },
            {
               "fileName": "Customer_Complaints_Xamarin.ear/Live_Retail_Complaints_Xamarin.war/WEB-INF/lib/itextpdf-5.4.0.jar/com/itextpdf/text/pdf/XfaForm$Xml2SomDatasets.class",
               "details": [
                  {
                     "reference": "Method hasChildren",
                     "match": "http://www.xfa.org/schema/xfa-data/1.0/",
                     "lineNumber": 827
                  },
                  {
                     "reference": "Method insertNode",
                     "match": "http://www.xfa.org/schema/xfa-data/1.0/",
                     "lineNumber": 814
                  }
               ]
            },
            {
               "fileName": "Customer_Complaints_Xamarin.ear/Live_Retail_Complaints_Xamarin.war/WEB-INF/lib/itextpdf-5.4.0.jar/com/itextpdf/text/pdf/XfaForm.class",
               "details": [
                  {
                     "reference": "Field XFA_DATA_SCHEMA",
                     "match": "http://www.xfa.org/schema/xfa-data/1.0/",
                     "lineNumber": 0
                  },
                  {
                     "reference": "Method createDatasetsNode",
                     "match": "http://www.xfa.org/schema/xfa-data/1.0/",
                     "lineNumber": 184
                  },
                  {
                     "reference": "Method fillXfaForm",
                     "match": "http://www.xfa.org/schema/xfa-data/1.0/",
                     "lineNumber": 1173
                  },
                  {
                     "reference": "Method fillXfaForm",
                     "match": "http://www.xfa.org/schema/xfa-data/1.0/",
                     "lineNumber": 1179
                  },
                  {
                     "reference": "Method setNodeText",
                     "match": "http://www.xfa.org/schema/xfa-data/1.0/",
                     "lineNumber": 365
                  },
                  {
                     "reference": "Method setNodeText",
                     "match": "http://www.xfa.org/schema/xfa-data/1.0/",
                     "lineNumber": 366
                  }
               ]
            },
            {
               "fileName": "Customer_Complaints_Xamarin.ear/Live_Retail_Complaints_Xamarin.war/WEB-INF/lib/itextpdf-5.4.0.jar/com/itextpdf/text/xml/xmp/DublinCoreSchema.class",
               "details": [
                  {
                     "reference": "Field DEFAULT_XPATH_URI",
                     "match": "http://purl.org/dc/elements/1.1/",
                     "lineNumber": 0
                  }
               ]
            },
            {
               "fileName": "Customer_Complaints_Xamarin.ear/Live_Retail_Complaints_Xamarin.war/WEB-INF/lib/itextpdf-5.4.0.jar/com/itextpdf/text/xml/xmp/PdfSchema.class",
               "details": [
                  {
                     "reference": "Field DEFAULT_XPATH_URI",
                     "match": "http://ns.adobe.com/pdf/1.3/",
                     "lineNumber": 0
                  }
               ]
            },
            {
               "fileName": "Customer_Complaints_Xamarin.ear/Live_Retail_Complaints_Xamarin.war/WEB-INF/lib/itextpdf-5.4.0.jar/com/itextpdf/text/xml/xmp/XmpBasicSchema.class",
               "details": [
                  {
                     "reference": "Field DEFAULT_XPATH_URI",
                     "match": "http://ns.adobe.com/xap/1.0/",
                     "lineNumber": 0
                  }
               ]
            },
            {
               "fileName": "Customer_Complaints_Xamarin.ear/Live_Retail_Complaints_Xamarin.war/WEB-INF/lib/itextpdf-5.4.0.jar/com/itextpdf/text/xml/xmp/XmpMMSchema.class",
               "details": [
                  {
                     "reference": "Field DEFAULT_XPATH_URI",
                     "match": "http://ns.adobe.com/xap/1.0/mm/",
                     "lineNumber": 0
                  }
               ]
            }
         ]
      }
   ]
}