{
   "report": "analysis",
   "version": "1.2",
   "productVersion": "9.0",
   "productRelease": "19.0.0.2-TA1",
   "options": [
      "--sourceAppServer=was855",
      "--sourceJava=ibm7",
      "--sourceJavaEE=ee6",
      "--targetAppServer=liberty",
      "--targetJava=ibm8",
      "--targetCloud=dockerIBMCloud",
      "--excludePackages=com.ibm,com.informix,com.microsoft,com.sybase,com.sun,java,javax,net,oracle,org,sqlj,_ibmjsp"
   ],
   "totalRulesFlagged": 15,
   "filesAffected": 113,
   "totalResults": 193,
   "severitySummary": [
      {
         "severity": "Severe",
         "totalRulesFlagged": 4,
         "totalResults": 16
      },
      {
         "severity": "Warning",
         "totalRulesFlagged": 8,
         "totalResults": 104
      },
      {
         "severity": "Information",
         "totalRulesFlagged": 3,
         "totalResults": 73
      }
   ],
   "applications": [
      "/opt/IBM/WebSphere/AppServer/profiles/Dmgr01/config/cells/apwasdevCell01/applications/ECA_Reporting_war.ear/ECA_Reporting_war.ear"
   ],
   "rules": [
      {
         "ruleName": "Behavior change in java.lang.String and java.util.regex.Pattern split methods",
         "ruleId": "StringSplit",
         "severity": "Warning",
         "category": "Java SE version migration / Java SE 8 compatibility impacts",
         "results": [
            {
               "fileName": "ECA_Reporting_war.ear/ECA_Reporting.war/WEB-INF/classes/com/asianpaints/eca/bot/ECABot.class",
               "details": [
                  {
                     "reference": "Method onSelectedProducts",
                     "match": "java.lang.String.split(*)",
                     "lineNumber": 394
                  }
               ]
            },
            {
               "fileName": "ECA_Reporting_war.ear/ECA_Reporting.war/WEB-INF/lib/teamchat-client-sdk.2.1.jar/com/mysql/fabric/jdbc/FabricMySQLConnectionProxy.class",
               "details": [
                  {
                     "reference": "Method setShardTable",
                     "match": "java.lang.String.split(*)",
                     "lineNumber": 296
                  }
               ]
            },
            {
               "fileName": "ECA_Reporting_war.ear/ECA_Reporting.war/WEB-INF/lib/teamchat-client-sdk.2.1.jar/com/mysql/fabric/proto/xmlrpc/DigestAuthentication.class",
               "details": [
                  {
                     "reference": "Method parseDigestChallenge",
                     "match": "java.lang.String.split(*)",
                     "lineNumber": 149
                  }
               ]
            },
            {
               "fileName": "ECA_Reporting_war.ear/ECA_Reporting.war/WEB-INF/lib/teamchat-client-sdk.2.1.jar/com/mysql/fabric/proto/xmlrpc/XmlRpcClient.class",
               "details": [
                  {
                     "reference": "Method unmarshallServer",
                     "match": "java.lang.String.split(*)",
                     "lineNumber": 119
                  }
               ]
            },
            {
               "fileName": "ECA_Reporting_war.ear/ECA_Reporting.war/WEB-INF/lib/teamchat-client-sdk.2.1.jar/com/mysql/jdbc/ExportControlled.class",
               "details": [
                  {
                     "reference": "Method transformSocketToSSLSocket",
                     "match": "java.lang.String.split(*)",
                     "lineNumber": 92
                  }
               ]
            },
            {
               "fileName": "ECA_Reporting_war.ear/ECA_Reporting.war/WEB-INF/lib/teamchat-client-sdk.2.1.jar/com/mysql/jdbc/MysqlIO.class",
               "details": [
                  {
                     "reference": "Method getConnectionAttributesAsProperties",
                     "match": "java.lang.String.split(*)",
                     "lineNumber": 1843
                  }
               ]
            },
            {
               "fileName": "ECA_Reporting_war.ear/ECA_Reporting.war/WEB-INF/lib/teamchat-client-sdk.2.1.jar/com/mysql/jdbc/StandardSocketFactory.class",
               "details": [
                  {
                     "reference": "Method isLocallyConnected",
                     "match": "java.lang.String.split(*)",
                     "lineNumber": 268
                  }
               ]
            }
         ]
      },
      {
         "ruleName": "Behavior change in month name formatting for some languages",
         "ruleId": "MonthFormattingNames",
         "severity": "Information",
         "category": "Java SE version migration / Java SE 8 compatibility impacts",
         "results": [
            {
               "fileName": "ECA_Reporting_war.ear/ECA_Reporting.war/WEB-INF/classes/com/asianpaints/eca/bot/ECABot.class",
               "details": [
                  {
                     "reference": "Method handleConsultationDetails",
                     "match": "java.text.SimpleDateFormat.format(*)",
                     "lineNumber": 177
                  },
                  {
                     "reference": "Method handleConsultationDetails",
                     "match": "java.text.SimpleDateFormat.format(*)",
                     "lineNumber": 178
                  },
                  {
                     "reference": "Method handleConsultationDetails",
                     "match": "java.text.SimpleDateFormat.format(*)",
                     "lineNumber": 178
                  },
                  {
                     "reference": "Method handlePaintingDetails",
                     "match": "java.text.SimpleDateFormat.format(*)",
                     "lineNumber": 223
                  },
                  {
                     "reference": "Method handlePaintingDetails",
                     "match": "java.text.SimpleDateFormat.format(*)",
                     "lineNumber": 224
                  },
                  {
                     "reference": "Method handlePaintingDetails",
                     "match": "java.text.SimpleDateFormat.format(*)",
                     "lineNumber": 224
                  },
                  {
                     "reference": "Method onSubmitProductVolume",
                     "match": "java.text.SimpleDateFormat.format(*)",
                     "lineNumber": 439
                  }
               ]
            },
            {
               "fileName": "ECA_Reporting_war.ear/ECA_Reporting.war/WEB-INF/classes/com/asianpaints/eca/services/CommonUtils.class",
               "details": [
                  {
                     "reference": "Method getReport",
                     "match": "java.text.SimpleDateFormat.format(*)",
                     "lineNumber": 132
                  },
                  {
                     "reference": "Method getReport",
                     "match": "java.text.SimpleDateFormat.format(*)",
                     "lineNumber": 133
                  },
                  {
                     "reference": "Method getReportFromDealerList",
                     "match": "java.text.SimpleDateFormat.format(*)",
                     "lineNumber": 233
                  },
                  {
                     "reference": "Method getReportFromDealerList",
                     "match": "java.text.SimpleDateFormat.format(*)",
                     "lineNumber": 234
                  },
                  {
                     "reference": "Method recordAttendance",
                     "match": "java.text.SimpleDateFormat.format(*)",
                     "lineNumber": 472
                  }
               ]
            },
            {
               "fileName": "ECA_Reporting_war.ear/ECA_Reporting.war/WEB-INF/classes/com/asianpaints/eca/services/GenerateReport.class",
               "details": [
                  {
                     "reference": "Method doGet",
                     "match": "java.text.SimpleDateFormat.format(*)",
                     "lineNumber": 126
                  },
                  {
                     "reference": "Method doGet",
                     "match": "java.text.SimpleDateFormat.format(*)",
                     "lineNumber": 126
                  },
                  {
                     "reference": "Method doGet",
                     "match": "java.text.SimpleDateFormat.format(*)",
                     "lineNumber": 134
                  },
                  {
                     "reference": "Method doGet",
                     "match": "java.text.SimpleDateFormat.format(*)",
                     "lineNumber": 134
                  },
                  {
                     "reference": "Method doGet",
                     "match": "java.text.SimpleDateFormat.format(*)",
                     "lineNumber": 140
                  },
                  {
                     "reference": "Method doGet",
                     "match": "java.text.SimpleDateFormat.format(*)",
                     "lineNumber": 140
                  },
                  {
                     "reference": "Method doGet",
                     "match": "java.text.SimpleDateFormat.format(*)",
                     "lineNumber": 148
                  },
                  {
                     "reference": "Method doGet",
                     "match": "java.text.SimpleDateFormat.format(*)",
                     "lineNumber": 148
                  },
                  {
                     "reference": "Method doGet",
                     "match": "java.text.SimpleDateFormat.format(*)",
                     "lineNumber": 156
                  },
                  {
                     "reference": "Method doGet",
                     "match": "java.text.SimpleDateFormat.format(*)",
                     "lineNumber": 156
                  },
                  {
                     "reference": "Method doGet",
                     "match": "java.text.SimpleDateFormat.format(*)",
                     "lineNumber": 164
                  },
                  {
                     "reference": "Method doGet",
                     "match": "java.text.SimpleDateFormat.format(*)",
                     "lineNumber": 164
                  },
                  {
                     "reference": "Method doGet",
                     "match": "java.text.SimpleDateFormat.format(*)",
                     "lineNumber": 172
                  },
                  {
                     "reference": "Method doGet",
                     "match": "java.text.SimpleDateFormat.format(*)",
                     "lineNumber": 172
                  },
                  {
                     "reference": "Method doGet",
                     "match": "java.text.SimpleDateFormat.format(*)",
                     "lineNumber": 178
                  },
                  {
                     "reference": "Method doGet",
                     "match": "java.text.SimpleDateFormat.format(*)",
                     "lineNumber": 178
                  },
                  {
                     "reference": "Method doGet",
                     "match": "java.text.SimpleDateFormat.format(*)",
                     "lineNumber": 184
                  },
                  {
                     "reference": "Method doGet",
                     "match": "java.text.SimpleDateFormat.format(*)",
                     "lineNumber": 184
                  },
                  {
                     "reference": "Method doGet",
                     "match": "java.text.SimpleDateFormat.format(*)",
                     "lineNumber": 191
                  },
                  {
                     "reference": "Method doGet",
                     "match": "java.text.SimpleDateFormat.format(*)",
                     "lineNumber": 191
                  },
                  {
                     "reference": "Method doGet",
                     "match": "java.text.SimpleDateFormat.format(*)",
                     "lineNumber": 199
                  },
                  {
                     "reference": "Method doGet",
                     "match": "java.text.SimpleDateFormat.format(*)",
                     "lineNumber": 199
                  },
                  {
                     "reference": "Method doGet",
                     "match": "java.text.SimpleDateFormat.format(*)",
                     "lineNumber": 213
                  },
                  {
                     "reference": "Method doGet",
                     "match": "java.text.SimpleDateFormat.format(*)",
                     "lineNumber": 213
                  },
                  {
                     "reference": "Method doGet",
                     "match": "java.text.SimpleDateFormat.format(*)",
                     "lineNumber": 226
                  },
                  {
                     "reference": "Method doGet",
                     "match": "java.text.SimpleDateFormat.format(*)",
                     "lineNumber": 226
                  }
               ]
            },
            {
               "fileName": "ECA_Reporting_war.ear/ECA_Reporting.war/WEB-INF/lib/jxl-2.6.10.jar/jxl/demo/Write.class",
               "details": [
                  {
                     "reference": "Method writeDateFormatSheet",
                     "match": "java.text.SimpleDateFormat.format(*)",
                     "lineNumber": 497
                  },
                  {
                     "reference": "Method writeDateFormatSheet",
                     "match": "java.text.SimpleDateFormat.format(*)",
                     "lineNumber": 617
                  },
                  {
                     "reference": "Method writeDateFormatSheet",
                     "match": "java.text.SimpleDateFormat.format(*)",
                     "lineNumber": 626
                  },
                  {
                     "reference": "Method writeDateFormatSheet",
                     "match": "java.text.SimpleDateFormat.format(*)",
                     "lineNumber": 635
                  },
                  {
                     "reference": "Method writeDateFormatSheet",
                     "match": "java.text.SimpleDateFormat.format(*)",
                     "lineNumber": 644
                  },
                  {
                     "reference": "Method writeDateFormatSheet",
                     "match": "java.text.SimpleDateFormat.format(*)",
                     "lineNumber": 653
                  },
                  {
                     "reference": "Method writeDateFormatSheet",
                     "match": "java.text.SimpleDateFormat.format(*)",
                     "lineNumber": 662
                  },
                  {
                     "reference": "Method writeDateFormatSheet",
                     "match": "java.text.SimpleDateFormat.format(*)",
                     "lineNumber": 671
                  },
                  {
                     "reference": "Method writeDateFormatSheet",
                     "match": "java.text.SimpleDateFormat.format(*)",
                     "lineNumber": 680
                  },
                  {
                     "reference": "Method writeDateFormatSheet",
                     "match": "java.text.SimpleDateFormat.format(*)",
                     "lineNumber": 689
                  },
                  {
                     "reference": "Method writeDateFormatSheet",
                     "match": "java.text.SimpleDateFormat.format(*)",
                     "lineNumber": 698
                  },
                  {
                     "reference": "Method writeDateFormatSheet",
                     "match": "java.text.SimpleDateFormat.format(*)",
                     "lineNumber": 707
                  },
                  {
                     "reference": "Method writeDateFormatSheet",
                     "match": "java.text.SimpleDateFormat.format(*)",
                     "lineNumber": 716
                  },
                  {
                     "reference": "Method writeDateFormatSheet",
                     "match": "java.text.SimpleDateFormat.format(*)",
                     "lineNumber": 725
                  }
               ]
            },
            {
               "fileName": "ECA_Reporting_war.ear/ECA_Reporting.war/WEB-INF/lib/jxl-2.6.10.jar/jxl/read/biff/DateRecord.class",
               "details": [
                  {
                     "reference": "Method getContents",
                     "match": "java.text.DateFormat.format(*)",
                     "lineNumber": 236
                  }
               ]
            },
            {
               "fileName": "ECA_Reporting_war.ear/ECA_Reporting.war/WEB-INF/lib/teamchat-client-sdk.2.1.jar/com/mysql/jdbc/EscapeProcessor.class",
               "details": [
                  {
                     "reference": "Method processTimestampToken",
                     "match": "java.text.SimpleDateFormat.format(*)",
                     "lineNumber": 387
                  }
               ]
            },
            {
               "fileName": "ECA_Reporting_war.ear/ECA_Reporting.war/WEB-INF/lib/teamchat-client-sdk.2.1.jar/com/mysql/jdbc/PreparedStatement.class",
               "details": [
                  {
                     "reference": "Method getDateTime",
                     "match": "java.text.SimpleDateFormat.format(*)",
                     "lineNumber": 1858
                  },
                  {
                     "reference": "Method newSetDateInternal",
                     "match": "java.text.SimpleDateFormat.format(*)",
                     "lineNumber": 4388
                  },
                  {
                     "reference": "Method newSetTimeInternal",
                     "match": "java.text.SimpleDateFormat.format(*)",
                     "lineNumber": 4370
                  },
                  {
                     "reference": "Method newSetTimestampInternal",
                     "match": "java.text.SimpleDateFormat.format(*)",
                     "lineNumber": 4349
                  },
                  {
                     "reference": "Method setDate",
                     "match": "java.text.SimpleDateFormat.format(*)",
                     "lineNumber": 3309
                  },
                  {
                     "reference": "Method setTimestampInternal",
                     "match": "java.text.SimpleDateFormat.format(*)",
                     "lineNumber": 4313
                  }
               ]
            },
            {
               "fileName": "ECA_Reporting_war.ear/ECA_Reporting.war/WEB-INF/lib/teamchat-client-sdk.2.1.jar/com/teamchat/client/sdk/impl/TeamchatAPIImpl.class",
               "details": [
                  {
                     "reference": "Method log",
                     "match": "java.text.DateFormat.format(*)",
                     "lineNumber": 0
                  }
               ]
            }
         ]
      },
      {
         "ruleName": "Behavior change in most Collection.removeAll and Collection.retainAll implementations",
         "ruleId": "CollectionMethods",
         "severity": "Information",
         "category": "Java SE version migration / Java SE 8 compatibility impacts",
         "results": [
            {
               "fileName": "ECA_Reporting_war.ear/ECA_Reporting.war/WEB-INF/lib/teamchat-client-sdk.2.1.jar/com/mysql/jdbc/DatabaseMetaData.class",
               "details": [
                  {
                     "reference": "Method getSQLKeywords",
                     "match": "java.util.Set.removeAll(*)",
                     "lineNumber": 4294
                  }
               ]
            },
            {
               "fileName": "ECA_Reporting_war.ear/ECA_Reporting.war/WEB-INF/lib/teamchat-client-sdk.2.1.jar/com/mysql/jdbc/LoadBalancingConnectionProxy.class",
               "details": [
                  {
                     "reference": "Method getGlobalBlacklist",
                     "match": "java.util.Set.retainAll(*)",
                     "lineNumber": 622
                  }
               ]
            },
            {
               "fileName": "ECA_Reporting_war.ear/ECA_Reporting.war/WEB-INF/lib/teamchat-client-sdk.2.1.jar/com/mysql/jdbc/RandomBalanceStrategy.class",
               "details": [
                  {
                     "reference": "Method pickConnection",
                     "match": "java.util.List.removeAll(*)",
                     "lineNumber": 57
                  },
                  {
                     "reference": "Method pickConnection",
                     "match": "java.util.List.removeAll(*)",
                     "lineNumber": 100
                  }
               ]
            }
         ]
      },
      {
         "ruleName": "Behavior change in rounding in NumberFormat and DecimalFormat format methods",
         "ruleId": "NumberFormatRounding",
         "severity": "Information",
         "category": "Java SE version migration / Java SE 8 compatibility impacts",
         "results": [
            {
               "fileName": "ECA_Reporting_war.ear/ECA_Reporting.war/WEB-INF/lib/jxl-2.6.10.jar/jxl/biff/DVParser.class",
               "details": [
                  {
                     "reference": "Constructor",
                     "match": "java.text.DecimalFormat.format(double)",
                     "lineNumber": 575
                  },
                  {
                     "reference": "Constructor",
                     "match": "java.text.DecimalFormat.format(double)",
                     "lineNumber": 579
                  }
               ]
            },
            {
               "fileName": "ECA_Reporting_war.ear/ECA_Reporting.war/WEB-INF/lib/jxl-2.6.10.jar/jxl/read/biff/NumberFormulaRecord.class",
               "details": [
                  {
                     "reference": "Method getContents",
                     "match": "java.text.NumberFormat.format(double)",
                     "lineNumber": 131
                  }
               ]
            },
            {
               "fileName": "ECA_Reporting_war.ear/ECA_Reporting.war/WEB-INF/lib/jxl-2.6.10.jar/jxl/read/biff/NumberRecord.class",
               "details": [
                  {
                     "reference": "Method getContents",
                     "match": "java.text.NumberFormat.format(double)",
                     "lineNumber": 97
                  }
               ]
            },
            {
               "fileName": "ECA_Reporting_war.ear/ECA_Reporting.war/WEB-INF/lib/jxl-2.6.10.jar/jxl/read/biff/NumberValue.class",
               "details": [
                  {
                     "reference": "Method getContents",
                     "match": "java.text.NumberFormat.format(double)",
                     "lineNumber": 168
                  }
               ]
            },
            {
               "fileName": "ECA_Reporting_war.ear/ECA_Reporting.war/WEB-INF/lib/jxl-2.6.10.jar/jxl/read/biff/RKRecord.class",
               "details": [
                  {
                     "reference": "Method getContents",
                     "match": "java.text.NumberFormat.format(double)",
                     "lineNumber": 96
                  }
               ]
            },
            {
               "fileName": "ECA_Reporting_war.ear/ECA_Reporting.war/WEB-INF/lib/jxl-2.6.10.jar/jxl/read/biff/SharedNumberFormulaRecord.class",
               "details": [
                  {
                     "reference": "Method getContents",
                     "match": "java.text.NumberFormat.format(double)",
                     "lineNumber": 127
                  }
               ]
            },
            {
               "fileName": "ECA_Reporting_war.ear/ECA_Reporting.war/WEB-INF/lib/jxl-2.6.10.jar/jxl/write/biff/NumberRecord.class",
               "details": [
                  {
                     "reference": "Method getContents",
                     "match": "java.text.NumberFormat.format(double)",
                     "lineNumber": 147
                  }
               ]
            }
         ]
      },
      {
         "ruleName": "Databases",
         "ruleId": "DatabasesSQLRule",
         "severity": "Warning",
         "category": "Technology connectivity considerations for IBM Cloud",
         "results": [
            {
               "fileName": "ECA_Reporting_war.ear/ECA_Reporting.war/WEB-INF/classes/com/asianpaints/eca/bot/ECABot.class",
               "details": [
                  {
                     "reference": "Method handleConsultationDetails",
                     "match": "java.sql",
                     "lineNumber": 183
                  }
               ]
            },
            {
               "fileName": "ECA_Reporting_war.ear/ECA_Reporting.war/WEB-INF/lib/teamchat-client-sdk.2.1.jar/com/mysql/fabric/hibernate/FabricMultiTenantConnectionProvider.class",
               "details": [
                  {
                     "reference": "Class implements",
                     "match": "org.hibernate.service.jdbc.connections.spi",
                     "lineNumber": 0
                  },
                  {
                     "reference": "Method getAnyConnection",
                     "match": "java.sql",
                     "lineNumber": 94
                  }
               ]
            }
         ]
      },
      {
         "ruleName": "Do not start unmanaged threads within the web or EJB container",
         "ruleId": "CreateThreadMethodsInWebOrEjbProject",
         "severity": "Warning",
         "category": "All application servers",
         "results": [
            {
               "fileName": "ECA_Reporting_war.ear/ECA_Reporting.war/WEB-INF/lib/teamchat-client-sdk.2.1.jar/com/mysql/jdbc/NonRegisteringDriver.class",
               "details": [
                  {
                     "reference": "Static initializer",
                     "match": "com.mysql.jdbc.AbandonedConnectionCleanupThread.start(*)",
                     "lineNumber": 106
                  }
               ]
            },
            {
               "fileName": "ECA_Reporting_war.ear/ECA_Reporting.war/WEB-INF/lib/teamchat-client-sdk.2.1.jar/com/mysql/jdbc/StatementImpl$CancelTask.class",
               "details": [
                  {
                     "reference": "Method run",
                     "match": "java.lang.Thread.start(*)",
                     "lineNumber": 164
                  }
               ]
            },
            {
               "fileName": "ECA_Reporting_war.ear/ECA_Reporting.war/WEB-INF/lib/teamchat-client-sdk.2.1.jar/com/teamchat/client/sdk/events/EventStreamConnector.class",
               "details": [
                  {
                     "reference": "Method start",
                     "match": "java.lang.Thread.start(*)",
                     "lineNumber": 0
                  }
               ]
            },
            {
               "fileName": "ECA_Reporting_war.ear/ECA_Reporting.war/WEB-INF/lib/teamchat-client-sdk.2.1.jar/com/teamchat/client/utils/FormIDQueue.class",
               "details": [
                  {
                     "reference": "Method executeNextTaskIn",
                     "match": "java.lang.Runnable.run(*)",
                     "lineNumber": 0
                  }
               ]
            }
         ]
      },
      {
         "ruleName": "Handling application configuration in Docker containers",
         "ruleId": "DetectPropertiesFiles",
         "severity": "Warning",
         "category": "Docker (IBM Cloud Kubernetes Service)",
         "results": [
            {
               "fileName": "ECA_Reporting_war.ear/ECA_Reporting.war/WEB-INF/lib/javax.mail-1.5.3.jar/META-INF/maven/com.sun.mail/javax.mail/pom.properties",
               "details": [
                  {
                     "reference": null,
                     "match": "(.*)?\\.properties",
                     "lineNumber": 0
                  }
               ]
            },
            {
               "fileName": "ECA_Reporting_war.ear/ECA_Reporting.war/WEB-INF/lib/jxl-2.6.10.jar/functions.properties",
               "details": [
                  {
                     "reference": null,
                     "match": "(.*)?\\.properties",
                     "lineNumber": 0
                  }
               ]
            },
            {
               "fileName": "ECA_Reporting_war.ear/ECA_Reporting.war/WEB-INF/lib/jxl-2.6.10.jar/functions_da.properties",
               "details": [
                  {
                     "reference": null,
                     "match": "(.*)?\\.properties",
                     "lineNumber": 0
                  }
               ]
            },
            {
               "fileName": "ECA_Reporting_war.ear/ECA_Reporting.war/WEB-INF/lib/jxl-2.6.10.jar/functions_de.properties",
               "details": [
                  {
                     "reference": null,
                     "match": "(.*)?\\.properties",
                     "lineNumber": 0
                  }
               ]
            },
            {
               "fileName": "ECA_Reporting_war.ear/ECA_Reporting.war/WEB-INF/lib/jxl-2.6.10.jar/functions_en.properties",
               "details": [
                  {
                     "reference": null,
                     "match": "(.*)?\\.properties",
                     "lineNumber": 0
                  }
               ]
            },
            {
               "fileName": "ECA_Reporting_war.ear/ECA_Reporting.war/WEB-INF/lib/jxl-2.6.10.jar/functions_es.properties",
               "details": [
                  {
                     "reference": null,
                     "match": "(.*)?\\.properties",
                     "lineNumber": 0
                  }
               ]
            },
            {
               "fileName": "ECA_Reporting_war.ear/ECA_Reporting.war/WEB-INF/lib/jxl-2.6.10.jar/functions_fr.properties",
               "details": [
                  {
                     "reference": null,
                     "match": "(.*)?\\.properties",
                     "lineNumber": 0
                  }
               ]
            },
            {
               "fileName": "ECA_Reporting_war.ear/ECA_Reporting.war/WEB-INF/lib/jxl-2.6.10.jar/functions_nl.properties",
               "details": [
                  {
                     "reference": null,
                     "match": "(.*)?\\.properties",
                     "lineNumber": 0
                  }
               ]
            },
            {
               "fileName": "ECA_Reporting_war.ear/ECA_Reporting.war/WEB-INF/lib/ojdbc7.jar/oracle/jdbc/defaultConnectionProperties.properties",
               "details": [
                  {
                     "reference": null,
                     "match": "(.*)?\\.properties",
                     "lineNumber": 0
                  }
               ]
            },
            {
               "fileName": "ECA_Reporting_war.ear/ECA_Reporting.war/WEB-INF/lib/ojdbc7.jar/oracle/jdbc/driver/Messages.properties",
               "details": [
                  {
                     "reference": null,
                     "match": "(.*)?\\.properties",
                     "lineNumber": 0
                  }
               ]
            },
            {
               "fileName": "ECA_Reporting_war.ear/ECA_Reporting.war/WEB-INF/lib/ojdbc7.jar/oracle/jdbc/driver/Messages_ar.properties",
               "details": [
                  {
                     "reference": null,
                     "match": "(.*)?\\.properties",
                     "lineNumber": 0
                  }
               ]
            },
            {
               "fileName": "ECA_Reporting_war.ear/ECA_Reporting.war/WEB-INF/lib/ojdbc7.jar/oracle/jdbc/driver/Messages_cs.properties",
               "details": [
                  {
                     "reference": null,
                     "match": "(.*)?\\.properties",
                     "lineNumber": 0
                  }
               ]
            },
            {
               "fileName": "ECA_Reporting_war.ear/ECA_Reporting.war/WEB-INF/lib/ojdbc7.jar/oracle/jdbc/driver/Messages_da.properties",
               "details": [
                  {
                     "reference": null,
                     "match": "(.*)?\\.properties",
                     "lineNumber": 0
                  }
               ]
            },
            {
               "fileName": "ECA_Reporting_war.ear/ECA_Reporting.war/WEB-INF/lib/ojdbc7.jar/oracle/jdbc/driver/Messages_de.properties",
               "details": [
                  {
                     "reference": null,
                     "match": "(.*)?\\.properties",
                     "lineNumber": 0
                  }
               ]
            },
            {
               "fileName": "ECA_Reporting_war.ear/ECA_Reporting.war/WEB-INF/lib/ojdbc7.jar/oracle/jdbc/driver/Messages_el.properties",
               "details": [
                  {
                     "reference": null,
                     "match": "(.*)?\\.properties",
                     "lineNumber": 0
                  }
               ]
            },
            {
               "fileName": "ECA_Reporting_war.ear/ECA_Reporting.war/WEB-INF/lib/ojdbc7.jar/oracle/jdbc/driver/Messages_es.properties",
               "details": [
                  {
                     "reference": null,
                     "match": "(.*)?\\.properties",
                     "lineNumber": 0
                  }
               ]
            },
            {
               "fileName": "ECA_Reporting_war.ear/ECA_Reporting.war/WEB-INF/lib/ojdbc7.jar/oracle/jdbc/driver/Messages_fi.properties",
               "details": [
                  {
                     "reference": null,
                     "match": "(.*)?\\.properties",
                     "lineNumber": 0
                  }
               ]
            },
            {
               "fileName": "ECA_Reporting_war.ear/ECA_Reporting.war/WEB-INF/lib/ojdbc7.jar/oracle/jdbc/driver/Messages_fr.properties",
               "details": [
                  {
                     "reference": null,
                     "match": "(.*)?\\.properties",
                     "lineNumber": 0
                  }
               ]
            },
            {
               "fileName": "ECA_Reporting_war.ear/ECA_Reporting.war/WEB-INF/lib/ojdbc7.jar/oracle/jdbc/driver/Messages_hu.properties",
               "details": [
                  {
                     "reference": null,
                     "match": "(.*)?\\.properties",
                     "lineNumber": 0
                  }
               ]
            },
            {
               "fileName": "ECA_Reporting_war.ear/ECA_Reporting.war/WEB-INF/lib/ojdbc7.jar/oracle/jdbc/driver/Messages_it.properties",
               "details": [
                  {
                     "reference": null,
                     "match": "(.*)?\\.properties",
                     "lineNumber": 0
                  }
               ]
            },
            {
               "fileName": "ECA_Reporting_war.ear/ECA_Reporting.war/WEB-INF/lib/ojdbc7.jar/oracle/jdbc/driver/Messages_iw.properties",
               "details": [
                  {
                     "reference": null,
                     "match": "(.*)?\\.properties",
                     "lineNumber": 0
                  }
               ]
            },
            {
               "fileName": "ECA_Reporting_war.ear/ECA_Reporting.war/WEB-INF/lib/ojdbc7.jar/oracle/jdbc/driver/Messages_ja.properties",
               "details": [
                  {
                     "reference": null,
                     "match": "(.*)?\\.properties",
                     "lineNumber": 0
                  }
               ]
            },
            {
               "fileName": "ECA_Reporting_war.ear/ECA_Reporting.war/WEB-INF/lib/ojdbc7.jar/oracle/jdbc/driver/Messages_ko.properties",
               "details": [
                  {
                     "reference": null,
                     "match": "(.*)?\\.properties",
                     "lineNumber": 0
                  }
               ]
            },
            {
               "fileName": "ECA_Reporting_war.ear/ECA_Reporting.war/WEB-INF/lib/ojdbc7.jar/oracle/jdbc/driver/Messages_nl.properties",
               "details": [
                  {
                     "reference": null,
                     "match": "(.*)?\\.properties",
                     "lineNumber": 0
                  }
               ]
            },
            {
               "fileName": "ECA_Reporting_war.ear/ECA_Reporting.war/WEB-INF/lib/ojdbc7.jar/oracle/jdbc/driver/Messages_no.properties",
               "details": [
                  {
                     "reference": null,
                     "match": "(.*)?\\.properties",
                     "lineNumber": 0
                  }
               ]
            },
            {
               "fileName": "ECA_Reporting_war.ear/ECA_Reporting.war/WEB-INF/lib/ojdbc7.jar/oracle/jdbc/driver/Messages_pl.properties",
               "details": [
                  {
                     "reference": null,
                     "match": "(.*)?\\.properties",
                     "lineNumber": 0
                  }
               ]
            },
            {
               "fileName": "ECA_Reporting_war.ear/ECA_Reporting.war/WEB-INF/lib/ojdbc7.jar/oracle/jdbc/driver/Messages_pt.properties",
               "details": [
                  {
                     "reference": null,
                     "match": "(.*)?\\.properties",
                     "lineNumber": 0
                  }
               ]
            },
            {
               "fileName": "ECA_Reporting_war.ear/ECA_Reporting.war/WEB-INF/lib/ojdbc7.jar/oracle/jdbc/driver/Messages_pt_BR.properties",
               "details": [
                  {
                     "reference": null,
                     "match": "(.*)?\\.properties",
                     "lineNumber": 0
                  }
               ]
            },
            {
               "fileName": "ECA_Reporting_war.ear/ECA_Reporting.war/WEB-INF/lib/ojdbc7.jar/oracle/jdbc/driver/Messages_ro.properties",
               "details": [
                  {
                     "reference": null,
                     "match": "(.*)?\\.properties",
                     "lineNumber": 0
                  }
               ]
            },
            {
               "fileName": "ECA_Reporting_war.ear/ECA_Reporting.war/WEB-INF/lib/ojdbc7.jar/oracle/jdbc/driver/Messages_ru.properties",
               "details": [
                  {
                     "reference": null,
                     "match": "(.*)?\\.properties",
                     "lineNumber": 0
                  }
               ]
            },
            {
               "fileName": "ECA_Reporting_war.ear/ECA_Reporting.war/WEB-INF/lib/ojdbc7.jar/oracle/jdbc/driver/Messages_sk.properties",
               "details": [
                  {
                     "reference": null,
                     "match": "(.*)?\\.properties",
                     "lineNumber": 0
                  }
               ]
            },
            {
               "fileName": "ECA_Reporting_war.ear/ECA_Reporting.war/WEB-INF/lib/ojdbc7.jar/oracle/jdbc/driver/Messages_sv.properties",
               "details": [
                  {
                     "reference": null,
                     "match": "(.*)?\\.properties",
                     "lineNumber": 0
                  }
               ]
            },
            {
               "fileName": "ECA_Reporting_war.ear/ECA_Reporting.war/WEB-INF/lib/ojdbc7.jar/oracle/jdbc/driver/Messages_th.properties",
               "details": [
                  {
                     "reference": null,
                     "match": "(.*)?\\.properties",
                     "lineNumber": 0
                  }
               ]
            },
            {
               "fileName": "ECA_Reporting_war.ear/ECA_Reporting.war/WEB-INF/lib/ojdbc7.jar/oracle/jdbc/driver/Messages_tr.properties",
               "details": [
                  {
                     "reference": null,
                     "match": "(.*)?\\.properties",
                     "lineNumber": 0
                  }
               ]
            },
            {
               "fileName": "ECA_Reporting_war.ear/ECA_Reporting.war/WEB-INF/lib/ojdbc7.jar/oracle/jdbc/driver/Messages_zh_CN.properties",
               "details": [
                  {
                     "reference": null,
                     "match": "(.*)?\\.properties",
                     "lineNumber": 0
                  }
               ]
            },
            {
               "fileName": "ECA_Reporting_war.ear/ECA_Reporting.war/WEB-INF/lib/ojdbc7.jar/oracle/jdbc/driver/Messages_zh_TW.properties",
               "details": [
                  {
                     "reference": null,
                     "match": "(.*)?\\.properties",
                     "lineNumber": 0
                  }
               ]
            },
            {
               "fileName": "ECA_Reporting_war.ear/ECA_Reporting.war/WEB-INF/lib/ojdbc7.jar/oracle/net/mesg/Message.properties",
               "details": [
                  {
                     "reference": null,
                     "match": "(.*)?\\.properties",
                     "lineNumber": 0
                  }
               ]
            },
            {
               "fileName": "ECA_Reporting_war.ear/ECA_Reporting.war/WEB-INF/lib/teamchat-client-sdk.2.1.jar/META-INF/log4j-provider.properties",
               "details": [
                  {
                     "reference": null,
                     "match": "(.*)?\\.properties",
                     "lineNumber": 0
                  }
               ]
            },
            {
               "fileName": "ECA_Reporting_war.ear/ECA_Reporting.war/WEB-INF/lib/teamchat-client-sdk.2.1.jar/META-INF/maven/commons-logging/commons-logging/pom.properties",
               "details": [
                  {
                     "reference": null,
                     "match": "(.*)?\\.properties",
                     "lineNumber": 0
                  }
               ]
            },
            {
               "fileName": "ECA_Reporting_war.ear/ECA_Reporting.war/WEB-INF/lib/teamchat-client-sdk.2.1.jar/META-INF/maven/org.apache.commons/commons-dbcp2/pom.properties",
               "details": [
                  {
                     "reference": null,
                     "match": "(.*)?\\.properties",
                     "lineNumber": 0
                  }
               ]
            },
            {
               "fileName": "ECA_Reporting_war.ear/ECA_Reporting.war/WEB-INF/lib/teamchat-client-sdk.2.1.jar/META-INF/maven/org.apache.commons/commons-pool2/pom.properties",
               "details": [
                  {
                     "reference": null,
                     "match": "(.*)?\\.properties",
                     "lineNumber": 0
                  }
               ]
            },
            {
               "fileName": "ECA_Reporting_war.ear/ECA_Reporting.war/WEB-INF/lib/teamchat-client-sdk.2.1.jar/META-INF/maven/org.apache.httpcomponents/httpclient/pom.properties",
               "details": [
                  {
                     "reference": null,
                     "match": "(.*)?\\.properties",
                     "lineNumber": 0
                  }
               ]
            },
            {
               "fileName": "ECA_Reporting_war.ear/ECA_Reporting.war/WEB-INF/lib/teamchat-client-sdk.2.1.jar/META-INF/maven/org.apache.httpcomponents/httpcore/pom.properties",
               "details": [
                  {
                     "reference": null,
                     "match": "(.*)?\\.properties",
                     "lineNumber": 0
                  }
               ]
            },
            {
               "fileName": "ECA_Reporting_war.ear/ECA_Reporting.war/WEB-INF/lib/teamchat-client-sdk.2.1.jar/META-INF/maven/org.apache.logging.log4j/log4j-api/pom.properties",
               "details": [
                  {
                     "reference": null,
                     "match": "(.*)?\\.properties",
                     "lineNumber": 0
                  }
               ]
            },
            {
               "fileName": "ECA_Reporting_war.ear/ECA_Reporting.war/WEB-INF/lib/teamchat-client-sdk.2.1.jar/META-INF/maven/org.apache.logging.log4j/log4j-core/pom.properties",
               "details": [
                  {
                     "reference": null,
                     "match": "(.*)?\\.properties",
                     "lineNumber": 0
                  }
               ]
            },
            {
               "fileName": "ECA_Reporting_war.ear/ECA_Reporting.war/WEB-INF/lib/teamchat-client-sdk.2.1.jar/com/mysql/jdbc/Charsets.properties",
               "details": [
                  {
                     "reference": null,
                     "match": "(.*)?\\.properties",
                     "lineNumber": 0
                  }
               ]
            },
            {
               "fileName": "ECA_Reporting_war.ear/ECA_Reporting.war/WEB-INF/lib/teamchat-client-sdk.2.1.jar/com/mysql/jdbc/LocalizedErrorMessages.properties",
               "details": [
                  {
                     "reference": null,
                     "match": "(.*)?\\.properties",
                     "lineNumber": 0
                  }
               ]
            },
            {
               "fileName": "ECA_Reporting_war.ear/ECA_Reporting.war/WEB-INF/lib/teamchat-client-sdk.2.1.jar/com/mysql/jdbc/NonRegisteringDriver.class",
               "details": [
                  {
                     "reference": "Method parseURL",
                     "match": "java.util.Properties.load(*)",
                     "lineNumber": 774
                  }
               ]
            },
            {
               "fileName": "ECA_Reporting_war.ear/ECA_Reporting.war/WEB-INF/lib/teamchat-client-sdk.2.1.jar/com/mysql/jdbc/TimeUtil.class",
               "details": [
                  {
                     "reference": "Method loadTimeZoneMappings",
                     "match": "java.util.Properties.load(*)",
                     "lineNumber": 524
                  }
               ]
            },
            {
               "fileName": "ECA_Reporting_war.ear/ECA_Reporting.war/WEB-INF/lib/teamchat-client-sdk.2.1.jar/com/mysql/jdbc/TimeZoneMapping.properties",
               "details": [
                  {
                     "reference": null,
                     "match": "(.*)?\\.properties",
                     "lineNumber": 0
                  }
               ]
            },
            {
               "fileName": "ECA_Reporting_war.ear/ECA_Reporting.war/WEB-INF/lib/teamchat-client-sdk.2.1.jar/com/mysql/jdbc/configs/3-0-Compat.properties",
               "details": [
                  {
                     "reference": null,
                     "match": "(.*)?\\.properties",
                     "lineNumber": 0
                  }
               ]
            },
            {
               "fileName": "ECA_Reporting_war.ear/ECA_Reporting.war/WEB-INF/lib/teamchat-client-sdk.2.1.jar/com/mysql/jdbc/configs/5-0-Compat.properties",
               "details": [
                  {
                     "reference": null,
                     "match": "(.*)?\\.properties",
                     "lineNumber": 0
                  }
               ]
            },
            {
               "fileName": "ECA_Reporting_war.ear/ECA_Reporting.war/WEB-INF/lib/teamchat-client-sdk.2.1.jar/com/mysql/jdbc/configs/clusterBase.properties",
               "details": [
                  {
                     "reference": null,
                     "match": "(.*)?\\.properties",
                     "lineNumber": 0
                  }
               ]
            },
            {
               "fileName": "ECA_Reporting_war.ear/ECA_Reporting.war/WEB-INF/lib/teamchat-client-sdk.2.1.jar/com/mysql/jdbc/configs/coldFusion.properties",
               "details": [
                  {
                     "reference": null,
                     "match": "(.*)?\\.properties",
                     "lineNumber": 0
                  }
               ]
            },
            {
               "fileName": "ECA_Reporting_war.ear/ECA_Reporting.war/WEB-INF/lib/teamchat-client-sdk.2.1.jar/com/mysql/jdbc/configs/fullDebug.properties",
               "details": [
                  {
                     "reference": null,
                     "match": "(.*)?\\.properties",
                     "lineNumber": 0
                  }
               ]
            },
            {
               "fileName": "ECA_Reporting_war.ear/ECA_Reporting.war/WEB-INF/lib/teamchat-client-sdk.2.1.jar/com/mysql/jdbc/configs/maxPerformance.properties",
               "details": [
                  {
                     "reference": null,
                     "match": "(.*)?\\.properties",
                     "lineNumber": 0
                  }
               ]
            },
            {
               "fileName": "ECA_Reporting_war.ear/ECA_Reporting.war/WEB-INF/lib/teamchat-client-sdk.2.1.jar/com/mysql/jdbc/configs/solarisMaxPerformance.properties",
               "details": [
                  {
                     "reference": null,
                     "match": "(.*)?\\.properties",
                     "lineNumber": 0
                  }
               ]
            },
            {
               "fileName": "ECA_Reporting_war.ear/ECA_Reporting.war/WEB-INF/lib/teamchat-client-sdk.2.1.jar/com/teamchat/client/sdk/pers/PooledConnectionFactory.class",
               "details": [
                  {
                     "reference": "Method initialize",
                     "match": "java.util.Properties.load(*)",
                     "lineNumber": 0
                  }
               ]
            },
            {
               "fileName": "ECA_Reporting_war.ear/ECA_Reporting.war/WEB-INF/lib/teamchat-client-sdk.2.1.jar/org/apache/commons/dbcp2/LocalStrings.properties",
               "details": [
                  {
                     "reference": null,
                     "match": "(.*)?\\.properties",
                     "lineNumber": 0
                  }
               ]
            },
            {
               "fileName": "ECA_Reporting_war.ear/ECA_Reporting.war/WEB-INF/lib/teamchat-client-sdk.2.1.jar/org/apache/http/client/version.properties",
               "details": [
                  {
                     "reference": null,
                     "match": "(.*)?\\.properties",
                     "lineNumber": 0
                  }
               ]
            },
            {
               "fileName": "ECA_Reporting_war.ear/ECA_Reporting.war/WEB-INF/lib/teamchat-client-sdk.2.1.jar/org/apache/http/version.properties",
               "details": [
                  {
                     "reference": null,
                     "match": "(.*)?\\.properties",
                     "lineNumber": 0
                  }
               ]
            }
         ]
      },
      {
         "ruleName": "JavaMail server",
         "ruleId": "MailServerRule",
         "severity": "Warning",
         "category": "Technology connectivity considerations for IBM Cloud",
         "results": [
            {
               "fileName": "ECA_Reporting_war.ear/ECA_Reporting.war/WEB-INF/classes/com/asianpaints/eca/services/MailReport$1.class",
               "details": [
                  {
                     "reference": "Constructor",
                     "match": "javax.mail",
                     "lineNumber": 74
                  }
               ]
            }
         ]
      },
      {
         "ruleName": "MBean and MXBean interfaces must be public",
         "ruleId": "MXBeanRule",
         "severity": "Severe",
         "category": "Java SE version migration / Java SE 8 compatibility impacts",
         "results": [
            {
               "fileName": "ECA_Reporting_war.ear/ECA_Reporting.war/WEB-INF/lib/teamchat-client-sdk.2.1.jar/com/mysql/jdbc/jmx/LoadBalanceConnectionGroupManager.class",
               "details": [
                  {
                     "reference": "Method registerJmx",
                     "match": "javax.management.MBeanServer.registerMBean(*)",
                     "lineNumber": 50
                  }
               ]
            },
            {
               "fileName": "ECA_Reporting_war.ear/ECA_Reporting.war/WEB-INF/lib/teamchat-client-sdk.2.1.jar/com/mysql/jdbc/jmx/ReplicationGroupManager.class",
               "details": [
                  {
                     "reference": "Method registerJmx",
                     "match": "javax.management.MBeanServer.registerMBean(*)",
                     "lineNumber": 46
                  }
               ]
            }
         ]
      },
      {
         "ruleName": "Managing data inside and between Docker containers",
         "ruleId": "FileSystemRule",
         "severity": "Warning",
         "category": "Docker (IBM Cloud Kubernetes Service)",
         "results": [
            {
               "fileName": "ECA_Reporting_war.ear/ECA_Reporting.war/WEB-INF/lib/jxl-2.6.10.jar/jxl/Workbook.class",
               "details": [
                  {
                     "reference": "Method createWorkbook",
                     "match": "java.io.FileOutputStream",
                     "lineNumber": 301
                  },
                  {
                     "reference": "Method createWorkbook",
                     "match": "java.io.FileOutputStream",
                     "lineNumber": 303
                  },
                  {
                     "reference": "Method createWorkbook",
                     "match": "java.io.FileOutputStream",
                     "lineNumber": 338
                  },
                  {
                     "reference": "Method createWorkbook",
                     "match": "java.io.FileOutputStream",
                     "lineNumber": 340
                  }
               ]
            },
            {
               "fileName": "ECA_Reporting_war.ear/ECA_Reporting.war/WEB-INF/lib/jxl-2.6.10.jar/jxl/demo/Demo.class",
               "details": [
                  {
                     "reference": "Method main",
                     "match": "java.io.FileOutputStream",
                     "lineNumber": 268
                  }
               ]
            },
            {
               "fileName": "ECA_Reporting_war.ear/ECA_Reporting.war/WEB-INF/lib/jxl-2.6.10.jar/jxl/write/biff/FileDataOutput.class",
               "details": [
                  {
                     "reference": "Method setData",
                     "match": "java.io.RandomAccessFile.write(*)",
                     "lineNumber": 94
                  },
                  {
                     "reference": "Method write",
                     "match": "java.io.RandomAccessFile.write(*)",
                     "lineNumber": 69
                  }
               ]
            },
            {
               "fileName": "ECA_Reporting_war.ear/ECA_Reporting.war/WEB-INF/lib/jxl-2.6.10.jar/jxl/write/biff/WritableWorkbookImpl.class",
               "details": [
                  {
                     "reference": "Method setOutputFile",
                     "match": "java.io.FileOutputStream",
                     "lineNumber": 469
                  },
                  {
                     "reference": "Method setOutputFile",
                     "match": "java.io.FileOutputStream",
                     "lineNumber": 471
                  }
               ]
            },
            {
               "fileName": "ECA_Reporting_war.ear/ECA_Reporting.war/WEB-INF/lib/teamchat-client-sdk.2.1.jar/com/mysql/jdbc/NamedPipeSocketFactory$RandomAccessFileOutputStream.class",
               "details": [
                  {
                     "reference": "Method write",
                     "match": "java.io.RandomAccessFile.write(*)",
                     "lineNumber": 163
                  },
                  {
                     "reference": "Method write",
                     "match": "java.io.RandomAccessFile.write(*)",
                     "lineNumber": 171
                  }
               ]
            },
            {
               "fileName": "ECA_Reporting_war.ear/ECA_Reporting.war/WEB-INF/lib/teamchat-client-sdk.2.1.jar/com/mysql/jdbc/util/VersionFSHierarchyMaker.class",
               "details": [
                  {
                     "reference": "Method main",
                     "match": "java.io.FileOutputStream",
                     "lineNumber": 82
                  },
                  {
                     "reference": "Method main",
                     "match": "java.io.FileOutputStream",
                     "lineNumber": 90
                  },
                  {
                     "reference": "Method main",
                     "match": "java.io.FileOutputStream",
                     "lineNumber": 93
                  },
                  {
                     "reference": "Method main",
                     "match": "java.io.FileOutputStream",
                     "lineNumber": 94
                  },
                  {
                     "reference": "Method main",
                     "match": "java.io.FileOutputStream",
                     "lineNumber": 97
                  }
               ]
            },
            {
               "fileName": "ECA_Reporting_war.ear/ECA_Reporting.war/WEB-INF/lib/teamchat-client-sdk.2.1.jar/com/teamchat/client/sdk/pers/FileLayer.class",
               "details": [
                  {
                     "reference": "Method save",
                     "match": "java.io.PrintWriter(java.lang.String)",
                     "lineNumber": 0
                  }
               ]
            }
         ]
      },
      {
         "ruleName": "The use of java.sql.Driver and java.sql.DriverManager interfaces requires configuration ",
         "ruleId": "SqlDriverRule",
         "severity": "Severe",
         "category": "WebSphere traditional to Liberty",
         "results": [
            {
               "fileName": "ECA_Reporting_war.ear/ECA_Reporting.war/WEB-INF/classes/com/asianpaints/eca/services/DBConnect.class",
               "details": [
                  {
                     "reference": "Method Connect",
                     "match": "java.sql.DriverManager.getConnection(*)",
                     "lineNumber": 38
                  }
               ]
            },
            {
               "fileName": "ECA_Reporting_war.ear/ECA_Reporting.war/WEB-INF/lib/teamchat-client-sdk.2.1.jar/com/mysql/fabric/hibernate/FabricMultiTenantConnectionProvider.class",
               "details": [
                  {
                     "reference": "Method getReadWriteConnectionFromServerGroup",
                     "match": "java.sql.DriverManager.getConnection(*)",
                     "lineNumber": 82
                  }
               ]
            },
            {
               "fileName": "ECA_Reporting_war.ear/ECA_Reporting.war/WEB-INF/lib/teamchat-client-sdk.2.1.jar/com/mysql/fabric/jdbc/FabricMySQLDataSource.class",
               "details": [
                  {
                     "reference": "Method getConnection",
                     "match": "java.sql.Driver.connect(*)",
                     "lineNumber": 125
                  }
               ]
            },
            {
               "fileName": "ECA_Reporting_war.ear/ECA_Reporting.war/WEB-INF/lib/teamchat-client-sdk.2.1.jar/com/mysql/jdbc/MiniAdmin.class",
               "details": [
                  {
                     "reference": "Constructor",
                     "match": "com.mysql.jdbc.Driver.connect(*)",
                     "lineNumber": 83
                  }
               ]
            },
            {
               "fileName": "ECA_Reporting_war.ear/ECA_Reporting.war/WEB-INF/lib/teamchat-client-sdk.2.1.jar/com/mysql/jdbc/ReplicationConnection.class",
               "details": [
                  {
                     "reference": "Method initializeMasterConnection",
                     "match": "com.mysql.jdbc.NonRegisteringDriver.connect(*)",
                     "lineNumber": 159
                  },
                  {
                     "reference": "Method initializeSlaveConnection",
                     "match": "com.mysql.jdbc.NonRegisteringDriver.connect(*)",
                     "lineNumber": 211
                  }
               ]
            },
            {
               "fileName": "ECA_Reporting_war.ear/ECA_Reporting.war/WEB-INF/lib/teamchat-client-sdk.2.1.jar/com/mysql/jdbc/StatementImpl$CancelTask$1.class",
               "details": [
                  {
                     "reference": "Method run",
                     "match": "java.sql.DriverManager.getConnection(*)",
                     "lineNumber": 122
                  }
               ]
            },
            {
               "fileName": "ECA_Reporting_war.ear/ECA_Reporting.war/WEB-INF/lib/teamchat-client-sdk.2.1.jar/com/mysql/jdbc/jdbc2/optional/MysqlDataSource.class",
               "details": [
                  {
                     "reference": "Method getConnection",
                     "match": "com.mysql.jdbc.NonRegisteringDriver.connect(*)",
                     "lineNumber": 422
                  }
               ]
            },
            {
               "fileName": "ECA_Reporting_war.ear/ECA_Reporting.war/WEB-INF/lib/teamchat-client-sdk.2.1.jar/com/mysql/jdbc/util/BaseBugReport.class",
               "details": [
                  {
                     "reference": "Method getConnection",
                     "match": "com.mysql.jdbc.Driver.connect(*)",
                     "lineNumber": 246
                  }
               ]
            },
            {
               "fileName": "ECA_Reporting_war.ear/ECA_Reporting.war/WEB-INF/lib/teamchat-client-sdk.2.1.jar/com/mysql/jdbc/util/TimezoneDump.class",
               "details": [
                  {
                     "reference": "Method main",
                     "match": "java.sql.DriverManager.getConnection(*)",
                     "lineNumber": 64
                  }
               ]
            },
            {
               "fileName": "ECA_Reporting_war.ear/ECA_Reporting.war/WEB-INF/lib/teamchat-client-sdk.2.1.jar/com/mysql/jdbc/util/VersionFSHierarchyMaker.class",
               "details": [
                  {
                     "reference": "Method main",
                     "match": "com.mysql.jdbc.NonRegisteringDriver.connect(*)",
                     "lineNumber": 59
                  }
               ]
            },
            {
               "fileName": "ECA_Reporting_war.ear/ECA_Reporting.war/WEB-INF/lib/teamchat-client-sdk.2.1.jar/com/teamchat/client/sdk/pers/SimpleConnectionFactory.class",
               "details": [
                  {
                     "reference": "Method getConnection",
                     "match": "java.sql.DriverManager.getConnection(*)",
                     "lineNumber": 0
                  }
               ]
            }
         ]
      },
      {
         "ruleName": "Validate the URL host and port for cloud access",
         "ruleId": "URLRuleDockerCloud",
         "severity": "Warning",
         "category": "Connectivity considerations for IBM Cloud (Docker and WebSphere in IBM Cloud)",
         "results": [
            {
               "fileName": "ECA_Reporting_war.ear/ECA_Reporting.war/WEB-INF/classes/com/asianpaints/eca/bot/ECABot.class",
               "details": [
                  {
                     "reference": "Method onMailReprotDateRange",
                     "match": "http://mservedev.asianpaints.com/ECA/report?email=",
                     "lineNumber": 584
                  }
               ]
            },
            {
               "fileName": "ECA_Reporting_war.ear/ECA_Reporting.war/WEB-INF/classes/com/asianpaints/eca/bot/ECAHierarchy.class",
               "details": [
                  {
                     "reference": "Method onMailReprotDateRange",
                     "match": "http://mservedev.asianpaints.com/ECA/report?email=",
                     "lineNumber": 154
                  }
               ]
            },
            {
               "fileName": "ECA_Reporting_war.ear/ECA_Reporting.war/WEB-INF/lib/jxl-2.6.10.jar/jxl/demo/ReadWrite.class",
               "details": [
                  {
                     "reference": "Method modify",
                     "match": "http://www.andykhan.com/jexcelapi/index.html",
                     "lineNumber": 269
                  }
               ]
            },
            {
               "fileName": "ECA_Reporting_war.ear/ECA_Reporting.war/WEB-INF/lib/jxl-2.6.10.jar/jxl/demo/Write.class",
               "details": [
                  {
                     "reference": "Method writeLabelFormatSheet",
                     "match": "http://www.amazon.co.uk/exec/obidos/ASIN/0571058086/qid=1099836249/sr=1-3/ref=sr_1_11_3/202-6017285-1620664",
                     "lineNumber": 1083
                  },
                  {
                     "reference": "Method writeLabelFormatSheet",
                     "match": "http://www.andykhan.com/jexcelapi",
                     "lineNumber": 1055
                  }
               ]
            },
            {
               "fileName": "ECA_Reporting_war.ear/ECA_Reporting.war/WEB-INF/lib/jxl-2.6.10.jar/jxl/read/biff/HyperlinkRecord.class",
               "details": [
                  {
                     "reference": "Constructor",
                     "match": "http://www.andykhan.com/jexcelapi/index.html",
                     "lineNumber": 211
                  },
                  {
                     "reference": "Constructor",
                     "match": "http://www.andykhan.com/jexcelapi/index.html",
                     "lineNumber": 232
                  }
               ]
            },
            {
               "fileName": "ECA_Reporting_war.ear/ECA_Reporting.war/WEB-INF/lib/teamchat-client-sdk.2.1.jar/com/mysql/fabric/hibernate/FabricMultiTenantConnectionProvider.class",
               "details": [
                  {
                     "reference": "Method getReadWriteConnectionFromServerGroup",
                     "match": "jdbc:mysql://%s:%s/%s",
                     "lineNumber": 81
                  }
               ]
            },
            {
               "fileName": "ECA_Reporting_war.ear/ECA_Reporting.war/WEB-INF/lib/teamchat-client-sdk.2.1.jar/com/mysql/jdbc/util/BaseBugReport.class",
               "details": [
                  {
                     "reference": "Method getUrl",
                     "match": "jdbc:mysql:///test",
                     "lineNumber": 182
                  }
               ]
            },
            {
               "fileName": "ECA_Reporting_war.ear/ECA_Reporting.war/WEB-INF/lib/teamchat-client-sdk.2.1.jar/com/mysql/jdbc/util/TimezoneDump.class",
               "details": [
                  {
                     "reference": "Field DEFAULT_URL",
                     "match": "jdbc:mysql:///test",
                     "lineNumber": 0
                  },
                  {
                     "reference": "Method main",
                     "match": "jdbc:mysql:///test",
                     "lineNumber": 53
                  }
               ]
            }
         ]
      },
      {
         "ruleName": "org.apache third-party APIs are unavailable on Liberty",
         "ruleId": "HiddenThirdPartyAPIInUseApache",
         "severity": "Severe",
         "category": "WebSphere traditional to Liberty",
         "results": [
            {
               "fileName": "ECA_Reporting_war.ear/ECA_Reporting.war/WEB-INF/lib/teamchat-client-sdk.2.1.jar/com/teamchat/client/utils/AwsFileUploader.class",
               "details": [
                  {
                     "reference": "Method getToken",
                     "match": "org.apache.commons.codec.binary",
                     "lineNumber": 0
                  }
               ]
            }
         ]
      },
      {
         "ruleName": "org.slf4j third-party APIs are unavailable on Liberty",
         "ruleId": "HiddenThirdPartyAPIInUseSLF4J",
         "severity": "Severe",
         "category": "WebSphere traditional to Liberty",
         "results": [
            {
               "fileName": "ECA_Reporting_war.ear/ECA_Reporting.war/WEB-INF/lib/teamchat-client-sdk.2.1.jar/com/mysql/jdbc/log/Slf4JLogger.class",
               "details": [
                  {
                     "reference": "Constructor",
                     "match": "org.slf4j",
                     "lineNumber": 33
                  }
               ]
            }
         ]
      }
   ]
}