{
   "report": "analysis",
   "version": "1.2",
   "productVersion": "9.0",
   "productRelease": "19.0.0.2-TA1",
   "options": [
      "--sourceAppServer=was855",
      "--sourceJava=ibm7",
      "--sourceJavaEE=ee6",
      "--targetAppServer=liberty",
      "--targetJava=ibm8",
      "--targetCloud=dockerIBMCloud",
      "--excludePackages=com.ibm,com.informix,com.microsoft,com.sybase,com.sun,java,javax,net,oracle,org,sqlj,_ibmjsp"
   ],
   "totalRulesFlagged": 13,
   "filesAffected": 59,
   "totalResults": 314,
   "severitySummary": [
      {
         "severity": "Severe",
         "totalRulesFlagged": 3,
         "totalResults": 182
      },
      {
         "severity": "Warning",
         "totalRulesFlagged": 9,
         "totalResults": 123
      },
      {
         "severity": "Information",
         "totalRulesFlagged": 1,
         "totalResults": 9
      }
   ],
   "applications": [
      "/opt/IBM/WebSphere/AppServer/profiles/Dmgr01/config/cells/apwasdevCell01/applications/ESSESS_war.ear/ESSESS_war.ear"
   ],
   "rules": [
      {
         "ruleName": "Behavior change in java.lang.String and java.util.regex.Pattern split methods",
         "ruleId": "StringSplit",
         "severity": "Warning",
         "category": "Java SE version migration / Java SE 8 compatibility impacts",
         "results": [
            {
               "fileName": "ESSESS_war.ear/ESSESS.war/WEB-INF/classes/com/essess/consumer/Profile.class",
               "details": [
                  {
                     "reference": "Method getDetailsLoyalty",
                     "match": "java.lang.String.split(*)",
                     "lineNumber": 268
                  }
               ]
            }
         ]
      },
      {
         "ruleName": "Behavior change in month name formatting for some languages",
         "ruleId": "MonthFormattingNames",
         "severity": "Information",
         "category": "Java SE version migration / Java SE 8 compatibility impacts",
         "results": [
            {
               "fileName": "ESSESS_war.ear/ESSESS.war/WEB-INF/lib/sapidoc3.jar/com/sap/conn/idoc/rt/ErrorTrace.class",
               "details": [
                  {
                     "reference": "Method trace",
                     "match": "java.text.DateFormat.format(*)",
                     "lineNumber": 147
                  }
               ]
            },
            {
               "fileName": "ESSESS_war.ear/ESSESS.war/WEB-INF/lib/sapidoc3.jar/com/sap/conn/idoc/rt/util/SyncDateFormat.class",
               "details": [
                  {
                     "reference": "Method format",
                     "match": "java.text.SimpleDateFormat.format(*)",
                     "lineNumber": 50
                  }
               ]
            },
            {
               "fileName": "ESSESS_war.ear/ESSESS.war/WEB-INF/lib/sapjco3.jar/com/sap/conn/jco/rt/JCoRuntime.class",
               "details": [
                  {
                     "reference": "Method setPropertyValue",
                     "match": "java.text.DateFormat.format(*)",
                     "lineNumber": 851
                  }
               ]
            },
            {
               "fileName": "ESSESS_war.ear/ESSESS.war/WEB-INF/lib/sapjco3.jar/com/sap/conn/jco/rt/MiddlewareJavaRfc.class",
               "details": [
                  {
                     "reference": "Method setProperty",
                     "match": "java.text.DateFormat.format(*)",
                     "lineNumber": 440
                  }
               ]
            },
            {
               "fileName": "ESSESS_war.ear/ESSESS.war/WEB-INF/lib/sapjco3.jar/com/sap/conn/jco/util/ErrorTrace.class",
               "details": [
                  {
                     "reference": "Method trace",
                     "match": "java.text.DateFormat.format(*)",
                     "lineNumber": 146
                  }
               ]
            },
            {
               "fileName": "ESSESS_war.ear/ESSESS.war/WEB-INF/lib/sapjco3.jar/com/sap/conn/jco/util/SyncDateFormat.class",
               "details": [
                  {
                     "reference": "Method format",
                     "match": "java.text.SimpleDateFormat.format(*)",
                     "lineNumber": 47
                  }
               ]
            },
            {
               "fileName": "ESSESS_war.ear/ESSESS.war/WEB-INF/lib/sapjco3.jar/com/sap/tc/logging/LogRecord.class",
               "details": [
                  {
                     "reference": "Method formatTime",
                     "match": "java.text.DateFormat.format(*)",
                     "lineNumber": 1242
                  }
               ]
            },
            {
               "fileName": "ESSESS_war.ear/ESSESS.war/WEB-INF/lib/sapjco3.jar/com/sap/tc/logging/tools/lv/LVFormatter.class",
               "details": [
                  {
                     "reference": "Method format",
                     "match": "java.text.SimpleDateFormat.format(*)",
                     "lineNumber": 53
                  },
                  {
                     "reference": "Method format",
                     "match": "java.text.SimpleDateFormat.format(*)",
                     "lineNumber": 57
                  }
               ]
            }
         ]
      },
      {
         "ruleName": "Check for compatibility when using system modules",
         "ruleId": "SystemLoadLibrary",
         "severity": "Warning",
         "category": "All application servers",
         "results": [
            {
               "fileName": "ESSESS_war.ear/ESSESS.war/WEB-INF/lib/ngdbc.jar/com/sap/db/jdbc/Driver.class",
               "details": [
                  {
                     "reference": "Method loadNativeAuthentication",
                     "match": "java.lang.System.loadLibrary(*)",
                     "lineNumber": 1279
                  }
               ]
            },
            {
               "fileName": "ESSESS_war.ear/ESSESS.war/WEB-INF/lib/sapjco3.jar/com/sap/conn/jco/rt/DefaultJCoRuntime.class",
               "details": [
                  {
                     "reference": "Method loadLibrary",
                     "match": "java.lang.System.loadLibrary(*)",
                     "lineNumber": 425
                  }
               ]
            },
            {
               "fileName": "ESSESS_war.ear/ESSESS.war/WEB-INF/lib/sapjco3.jar/com/sap/i18n/cp/ConverterJNI.class",
               "details": [
                  {
                     "reference": "Method loadLibrary",
                     "match": "java.lang.System.loadLibrary(*)",
                     "lineNumber": 554
                  }
               ]
            }
         ]
      },
      {
         "ruleName": "Databases",
         "ruleId": "DatabasesSQLRule",
         "severity": "Warning",
         "category": "Technology connectivity considerations for IBM Cloud",
         "results": [
            {
               "fileName": "ESSESS_war.ear/ESSESS.war/WEB-INF/classes/com/essess/consumer/Dealer.class",
               "details": [
                  {
                     "reference": "Method getPrefDealer",
                     "match": "java.sql",
                     "lineNumber": 74
                  }
               ]
            },
            {
               "fileName": "ESSESS_war.ear/ESSESS.war/WEB-INF/lib/ngdbc.jar/com/sap/db/jdbc/CallableStatementSapDB.class",
               "details": [
                  {
                     "reference": "Class implements",
                     "match": "java.sql",
                     "lineNumber": 0
                  }
               ]
            }
         ]
      },
      {
         "ruleName": "Do not start unmanaged threads within the web or EJB container",
         "ruleId": "CreateThreadMethodsInWebOrEjbProject",
         "severity": "Warning",
         "category": "All application servers",
         "results": [
            {
               "fileName": "ESSESS_war.ear/ESSESS.war/WEB-INF/lib/sapjco3.jar/com/sap/conn/jco/rt/AutoJobRunner.class",
               "details": [
                  {
                     "reference": "Method initialize",
                     "match": "java.lang.Thread.start(*)",
                     "lineNumber": 23
                  }
               ]
            },
            {
               "fileName": "ESSESS_war.ear/ESSESS.war/WEB-INF/lib/sapjco3.jar/com/sap/conn/jco/rt/DefaultServerManager$DefaultRunnableStarter.class",
               "details": [
                  {
                     "reference": "Method start",
                     "match": "java.lang.Thread.start(*)",
                     "lineNumber": 338
                  }
               ]
            },
            {
               "fileName": "ESSESS_war.ear/ESSESS.war/WEB-INF/lib/sapjco3.jar/com/sap/conn/jco/rt/DefaultServerManager.class",
               "details": [
                  {
                     "reference": "Method addServer",
                     "match": "java.lang.Thread.start(*)",
                     "lineNumber": 140
                  }
               ]
            }
         ]
      },
      {
         "ruleName": "Handling application configuration in Docker containers",
         "ruleId": "DetectPropertiesFiles",
         "severity": "Warning",
         "category": "Docker (IBM Cloud Kubernetes Service)",
         "results": [
            {
               "fileName": "ESSESS_war.ear/ESSESS.war/WEB-INF/lib/ngdbc.jar/com/sap/db/jdbc/messages.properties",
               "details": [
                  {
                     "reference": null,
                     "match": "(.*)?\\.properties",
                     "lineNumber": 0
                  }
               ]
            },
            {
               "fileName": "ESSESS_war.ear/ESSESS.war/WEB-INF/lib/ngdbc.jar/com/sap/db/util/TraceConfiguration.class",
               "details": [
                  {
                     "reference": "Method loadTraceSettings",
                     "match": "java.util.Properties.load(*)",
                     "lineNumber": 190
                  }
               ]
            },
            {
               "fileName": "ESSESS_war.ear/ESSESS.war/WEB-INF/lib/sapidoc3.jar/com/sap/conn/idoc/jco/package-version.properties",
               "details": [
                  {
                     "reference": null,
                     "match": "(.*)?\\.properties",
                     "lineNumber": 0
                  }
               ]
            },
            {
               "fileName": "ESSESS_war.ear/ESSESS.war/WEB-INF/lib/sapidoc3.jar/com/sap/conn/idoc/package-version.properties",
               "details": [
                  {
                     "reference": null,
                     "match": "(.*)?\\.properties",
                     "lineNumber": 0
                  }
               ]
            },
            {
               "fileName": "ESSESS_war.ear/ESSESS.war/WEB-INF/lib/sapidoc3.jar/com/sap/conn/idoc/rt/cp/package-version.properties",
               "details": [
                  {
                     "reference": null,
                     "match": "(.*)?\\.properties",
                     "lineNumber": 0
                  }
               ]
            },
            {
               "fileName": "ESSESS_war.ear/ESSESS.war/WEB-INF/lib/sapidoc3.jar/com/sap/conn/idoc/rt/package-version.properties",
               "details": [
                  {
                     "reference": null,
                     "match": "(.*)?\\.properties",
                     "lineNumber": 0
                  }
               ]
            },
            {
               "fileName": "ESSESS_war.ear/ESSESS.war/WEB-INF/lib/sapidoc3.jar/com/sap/conn/idoc/rt/record/impl/package-version.properties",
               "details": [
                  {
                     "reference": null,
                     "match": "(.*)?\\.properties",
                     "lineNumber": 0
                  }
               ]
            },
            {
               "fileName": "ESSESS_war.ear/ESSESS.war/WEB-INF/lib/sapidoc3.jar/com/sap/conn/idoc/rt/record/package-version.properties",
               "details": [
                  {
                     "reference": null,
                     "match": "(.*)?\\.properties",
                     "lineNumber": 0
                  }
               ]
            },
            {
               "fileName": "ESSESS_war.ear/ESSESS.war/WEB-INF/lib/sapidoc3.jar/com/sap/conn/idoc/rt/trace/package-version.properties",
               "details": [
                  {
                     "reference": null,
                     "match": "(.*)?\\.properties",
                     "lineNumber": 0
                  }
               ]
            },
            {
               "fileName": "ESSESS_war.ear/ESSESS.war/WEB-INF/lib/sapidoc3.jar/com/sap/conn/idoc/rt/util/package-version.properties",
               "details": [
                  {
                     "reference": null,
                     "match": "(.*)?\\.properties",
                     "lineNumber": 0
                  }
               ]
            },
            {
               "fileName": "ESSESS_war.ear/ESSESS.war/WEB-INF/lib/sapidoc3.jar/com/sap/conn/idoc/rt/xml/package-version.properties",
               "details": [
                  {
                     "reference": null,
                     "match": "(.*)?\\.properties",
                     "lineNumber": 0
                  }
               ]
            },
            {
               "fileName": "ESSESS_war.ear/ESSESS.war/WEB-INF/lib/sapjco3.jar/com/sap/conn/jco/rt/FileDestinationsDataProvider.class",
               "details": [
                  {
                     "reference": "Method loadProperties",
                     "match": "java.util.Properties.load(*)",
                     "lineNumber": 98
                  }
               ]
            },
            {
               "fileName": "ESSESS_war.ear/ESSESS.war/WEB-INF/lib/sapjco3.jar/com/sap/conn/jco/support/SimpleDataProviderImpl.class",
               "details": [
                  {
                     "reference": "Method getDestinationProperties",
                     "match": "java.util.Properties.load(*)",
                     "lineNumber": 80
                  },
                  {
                     "reference": "Method getServerProperties",
                     "match": "java.util.Properties.load(*)",
                     "lineNumber": 117
                  }
               ]
            },
            {
               "fileName": "ESSESS_war.ear/ESSESS.war/WEB-INF/lib/sapjco3.jar/com/sap/tc/logging/PropertiesConfigurator.class",
               "details": [
                  {
                     "reference": "Method configure",
                     "match": "java.util.Properties.load(*)",
                     "lineNumber": 529
                  }
               ]
            }
         ]
      },
      {
         "ruleName": "JavaMail server",
         "ruleId": "MailServerRule",
         "severity": "Warning",
         "category": "Technology connectivity considerations for IBM Cloud",
         "results": [
            {
               "fileName": "ESSESS_war.ear/ESSESS.war/WEB-INF/classes/com/essess/serv/LogToFile.class",
               "details": [
                  {
                     "reference": "Constructor",
                     "match": "javax.mail",
                     "lineNumber": 26
                  }
               ]
            }
         ]
      },
      {
         "ruleName": "Managing data inside and between Docker containers",
         "ruleId": "FileSystemRule",
         "severity": "Warning",
         "category": "Docker (IBM Cloud Kubernetes Service)",
         "results": [
            {
               "fileName": "ESSESS_war.ear/ESSESS.war/WEB-INF/classes/com/essess/serv/LogToFile.class",
               "details": [
                  {
                     "reference": "Method writeToFile",
                     "match": "java.io.FileWriter",
                     "lineNumber": 208
                  },
                  {
                     "reference": "Method writeToFile",
                     "match": "java.io.FileWriter",
                     "lineNumber": 212
                  },
                  {
                     "reference": "Method writeToFile",
                     "match": "java.io.FileWriter",
                     "lineNumber": 217
                  }
               ]
            },
            {
               "fileName": "ESSESS_war.ear/ESSESS.war/WEB-INF/lib/ngdbc.jar/com/sap/db/util/TraceConfiguration.class",
               "details": [
                  {
                     "reference": "Method saveTraceSettings",
                     "match": "java.io.FileOutputStream",
                     "lineNumber": 241
                  }
               ]
            },
            {
               "fileName": "ESSESS_war.ear/ESSESS.war/WEB-INF/lib/ngdbc.jar/com/sap/db/util/Tracer.class",
               "details": [
                  {
                     "reference": "Method printNoSyn",
                     "match": "java.io.RandomAccessFile.write(*)",
                     "lineNumber": 233
                  },
                  {
                     "reference": "Method printNoSyn",
                     "match": "java.io.RandomAccessFile.writeBytes(*)",
                     "lineNumber": 245
                  },
                  {
                     "reference": "Method writeUTF",
                     "match": "java.io.RandomAccessFile.write(*)",
                     "lineNumber": 217
                  }
               ]
            },
            {
               "fileName": "ESSESS_war.ear/ESSESS.war/WEB-INF/lib/sapidoc3.jar/com/sap/conn/idoc/rt/DefaultTrace.class",
               "details": [
                  {
                     "reference": "Method createNewFile",
                     "match": "java.io.FileOutputStream",
                     "lineNumber": 134
                  },
                  {
                     "reference": "Method createNewFile",
                     "match": "java.io.FileOutputStream",
                     "lineNumber": 137
                  },
                  {
                     "reference": "Method createNewFile",
                     "match": "java.io.FileOutputStream",
                     "lineNumber": 141
                  },
                  {
                     "reference": "Method createNewFile",
                     "match": "java.io.FileOutputStream",
                     "lineNumber": 147
                  }
               ]
            },
            {
               "fileName": "ESSESS_war.ear/ESSESS.war/WEB-INF/lib/sapidoc3.jar/com/sap/conn/idoc/rt/ErrorTrace.class",
               "details": [
                  {
                     "reference": "Method openFile",
                     "match": "java.io.FileOutputStream",
                     "lineNumber": 83
                  },
                  {
                     "reference": "Method openFile",
                     "match": "java.io.FileOutputStream",
                     "lineNumber": 86
                  },
                  {
                     "reference": "Method openFile",
                     "match": "java.io.FileOutputStream",
                     "lineNumber": 90
                  },
                  {
                     "reference": "Method openFile",
                     "match": "java.io.FileOutputStream",
                     "lineNumber": 95
                  }
               ]
            },
            {
               "fileName": "ESSESS_war.ear/ESSESS.war/WEB-INF/lib/sapjco3.jar/com/sap/conn/jco/support/SimpleDataProviderImpl.class",
               "details": [
                  {
                     "reference": "Method saveAll",
                     "match": "java.io.FileOutputStream",
                     "lineNumber": 196
                  },
                  {
                     "reference": "Method saveAll",
                     "match": "java.io.FileOutputStream",
                     "lineNumber": 208
                  },
                  {
                     "reference": "Method saveAll",
                     "match": "java.io.FileOutputStream",
                     "lineNumber": 216
                  }
               ]
            },
            {
               "fileName": "ESSESS_war.ear/ESSESS.war/WEB-INF/lib/sapjco3.jar/com/sap/conn/jco/support/TidManager.class",
               "details": [
                  {
                     "reference": "Constructor",
                     "match": "java.io.RandomAccessFile.write(*)",
                     "lineNumber": 32
                  },
                  {
                     "reference": "Method update_TID",
                     "match": "java.io.RandomAccessFile.write(*)",
                     "lineNumber": 98
                  },
                  {
                     "reference": "Method update_TID",
                     "match": "java.io.RandomAccessFile.write(*)",
                     "lineNumber": 104
                  }
               ]
            },
            {
               "fileName": "ESSESS_war.ear/ESSESS.war/WEB-INF/lib/sapjco3.jar/com/sap/conn/jco/util/DefaultTrace.class",
               "details": [
                  {
                     "reference": "Method createNewFile",
                     "match": "java.io.FileOutputStream",
                     "lineNumber": 92
                  },
                  {
                     "reference": "Method createNewFile",
                     "match": "java.io.FileOutputStream",
                     "lineNumber": 95
                  },
                  {
                     "reference": "Method createNewFile",
                     "match": "java.io.FileOutputStream",
                     "lineNumber": 99
                  },
                  {
                     "reference": "Method createNewFile",
                     "match": "java.io.FileOutputStream",
                     "lineNumber": 105
                  }
               ]
            },
            {
               "fileName": "ESSESS_war.ear/ESSESS.war/WEB-INF/lib/sapjco3.jar/com/sap/conn/jco/util/ErrorTrace.class",
               "details": [
                  {
                     "reference": "Method openFile",
                     "match": "java.io.FileOutputStream",
                     "lineNumber": 97
                  },
                  {
                     "reference": "Method openFile",
                     "match": "java.io.FileOutputStream",
                     "lineNumber": 100
                  },
                  {
                     "reference": "Method openFile",
                     "match": "java.io.FileOutputStream",
                     "lineNumber": 103
                  },
                  {
                     "reference": "Method openFile",
                     "match": "java.io.FileOutputStream",
                     "lineNumber": 108
                  }
               ]
            },
            {
               "fileName": "ESSESS_war.ear/ESSESS.war/WEB-INF/lib/sapjco3.jar/com/sap/conn/rfc/engine/DefaultRfcTraceWriter$TraceWriterFactory.class",
               "details": [
                  {
                     "reference": "Constructor",
                     "match": "java.io.FileWriter",
                     "lineNumber": 279
                  },
                  {
                     "reference": "Field currentFileWriter",
                     "match": "java.io.FileWriter",
                     "lineNumber": 0
                  },
                  {
                     "reference": "Method closeTrace",
                     "match": "java.io.FileWriter",
                     "lineNumber": 374
                  },
                  {
                     "reference": "Method closeTrace",
                     "match": "java.io.FileWriter",
                     "lineNumber": 376
                  },
                  {
                     "reference": "Method closeTrace",
                     "match": "java.io.FileWriter",
                     "lineNumber": 377
                  },
                  {
                     "reference": "Method getWriter",
                     "match": "java.io.FileWriter",
                     "lineNumber": 343
                  },
                  {
                     "reference": "Method getWriter",
                     "match": "java.io.FileWriter",
                     "lineNumber": 344
                  },
                  {
                     "reference": "Method getWriter",
                     "match": "java.io.FileWriter",
                     "lineNumber": 345
                  },
                  {
                     "reference": "Method getWriter",
                     "match": "java.io.FileWriter",
                     "lineNumber": 349
                  },
                  {
                     "reference": "Method getWriter",
                     "match": "java.io.FileWriter",
                     "lineNumber": 351
                  },
                  {
                     "reference": "Method getWriter",
                     "match": "java.io.FileWriter",
                     "lineNumber": 352
                  },
                  {
                     "reference": "Method getWriter",
                     "match": "java.io.FileWriter",
                     "lineNumber": 355
                  },
                  {
                     "reference": "Method getWriter - Method return type",
                     "match": "java.io.FileWriter",
                     "lineNumber": 0
                  },
                  {
                     "reference": "Method write",
                     "match": "java.io.FileWriter",
                     "lineNumber": 388
                  },
                  {
                     "reference": "Method write",
                     "match": "java.io.FileWriter",
                     "lineNumber": 394
                  },
                  {
                     "reference": "Method write",
                     "match": "java.io.FileWriter",
                     "lineNumber": 395
                  },
                  {
                     "reference": "Method write",
                     "match": "java.io.FileWriter",
                     "lineNumber": 401
                  }
               ]
            },
            {
               "fileName": "ESSESS_war.ear/ESSESS.war/WEB-INF/lib/sapjco3.jar/com/sap/conn/rfc/engine/DefaultRfcTraceWriter.class",
               "details": [
                  {
                     "reference": "Field m_errorTraceFile",
                     "match": "java.io.FileWriter",
                     "lineNumber": 0
                  },
                  {
                     "reference": "Method criticalTrace",
                     "match": "java.io.FileWriter",
                     "lineNumber": 98
                  },
                  {
                     "reference": "Method openErrorTrace",
                     "match": "java.io.FileWriter",
                     "lineNumber": 108
                  },
                  {
                     "reference": "Method openErrorTrace",
                     "match": "java.io.FileWriter",
                     "lineNumber": 135
                  },
                  {
                     "reference": "Method openErrorTrace",
                     "match": "java.io.FileWriter",
                     "lineNumber": 136
                  },
                  {
                     "reference": "Method openErrorTrace",
                     "match": "java.io.FileWriter",
                     "lineNumber": 137
                  },
                  {
                     "reference": "Method openErrorTrace",
                     "match": "java.io.FileWriter",
                     "lineNumber": 142
                  },
                  {
                     "reference": "Method writeInErrorTrace",
                     "match": "java.io.FileWriter",
                     "lineNumber": 164
                  },
                  {
                     "reference": "Method writeInErrorTrace",
                     "match": "java.io.FileWriter",
                     "lineNumber": 166
                  },
                  {
                     "reference": "Method writeInErrorTrace",
                     "match": "java.io.FileWriter",
                     "lineNumber": 167
                  },
                  {
                     "reference": "Method writeInErrorTrace",
                     "match": "java.io.FileWriter",
                     "lineNumber": 168
                  },
                  {
                     "reference": "Method writeInErrorTrace",
                     "match": "java.io.FileWriter",
                     "lineNumber": 243
                  },
                  {
                     "reference": "Method writeInErrorTrace",
                     "match": "java.io.FileWriter",
                     "lineNumber": 245
                  },
                  {
                     "reference": "Method writeInErrorTrace",
                     "match": "java.io.FileWriter",
                     "lineNumber": 246
                  }
               ]
            },
            {
               "fileName": "ESSESS_war.ear/ESSESS.war/WEB-INF/lib/sapjco3.jar/com/sap/tc/logging/FileLog.class",
               "details": [
                  {
                     "reference": "Method openFileInt",
                     "match": "java.io.FileOutputStream",
                     "lineNumber": 1198
                  }
               ]
            },
            {
               "fileName": "ESSESS_war.ear/ESSESS.war/WEB-INF/lib/sapjco3.jar/com/sap/tc/logging/tools/lv/LVReader.class",
               "details": [
                  {
                     "reference": "Method init",
                     "match": "java.io.FileWriter",
                     "lineNumber": 107
                  }
               ]
            }
         ]
      },
      {
         "ruleName": "OSGi bundles might need explicit package imports",
         "ruleId": "OSGiImportRule",
         "severity": "Severe",
         "category": "WebSphere traditional to Liberty",
         "results": [
            {
               "fileName": "ESSESS_war.ear/ESSESS.war/WEB-INF/lib/ngdbc.jar/com/sap/db/jdbcext/AbstractRowSetSAP.class",
               "details": [
                  {
                     "reference": "Method addRowSetListener - Method parameter",
                     "match": "javax.sql",
                     "lineNumber": 0
                  },
                  {
                     "reference": "Method notifyCursorMoved",
                     "match": "javax.sql",
                     "lineNumber": 189
                  },
                  {
                     "reference": "Method notifyCursorMoved",
                     "match": "javax.sql",
                     "lineNumber": 193
                  },
                  {
                     "reference": "Method notifyCursorMoved",
                     "match": "javax.sql",
                     "lineNumber": 194
                  },
                  {
                     "reference": "Method notifyCursorMoved",
                     "match": "javax.sql",
                     "lineNumber": 198
                  },
                  {
                     "reference": "Method notifyRowChanged",
                     "match": "javax.sql",
                     "lineNumber": 204
                  },
                  {
                     "reference": "Method notifyRowChanged",
                     "match": "javax.sql",
                     "lineNumber": 208
                  },
                  {
                     "reference": "Method notifyRowChanged",
                     "match": "javax.sql",
                     "lineNumber": 209
                  },
                  {
                     "reference": "Method notifyRowChanged",
                     "match": "javax.sql",
                     "lineNumber": 213
                  },
                  {
                     "reference": "Method notifyRowSetChanged",
                     "match": "javax.sql",
                     "lineNumber": 219
                  },
                  {
                     "reference": "Method notifyRowSetChanged",
                     "match": "javax.sql",
                     "lineNumber": 223
                  },
                  {
                     "reference": "Method notifyRowSetChanged",
                     "match": "javax.sql",
                     "lineNumber": 224
                  },
                  {
                     "reference": "Method notifyRowSetChanged",
                     "match": "javax.sql",
                     "lineNumber": 228
                  },
                  {
                     "reference": "Method removeRowSetListener - Method parameter",
                     "match": "javax.sql",
                     "lineNumber": 0
                  }
               ]
            },
            {
               "fileName": "ESSESS_war.ear/ESSESS.war/WEB-INF/lib/ngdbc.jar/com/sap/db/jdbcext/ConnectionListenerBag.class",
               "details": [
                  {
                     "reference": "Method addConnectionEventListener - Method parameter",
                     "match": "javax.sql",
                     "lineNumber": 0
                  },
                  {
                     "reference": "Method addStatementEventListener - Method parameter",
                     "match": "javax.sql",
                     "lineNumber": 0
                  },
                  {
                     "reference": "Method removeConnectionEventListener - Method parameter",
                     "match": "javax.sql",
                     "lineNumber": 0
                  },
                  {
                     "reference": "Method removeStatementEventListener - Method parameter",
                     "match": "javax.sql",
                     "lineNumber": 0
                  },
                  {
                     "reference": "Method sendCloseEvent",
                     "match": "javax.sql",
                     "lineNumber": 36
                  },
                  {
                     "reference": "Method sendCloseEvent",
                     "match": "javax.sql",
                     "lineNumber": 39
                  },
                  {
                     "reference": "Method sendCloseEvent",
                     "match": "javax.sql",
                     "lineNumber": 40
                  },
                  {
                     "reference": "Method sendCloseEvent",
                     "match": "javax.sql",
                     "lineNumber": 43
                  },
                  {
                     "reference": "Method sendCloseEvent",
                     "match": "javax.sql",
                     "lineNumber": 52
                  },
                  {
                     "reference": "Method sendCloseEvent - Method parameter",
                     "match": "javax.sql",
                     "lineNumber": 0
                  },
                  {
                     "reference": "Method sendErrorEvent",
                     "match": "javax.sql",
                     "lineNumber": 63
                  },
                  {
                     "reference": "Method sendErrorEvent",
                     "match": "javax.sql",
                     "lineNumber": 67
                  },
                  {
                     "reference": "Method sendErrorEvent",
                     "match": "javax.sql",
                     "lineNumber": 68
                  },
                  {
                     "reference": "Method sendErrorEvent",
                     "match": "javax.sql",
                     "lineNumber": 71
                  },
                  {
                     "reference": "Method sendErrorEvent",
                     "match": "javax.sql",
                     "lineNumber": 81
                  },
                  {
                     "reference": "Method sendErrorEvent - Method parameter",
                     "match": "javax.sql",
                     "lineNumber": 0
                  }
               ]
            },
            {
               "fileName": "ESSESS_war.ear/ESSESS.war/WEB-INF/lib/ngdbc.jar/com/sap/db/jdbcext/ConnectionPoolDataSourceSAP.class",
               "details": [
                  {
                     "reference": "Class implements",
                     "match": "javax.sql",
                     "lineNumber": 0
                  },
                  {
                     "reference": "Method getPooledConnection - Method return type",
                     "match": "javax.sql",
                     "lineNumber": 0
                  }
               ]
            },
            {
               "fileName": "ESSESS_war.ear/ESSESS.war/WEB-INF/lib/ngdbc.jar/com/sap/db/jdbcext/DataSourceSAP.class",
               "details": [
                  {
                     "reference": "Class implements",
                     "match": "javax.sql",
                     "lineNumber": 0
                  }
               ]
            },
            {
               "fileName": "ESSESS_war.ear/ESSESS.war/WEB-INF/lib/ngdbc.jar/com/sap/db/jdbcext/JDBCRowSetSAP.class",
               "details": [
                  {
                     "reference": "Class implements",
                     "match": "javax.sql",
                     "lineNumber": 0
                  },
                  {
                     "reference": "Method connect",
                     "match": "javax.sql",
                     "lineNumber": 113
                  },
                  {
                     "reference": "Method connect",
                     "match": "javax.sql",
                     "lineNumber": 114
                  },
                  {
                     "reference": "Method connect",
                     "match": "javax.sql",
                     "lineNumber": 123
                  }
               ]
            },
            {
               "fileName": "ESSESS_war.ear/ESSESS.war/WEB-INF/lib/ngdbc.jar/com/sap/db/jdbcext/PooledConnectionSAP.class",
               "details": [
                  {
                     "reference": "Class implements",
                     "match": "javax.sql",
                     "lineNumber": 0
                  },
                  {
                     "reference": "Method sendCloseEvent",
                     "match": "javax.sql",
                     "lineNumber": 45
                  },
                  {
                     "reference": "Method sendCloseEvent",
                     "match": "javax.sql",
                     "lineNumber": 50
                  },
                  {
                     "reference": "Method sendErrorEvent",
                     "match": "javax.sql",
                     "lineNumber": 35
                  },
                  {
                     "reference": "Method sendErrorEvent",
                     "match": "javax.sql",
                     "lineNumber": 40
                  }
               ]
            },
            {
               "fileName": "ESSESS_war.ear/ESSESS.war/WEB-INF/lib/ngdbc.jar/com/sap/db/jdbcext/StatementEventListenerHelper.class",
               "details": [
                  {
                     "reference": "Method sendCloseEvent",
                     "match": "javax.sql",
                     "lineNumber": 31
                  },
                  {
                     "reference": "Method sendCloseEvent",
                     "match": "javax.sql",
                     "lineNumber": 35
                  },
                  {
                     "reference": "Method sendCloseEvent",
                     "match": "javax.sql",
                     "lineNumber": 37
                  },
                  {
                     "reference": "Method sendCloseEvent",
                     "match": "javax.sql",
                     "lineNumber": 40
                  },
                  {
                     "reference": "Method sendCloseEvent - Method parameter",
                     "match": "javax.sql",
                     "lineNumber": 0
                  },
                  {
                     "reference": "Method sendErrorEvent",
                     "match": "javax.sql",
                     "lineNumber": 17
                  },
                  {
                     "reference": "Method sendErrorEvent",
                     "match": "javax.sql",
                     "lineNumber": 21
                  },
                  {
                     "reference": "Method sendErrorEvent",
                     "match": "javax.sql",
                     "lineNumber": 23
                  },
                  {
                     "reference": "Method sendErrorEvent",
                     "match": "javax.sql",
                     "lineNumber": 26
                  },
                  {
                     "reference": "Method sendErrorEvent - Method parameter",
                     "match": "javax.sql",
                     "lineNumber": 0
                  }
               ]
            }
         ]
      },
      {
         "ruleName": "The Apache HTTP client API was removed",
         "ruleId": "ApacheHTTPRule",
         "severity": "Severe",
         "category": "WebSphere version migration / V8.0, V8.5 and V9.0 migration",
         "results": [
            {
               "fileName": "ESSESS_war.ear/ESSESS.war/WEB-INF/classes/com/essess/consumer/Dealer.class",
               "details": [
                  {
                     "reference": "Method addPrefDealer",
                     "match": "org.apache.http",
                     "lineNumber": 673
                  },
                  {
                     "reference": "Method addPrefDealer",
                     "match": "org.apache.http",
                     "lineNumber": 678
                  },
                  {
                     "reference": "Method addPrefDealer",
                     "match": "org.apache.http",
                     "lineNumber": 679
                  },
                  {
                     "reference": "Method addPrefDealer",
                     "match": "org.apache.http",
                     "lineNumber": 769
                  },
                  {
                     "reference": "Method addPrefDealer",
                     "match": "org.apache.http.client",
                     "lineNumber": 678
                  },
                  {
                     "reference": "Method addPrefDealer",
                     "match": "org.apache.http.client",
                     "lineNumber": 769
                  },
                  {
                     "reference": "Method addPrefDealer",
                     "match": "org.apache.http.client.methods",
                     "lineNumber": 658
                  },
                  {
                     "reference": "Method addPrefDealer",
                     "match": "org.apache.http.client.methods",
                     "lineNumber": 659
                  },
                  {
                     "reference": "Method addPrefDealer",
                     "match": "org.apache.http.client.methods",
                     "lineNumber": 660
                  },
                  {
                     "reference": "Method addPrefDealer",
                     "match": "org.apache.http.client.methods",
                     "lineNumber": 661
                  },
                  {
                     "reference": "Method addPrefDealer",
                     "match": "org.apache.http.client.methods",
                     "lineNumber": 662
                  },
                  {
                     "reference": "Method addPrefDealer",
                     "match": "org.apache.http.client.methods",
                     "lineNumber": 673
                  },
                  {
                     "reference": "Method addPrefDealer",
                     "match": "org.apache.http.client.methods",
                     "lineNumber": 678
                  },
                  {
                     "reference": "Method addPrefDealer",
                     "match": "org.apache.http.client.methods",
                     "lineNumber": 769
                  },
                  {
                     "reference": "Method addPrefDealer",
                     "match": "org.apache.http.entity",
                     "lineNumber": 667
                  },
                  {
                     "reference": "Method addPrefDealer",
                     "match": "org.apache.http.impl.client",
                     "lineNumber": 657
                  },
                  {
                     "reference": "Method addPrefDealer",
                     "match": "org.apache.http.util",
                     "lineNumber": 679
                  }
               ]
            },
            {
               "fileName": "ESSESS_war.ear/ESSESS.war/WEB-INF/classes/com/essess/consumer/PointDetails.class",
               "details": [
                  {
                     "reference": "Method getPointsOfUsr",
                     "match": "org.apache.http",
                     "lineNumber": 190
                  },
                  {
                     "reference": "Method getPointsOfUsr",
                     "match": "org.apache.http",
                     "lineNumber": 194
                  },
                  {
                     "reference": "Method getPointsOfUsr",
                     "match": "org.apache.http",
                     "lineNumber": 195
                  },
                  {
                     "reference": "Method getPointsOfUsr",
                     "match": "org.apache.http",
                     "lineNumber": 391
                  },
                  {
                     "reference": "Method getPointsOfUsr",
                     "match": "org.apache.http.client",
                     "lineNumber": 194
                  },
                  {
                     "reference": "Method getPointsOfUsr",
                     "match": "org.apache.http.client",
                     "lineNumber": 391
                  },
                  {
                     "reference": "Method getPointsOfUsr",
                     "match": "org.apache.http.client.methods",
                     "lineNumber": 162
                  },
                  {
                     "reference": "Method getPointsOfUsr",
                     "match": "org.apache.http.client.methods",
                     "lineNumber": 163
                  },
                  {
                     "reference": "Method getPointsOfUsr",
                     "match": "org.apache.http.client.methods",
                     "lineNumber": 164
                  },
                  {
                     "reference": "Method getPointsOfUsr",
                     "match": "org.apache.http.client.methods",
                     "lineNumber": 165
                  },
                  {
                     "reference": "Method getPointsOfUsr",
                     "match": "org.apache.http.client.methods",
                     "lineNumber": 166
                  },
                  {
                     "reference": "Method getPointsOfUsr",
                     "match": "org.apache.http.client.methods",
                     "lineNumber": 190
                  },
                  {
                     "reference": "Method getPointsOfUsr",
                     "match": "org.apache.http.client.methods",
                     "lineNumber": 194
                  },
                  {
                     "reference": "Method getPointsOfUsr",
                     "match": "org.apache.http.client.methods",
                     "lineNumber": 391
                  },
                  {
                     "reference": "Method getPointsOfUsr",
                     "match": "org.apache.http.entity",
                     "lineNumber": 182
                  },
                  {
                     "reference": "Method getPointsOfUsr",
                     "match": "org.apache.http.impl.client",
                     "lineNumber": 161
                  },
                  {
                     "reference": "Method getPointsOfUsr",
                     "match": "org.apache.http.util",
                     "lineNumber": 195
                  }
               ]
            },
            {
               "fileName": "ESSESS_war.ear/ESSESS.war/WEB-INF/classes/com/essess/consumer/Product_Category.class",
               "details": [
                  {
                     "reference": "Method loyaltyConfirmVolume",
                     "match": "org.apache.http",
                     "lineNumber": 964
                  },
                  {
                     "reference": "Method loyaltyConfirmVolume",
                     "match": "org.apache.http",
                     "lineNumber": 969
                  },
                  {
                     "reference": "Method loyaltyConfirmVolume",
                     "match": "org.apache.http",
                     "lineNumber": 970
                  },
                  {
                     "reference": "Method loyaltyConfirmVolume",
                     "match": "org.apache.http",
                     "lineNumber": 1058
                  },
                  {
                     "reference": "Method loyaltyConfirmVolume",
                     "match": "org.apache.http.client",
                     "lineNumber": 969
                  },
                  {
                     "reference": "Method loyaltyConfirmVolume",
                     "match": "org.apache.http.client",
                     "lineNumber": 1058
                  },
                  {
                     "reference": "Method loyaltyConfirmVolume",
                     "match": "org.apache.http.client.methods",
                     "lineNumber": 949
                  },
                  {
                     "reference": "Method loyaltyConfirmVolume",
                     "match": "org.apache.http.client.methods",
                     "lineNumber": 950
                  },
                  {
                     "reference": "Method loyaltyConfirmVolume",
                     "match": "org.apache.http.client.methods",
                     "lineNumber": 951
                  },
                  {
                     "reference": "Method loyaltyConfirmVolume",
                     "match": "org.apache.http.client.methods",
                     "lineNumber": 952
                  },
                  {
                     "reference": "Method loyaltyConfirmVolume",
                     "match": "org.apache.http.client.methods",
                     "lineNumber": 953
                  },
                  {
                     "reference": "Method loyaltyConfirmVolume",
                     "match": "org.apache.http.client.methods",
                     "lineNumber": 964
                  },
                  {
                     "reference": "Method loyaltyConfirmVolume",
                     "match": "org.apache.http.client.methods",
                     "lineNumber": 969
                  },
                  {
                     "reference": "Method loyaltyConfirmVolume",
                     "match": "org.apache.http.client.methods",
                     "lineNumber": 1058
                  },
                  {
                     "reference": "Method loyaltyConfirmVolume",
                     "match": "org.apache.http.entity",
                     "lineNumber": 958
                  },
                  {
                     "reference": "Method loyaltyConfirmVolume",
                     "match": "org.apache.http.impl.client",
                     "lineNumber": 948
                  },
                  {
                     "reference": "Method loyaltyConfirmVolume",
                     "match": "org.apache.http.util",
                     "lineNumber": 970
                  },
                  {
                     "reference": "Method loyaltyGetAvailableVolume",
                     "match": "org.apache.http",
                     "lineNumber": 799
                  },
                  {
                     "reference": "Method loyaltyGetAvailableVolume",
                     "match": "org.apache.http",
                     "lineNumber": 804
                  },
                  {
                     "reference": "Method loyaltyGetAvailableVolume",
                     "match": "org.apache.http",
                     "lineNumber": 805
                  },
                  {
                     "reference": "Method loyaltyGetAvailableVolume",
                     "match": "org.apache.http",
                     "lineNumber": 892
                  },
                  {
                     "reference": "Method loyaltyGetAvailableVolume",
                     "match": "org.apache.http.client",
                     "lineNumber": 804
                  },
                  {
                     "reference": "Method loyaltyGetAvailableVolume",
                     "match": "org.apache.http.client",
                     "lineNumber": 892
                  },
                  {
                     "reference": "Method loyaltyGetAvailableVolume",
                     "match": "org.apache.http.client.methods",
                     "lineNumber": 782
                  },
                  {
                     "reference": "Method loyaltyGetAvailableVolume",
                     "match": "org.apache.http.client.methods",
                     "lineNumber": 783
                  },
                  {
                     "reference": "Method loyaltyGetAvailableVolume",
                     "match": "org.apache.http.client.methods",
                     "lineNumber": 784
                  },
                  {
                     "reference": "Method loyaltyGetAvailableVolume",
                     "match": "org.apache.http.client.methods",
                     "lineNumber": 785
                  },
                  {
                     "reference": "Method loyaltyGetAvailableVolume",
                     "match": "org.apache.http.client.methods",
                     "lineNumber": 786
                  },
                  {
                     "reference": "Method loyaltyGetAvailableVolume",
                     "match": "org.apache.http.client.methods",
                     "lineNumber": 799
                  },
                  {
                     "reference": "Method loyaltyGetAvailableVolume",
                     "match": "org.apache.http.client.methods",
                     "lineNumber": 804
                  },
                  {
                     "reference": "Method loyaltyGetAvailableVolume",
                     "match": "org.apache.http.client.methods",
                     "lineNumber": 892
                  },
                  {
                     "reference": "Method loyaltyGetAvailableVolume",
                     "match": "org.apache.http.entity",
                     "lineNumber": 793
                  },
                  {
                     "reference": "Method loyaltyGetAvailableVolume",
                     "match": "org.apache.http.impl.client",
                     "lineNumber": 756
                  },
                  {
                     "reference": "Method loyaltyGetAvailableVolume",
                     "match": "org.apache.http.util",
                     "lineNumber": 805
                  }
               ]
            },
            {
               "fileName": "ESSESS_war.ear/ESSESS.war/WEB-INF/classes/com/essess/consumer/Profile.class",
               "details": [
                  {
                     "reference": "Method getDetailsLoyalty",
                     "match": "org.apache.http",
                     "lineNumber": 197
                  },
                  {
                     "reference": "Method getDetailsLoyalty",
                     "match": "org.apache.http",
                     "lineNumber": 200
                  },
                  {
                     "reference": "Method getDetailsLoyalty",
                     "match": "org.apache.http",
                     "lineNumber": 201
                  },
                  {
                     "reference": "Method getDetailsLoyalty",
                     "match": "org.apache.http",
                     "lineNumber": 357
                  },
                  {
                     "reference": "Method getDetailsLoyalty",
                     "match": "org.apache.http.client",
                     "lineNumber": 200
                  },
                  {
                     "reference": "Method getDetailsLoyalty",
                     "match": "org.apache.http.client",
                     "lineNumber": 357
                  },
                  {
                     "reference": "Method getDetailsLoyalty",
                     "match": "org.apache.http.client.methods",
                     "lineNumber": 182
                  },
                  {
                     "reference": "Method getDetailsLoyalty",
                     "match": "org.apache.http.client.methods",
                     "lineNumber": 183
                  },
                  {
                     "reference": "Method getDetailsLoyalty",
                     "match": "org.apache.http.client.methods",
                     "lineNumber": 184
                  },
                  {
                     "reference": "Method getDetailsLoyalty",
                     "match": "org.apache.http.client.methods",
                     "lineNumber": 185
                  },
                  {
                     "reference": "Method getDetailsLoyalty",
                     "match": "org.apache.http.client.methods",
                     "lineNumber": 186
                  },
                  {
                     "reference": "Method getDetailsLoyalty",
                     "match": "org.apache.http.client.methods",
                     "lineNumber": 197
                  },
                  {
                     "reference": "Method getDetailsLoyalty",
                     "match": "org.apache.http.client.methods",
                     "lineNumber": 200
                  },
                  {
                     "reference": "Method getDetailsLoyalty",
                     "match": "org.apache.http.client.methods",
                     "lineNumber": 357
                  },
                  {
                     "reference": "Method getDetailsLoyalty",
                     "match": "org.apache.http.entity",
                     "lineNumber": 190
                  },
                  {
                     "reference": "Method getDetailsLoyalty",
                     "match": "org.apache.http.impl.client",
                     "lineNumber": 181
                  },
                  {
                     "reference": "Method getDetailsLoyalty",
                     "match": "org.apache.http.util",
                     "lineNumber": 201
                  }
               ]
            },
            {
               "fileName": "ESSESS_war.ear/ESSESS.war/WEB-INF/classes/com/essess/consumer/SendSMS.class",
               "details": [
                  {
                     "reference": "Method sendSMS",
                     "match": "org.apache.http",
                     "lineNumber": 90
                  },
                  {
                     "reference": "Method sendSMS",
                     "match": "org.apache.http",
                     "lineNumber": 111
                  },
                  {
                     "reference": "Method sendSMS",
                     "match": "org.apache.http",
                     "lineNumber": 113
                  },
                  {
                     "reference": "Method sendSMS",
                     "match": "org.apache.http",
                     "lineNumber": 117
                  },
                  {
                     "reference": "Method sendSMS",
                     "match": "org.apache.http",
                     "lineNumber": 184
                  },
                  {
                     "reference": "Method sendSMS",
                     "match": "org.apache.http.client",
                     "lineNumber": 90
                  },
                  {
                     "reference": "Method sendSMS",
                     "match": "org.apache.http.client",
                     "lineNumber": 184
                  },
                  {
                     "reference": "Method sendSMS",
                     "match": "org.apache.http.client.methods",
                     "lineNumber": 87
                  },
                  {
                     "reference": "Method sendSMS",
                     "match": "org.apache.http.client.methods",
                     "lineNumber": 90
                  },
                  {
                     "reference": "Method sendSMS",
                     "match": "org.apache.http.client.methods",
                     "lineNumber": 184
                  },
                  {
                     "reference": "Method sendSMS",
                     "match": "org.apache.http.impl.client",
                     "lineNumber": 86
                  },
                  {
                     "reference": "Method sendSMSGeneric",
                     "match": "org.apache.http",
                     "lineNumber": 221
                  },
                  {
                     "reference": "Method sendSMSGeneric",
                     "match": "org.apache.http",
                     "lineNumber": 242
                  },
                  {
                     "reference": "Method sendSMSGeneric",
                     "match": "org.apache.http",
                     "lineNumber": 244
                  },
                  {
                     "reference": "Method sendSMSGeneric",
                     "match": "org.apache.http",
                     "lineNumber": 248
                  },
                  {
                     "reference": "Method sendSMSGeneric",
                     "match": "org.apache.http",
                     "lineNumber": 315
                  },
                  {
                     "reference": "Method sendSMSGeneric",
                     "match": "org.apache.http.client",
                     "lineNumber": 221
                  },
                  {
                     "reference": "Method sendSMSGeneric",
                     "match": "org.apache.http.client",
                     "lineNumber": 315
                  },
                  {
                     "reference": "Method sendSMSGeneric",
                     "match": "org.apache.http.client.methods",
                     "lineNumber": 218
                  },
                  {
                     "reference": "Method sendSMSGeneric",
                     "match": "org.apache.http.client.methods",
                     "lineNumber": 221
                  },
                  {
                     "reference": "Method sendSMSGeneric",
                     "match": "org.apache.http.client.methods",
                     "lineNumber": 315
                  },
                  {
                     "reference": "Method sendSMSGeneric",
                     "match": "org.apache.http.impl.client",
                     "lineNumber": 217
                  }
               ]
            }
         ]
      },
      {
         "ruleName": "The InitialContext lookup method can return primitive types",
         "ruleId": "DetectLookupMethod",
         "severity": "Warning",
         "category": "WebSphere traditional to Liberty",
         "results": [
            {
               "fileName": "ESSESS_war.ear/ESSESS.war/WEB-INF/lib/ngdbc.jar/com/sap/db/jdbcext/JDBCRowSetSAP.class",
               "details": [
                  {
                     "reference": "Method connect",
                     "match": "javax.naming.InitialContext.lookup(*)",
                     "lineNumber": 113
                  }
               ]
            }
         ]
      },
      {
         "ruleName": "The use of java.sql.Driver and java.sql.DriverManager interfaces requires configuration ",
         "ruleId": "SqlDriverRule",
         "severity": "Severe",
         "category": "WebSphere traditional to Liberty",
         "results": [
            {
               "fileName": "ESSESS_war.ear/ESSESS.war/WEB-INF/classes/com/essess/provider/HanaCngConnection.class",
               "details": [
                  {
                     "reference": "Method HanaConn",
                     "match": "java.sql.DriverManager.getConnection(*)",
                     "lineNumber": 28
                  },
                  {
                     "reference": "Method HanaConn",
                     "match": "java.sql.DriverManager.getConnection(*)",
                     "lineNumber": 103
                  },
                  {
                     "reference": "Method HanaConn",
                     "match": "java.sql.DriverManager.getConnection(*)",
                     "lineNumber": 161
                  }
               ]
            },
            {
               "fileName": "ESSESS_war.ear/ESSESS.war/WEB-INF/classes/com/essess/provider/HanaConnection.class",
               "details": [
                  {
                     "reference": "Method HanaConn",
                     "match": "java.sql.DriverManager.getConnection(*)",
                     "lineNumber": 31
                  },
                  {
                     "reference": "Method HanaConn",
                     "match": "java.sql.DriverManager.getConnection(*)",
                     "lineNumber": 106
                  },
                  {
                     "reference": "Method HanaConn",
                     "match": "java.sql.DriverManager.getConnection(*)",
                     "lineNumber": 164
                  }
               ]
            },
            {
               "fileName": "ESSESS_war.ear/ESSESS.war/WEB-INF/classes/com/essess/provider/LogToDB.class",
               "details": [
                  {
                     "reference": "Method LogJSONToDatabase",
                     "match": "java.sql.DriverManager.getConnection(*)",
                     "lineNumber": 81
                  },
                  {
                     "reference": "Method LoggginToDatabase",
                     "match": "java.sql.DriverManager.getConnection(*)",
                     "lineNumber": 33
                  }
               ]
            },
            {
               "fileName": "ESSESS_war.ear/ESSESS.war/WEB-INF/classes/com/essess/provider/OracleConnector.class",
               "details": [
                  {
                     "reference": "Method DBConnector",
                     "match": "java.sql.DriverManager.getConnection(*)",
                     "lineNumber": 52
                  },
                  {
                     "reference": "Method DBReader",
                     "match": "java.sql.DriverManager.getConnection(*)",
                     "lineNumber": 146
                  },
                  {
                     "reference": "Method insertCredentialDetails",
                     "match": "java.sql.DriverManager.getConnection(*)",
                     "lineNumber": 634
                  },
                  {
                     "reference": "Method insertOTPDetails",
                     "match": "java.sql.DriverManager.getConnection(*)",
                     "lineNumber": 284
                  },
                  {
                     "reference": "Method updateCredentialDetails",
                     "match": "java.sql.DriverManager.getConnection(*)",
                     "lineNumber": 799
                  },
                  {
                     "reference": "Method updateOTPDetails",
                     "match": "java.sql.DriverManager.getConnection(*)",
                     "lineNumber": 465
                  }
               ]
            },
            {
               "fileName": "ESSESS_war.ear/ESSESS.war/WEB-INF/classes/com/essess/serv/LogToDatabase.class",
               "details": [
                  {
                     "reference": "Method LogAttachmentsToDB",
                     "match": "java.sql.DriverManager.getConnection(*)",
                     "lineNumber": 37
                  },
                  {
                     "reference": "Method LogDataToDB",
                     "match": "java.sql.DriverManager.getConnection(*)",
                     "lineNumber": 90
                  }
               ]
            },
            {
               "fileName": "ESSESS_war.ear/ESSESS.war/WEB-INF/lib/ngdbc.jar/com/sap/db/jdbc/ConnectionSapDB.class",
               "details": [
                  {
                     "reference": "Method cancelInternal",
                     "match": "com.sap.db.jdbc.Driver.connect(*)",
                     "lineNumber": 253
                  }
               ]
            },
            {
               "fileName": "ESSESS_war.ear/ESSESS.war/WEB-INF/lib/ngdbc.jar/com/sap/db/jdbc/Driver.class",
               "details": [
                  {
                     "reference": "Method connect",
                     "match": "com.sap.db.jdbc.Driver.connect(*)",
                     "lineNumber": 207
                  },
                  {
                     "reference": "Method main",
                     "match": "com.sap.db.jdbc.Driver.connect(*)",
                     "lineNumber": 698
                  }
               ]
            },
            {
               "fileName": "ESSESS_war.ear/ESSESS.war/WEB-INF/lib/ngdbc.jar/com/sap/db/jdbcext/DataSourceSAPBase.class",
               "details": [
                  {
                     "reference": "Method openPhysicalConnection",
                     "match": "com.sap.db.jdbc.Driver.connect(*)",
                     "lineNumber": 350
                  },
                  {
                     "reference": "Method openPhysicalConnection",
                     "match": "com.sap.db.jdbc.Driver.connect(*)",
                     "lineNumber": 367
                  },
                  {
                     "reference": "Method openPhysicalConnection",
                     "match": "com.sap.db.jdbc.Driver.connect(*)",
                     "lineNumber": 381
                  }
               ]
            },
            {
               "fileName": "ESSESS_war.ear/ESSESS.war/WEB-INF/lib/ngdbc.jar/com/sap/db/jdbcext/JDBCRowSetSAP.class",
               "details": [
                  {
                     "reference": "Method connect",
                     "match": "java.sql.DriverManager.getConnection(*)",
                     "lineNumber": 121
                  }
               ]
            }
         ]
      },
      {
         "ruleName": "Validate the URL host and port for cloud access",
         "ruleId": "URLRuleDockerCloud",
         "severity": "Warning",
         "category": "Connectivity considerations for IBM Cloud (Docker and WebSphere in IBM Cloud)",
         "results": [
            {
               "fileName": "ESSESS_war.ear/ESSESS.war/WEB-INF/classes/com/essess/serv/CommonData.class",
               "details": [
                  {
                     "reference": "Static initializer",
                     "match": "http://172.25.10.14:5555/invoke/erp_sms/send_crm_sms",
                     "lineNumber": 40
                  },
                  {
                     "reference": "Static initializer",
                     "match": "http://172.25.210.40:9001/mzintegration/v2/apl/gift/activate?",
                     "lineNumber": 73
                  },
                  {
                     "reference": "Static initializer",
                     "match": "http://172.25.210.40:9001/mzintegration/v2/apl/gift/history?",
                     "lineNumber": 81
                  },
                  {
                     "reference": "Static initializer",
                     "match": "http://172.25.210.40:9001/mzintegration/v2/apl/redemption/getContractorRedemptionCatalog?",
                     "lineNumber": 67
                  },
                  {
                     "reference": "Static initializer",
                     "match": "http://172.25.210.54:5073/Redemption",
                     "lineNumber": 91
                  },
                  {
                     "reference": "Static initializer",
                     "match": "http://apl.com",
                     "lineNumber": 88
                  },
                  {
                     "reference": "Static initializer",
                     "match": "http://apngd.asianpaints.com:8000/sap/opu/odata/SAP/ZCONTRACTOR_SEARCH_CREATE_SRV/Contractor_SearchSet",
                     "lineNumber": 85
                  },
                  {
                     "reference": "Static initializer",
                     "match": "http://apngd.asianpaints.com:8000/sap/opu/odata/sap/ZBARCODE_SCAN_SRV/BARCODE_SCANSet",
                     "lineNumber": 83
                  },
                  {
                     "reference": "Static initializer",
                     "match": "http://apngd.asianpaints.com:8000/sap/opu/odata/sap/ZLOY_PREF_DEALER_SRV/PREF_DEALERSSet",
                     "lineNumber": 84
                  },
                  {
                     "reference": "Static initializer",
                     "match": "http://mngd.asianpaints.com/sap/opu/odata/SAP/ZCONT_APP_WIP_SRV/ZWIP_CONT_APPSet",
                     "lineNumber": 58
                  },
                  {
                     "reference": "Static initializer",
                     "match": "http://mngd.asianpaints.com/sap/opu/odata/SAP/ZDLR_PRTL_ASSIGN_POINTS_SRV/HeaderSet",
                     "lineNumber": 76
                  },
                  {
                     "reference": "Static initializer",
                     "match": "http://mngd.asianpaints.com/sap/opu/odata/SAP/ZDLR_PRTL_AVAIL_VOL_SRV/DealerDataSet?",
                     "lineNumber": 75
                  },
                  {
                     "reference": "Static initializer",
                     "match": "http://mngd.asianpaints.com/sap/opu/odata/SAP/ZDPU_CONT_VOL_SRV/HItemSet",
                     "lineNumber": 54
                  },
                  {
                     "reference": "Static initializer",
                     "match": "http://mngd.asianpaints.com/sap/opu/odata/SAP/ZLEAD_STATUS_UPDATION_SRV/LeadDataSet",
                     "lineNumber": 61
                  },
                  {
                     "reference": "Static initializer",
                     "match": "http://mngd.asianpaints.com/sap/opu/odata/sap/ZATTENDANCE_SRV/AttendanceDataSet",
                     "lineNumber": 62
                  },
                  {
                     "reference": "Static initializer",
                     "match": "http://mngd.asianpaints.com/sap/opu/odata/sap/ZCAPP_DISPLAY_TXN_SRV/TxnDetailsSet",
                     "lineNumber": 77
                  },
                  {
                     "reference": "Static initializer",
                     "match": "http://mngd.asianpaints.com/sap/opu/odata/sap/ZCAPP_POINTS_OF_USER_SRV/ContrcatorDataSet",
                     "lineNumber": 46
                  },
                  {
                     "reference": "Static initializer",
                     "match": "http://mngd.asianpaints.com/sap/opu/odata/sap/ZCAPP_POINTS_OF_USER_SRV/ContrcatorDataSet",
                     "lineNumber": 70
                  },
                  {
                     "reference": "Static initializer",
                     "match": "http://mngd.asianpaints.com/sap/opu/odata/sap/ZCAPP_REDEMPTION_NO_GEN_SRV/REDEMPTION_NUMBER_GENERATIONSet",
                     "lineNumber": 78
                  },
                  {
                     "reference": "Static initializer",
                     "match": "http://mngd.asianpaints.com/sap/opu/odata/sap/ZCONT_APP_DVC_SRV/ZCONT_DVCSet",
                     "lineNumber": 56
                  },
                  {
                     "reference": "Static initializer",
                     "match": "http://mngd.asianpaints.com/sap/opu/odata/sap/ZCONT_APP_LEAD_UPDATE_SRV/ZLEAD_UPDATESet",
                     "lineNumber": 57
                  },
                  {
                     "reference": "Static initializer",
                     "match": "http://mngd.asianpaints.com/sap/opu/odata/sap/ZESS_CONT_APP_PROFILE_SRV/ContractorAPP_ProfileSet",
                     "lineNumber": 45
                  },
                  {
                     "reference": "Static initializer",
                     "match": "http://mngd.asianpaints.com/sap/opu/odata/sap/ZESS_GET_AVAIL_MRP_SRV_01/ContractorAPP_Avail_MRPSet",
                     "lineNumber": 48
                  },
                  {
                     "reference": "Static initializer",
                     "match": "http://mngd.asianpaints.com/sap/opu/odata/sap/ZESS_PREF_DEALERS_SRV/PREF_DEALERSSet",
                     "lineNumber": 47
                  },
                  {
                     "reference": "Static initializer",
                     "match": "http://mngd.asianpaints.com/sap/opu/odata/sap/ZESS_VALIDATE_MRP_TRANSFER_SRV/ContractorAPP_CMU_ReqSet",
                     "lineNumber": 49
                  },
                  {
                     "reference": "Static initializer",
                     "match": "http://mngd.asianpaints.com/sap/opu/odata/sap/ZLEAD_CREATION_SRV/LeadDataSet",
                     "lineNumber": 60
                  },
                  {
                     "reference": "Static initializer",
                     "match": "http://mngd.asianpaints.com/sap/opu/odata/sap/ZLEAD_REASSIGNMENT_SRV/ZTLSSO_REASSIGNMENTSet",
                     "lineNumber": 64
                  },
                  {
                     "reference": "Static initializer",
                     "match": "http://mngd.asianpaints.com/sap/opu/odata/sap/Z_CAPP_CONTRACTOR_PROFILE_SRV/ContractorDataSet",
                     "lineNumber": 69
                  },
                  {
                     "reference": "Static initializer",
                     "match": "http://mngd.asianpaints.com/sap/opu/odata/sap/Z_MS_VALIDATION_SRV/HeaderSet",
                     "lineNumber": 53
                  },
                  {
                     "reference": "Static initializer",
                     "match": "http://mservedev.asianpaints.com/ContractorApp/myvisualization/post",
                     "lineNumber": 55
                  },
                  {
                     "reference": "Static initializer",
                     "match": "https://mservedev.asianpaints.com/LEADS/Project/Images/",
                     "lineNumber": 63
                  },
                  {
                     "reference": "Static initializer",
                     "match": "jdbc:sap://172.25.210.222:36915/?autocommit=false",
                     "lineNumber": 19
                  },
                  {
                     "reference": "Static initializer",
                     "match": "jdbc:sap://172.25.210.34:30015/?autocommit=false",
                     "lineNumber": 24
                  }
               ]
            },
            {
               "fileName": "ESSESS_war.ear/ESSESS.war/WEB-INF/lib/sapjco3.jar/com/sap/conn/jco/rt/BasXMLWriter.class",
               "details": [
                  {
                     "reference": "Static initializer",
                     "match": "http://www.sap.com/abapxml",
                     "lineNumber": 53
                  },
                  {
                     "reference": "Static initializer",
                     "match": "http://www.sap.com/abapxml/hint",
                     "lineNumber": 54
                  }
               ]
            }
         ]
      }
   ]
}