{
   "report": "analysis",
   "version": "1.2",
   "productVersion": "9.0",
   "productRelease": "19.0.0.2-TA1",
   "options": [
      "--sourceAppServer=was855",
      "--sourceJava=ibm7",
      "--sourceJavaEE=ee6",
      "--targetAppServer=was90",
      "--targetJava=ibm8",
      "--targetJavaEE=ee7",
      "--targetCloud=vmIBMCloud",
      "--excludePackages=com.ibm,com.informix,com.microsoft,com.sybase,com.sun,java,javax,net,oracle,org,sqlj,_ibmjsp"
   ],
   "totalRulesFlagged": 5,
   "filesAffected": 13,
   "totalResults": 56,
   "severitySummary": [
      {
         "severity": "Severe",
         "totalRulesFlagged": 1,
         "totalResults": 10
      },
      {
         "severity": "Warning",
         "totalRulesFlagged": 3,
         "totalResults": 5
      },
      {
         "severity": "Information",
         "totalRulesFlagged": 1,
         "totalResults": 41
      }
   ],
   "applications": [
      "/opt/IBM/WebSphere/AppServer/profiles/Dmgr01/config/cells/apwasdevCell01/applications/EzyColor_V5_war.ear/EzyColor_V5_war.ear"
   ],
   "rules": [
      {
         "ruleName": "Behavior change in month name formatting for some languages",
         "ruleId": "MonthFormattingNames",
         "severity": "Information",
         "category": "Java SE version migration / Java SE 8 compatibility impacts",
         "results": [
            {
               "fileName": "EzyColor_V5_war.ear/EzyColor_V5.war/WEB-INF/classes/com/asianpaints/ezycolor/helper/LogToDB.class",
               "details": [
                  {
                     "reference": "Method logDB",
                     "match": "java.text.SimpleDateFormat.format(*)",
                     "lineNumber": 67
                  },
                  {
                     "reference": "Method logFile",
                     "match": "java.text.SimpleDateFormat.format(*)",
                     "lineNumber": 118
                  },
                  {
                     "reference": "Method logFile",
                     "match": "java.text.SimpleDateFormat.format(*)",
                     "lineNumber": 122
                  },
                  {
                     "reference": "Method logFile",
                     "match": "java.text.SimpleDateFormat.format(*)",
                     "lineNumber": 124
                  },
                  {
                     "reference": "Method requestResponse",
                     "match": "java.text.SimpleDateFormat.format(*)",
                     "lineNumber": 145
                  },
                  {
                     "reference": "Method requestResponse",
                     "match": "java.text.SimpleDateFormat.format(*)",
                     "lineNumber": 156
                  },
                  {
                     "reference": "Method requestResponse",
                     "match": "java.text.SimpleDateFormat.format(*)",
                     "lineNumber": 160
                  },
                  {
                     "reference": "Method requestResponse",
                     "match": "java.text.SimpleDateFormat.format(*)",
                     "lineNumber": 162
                  }
               ]
            },
            {
               "fileName": "EzyColor_V5_war.ear/EzyColor_V5.war/WEB-INF/classes/com/asianpaints/ezycolor/helper/ValidateSAPService.class",
               "details": [
                  {
                     "reference": "Method logTofile",
                     "match": "java.text.SimpleDateFormat.format(*)",
                     "lineNumber": 149
                  },
                  {
                     "reference": "Method logTofile",
                     "match": "java.text.SimpleDateFormat.format(*)",
                     "lineNumber": 153
                  },
                  {
                     "reference": "Method logTofile",
                     "match": "java.text.SimpleDateFormat.format(*)",
                     "lineNumber": 155
                  }
               ]
            },
            {
               "fileName": "EzyColor_V5_war.ear/EzyColor_V5.war/WEB-INF/classes/com/asianpaints/ezycolor/services/HeartBeat.class",
               "details": [
                  {
                     "reference": "Method doPost",
                     "match": "java.text.SimpleDateFormat.format(*)",
                     "lineNumber": 403
                  },
                  {
                     "reference": "Method doPost",
                     "match": "java.text.SimpleDateFormat.format(*)",
                     "lineNumber": 417
                  },
                  {
                     "reference": "Method doPost",
                     "match": "java.text.SimpleDateFormat.format(*)",
                     "lineNumber": 533
                  },
                  {
                     "reference": "Method doPost",
                     "match": "java.text.SimpleDateFormat.format(*)",
                     "lineNumber": 536
                  },
                  {
                     "reference": "Method doPost",
                     "match": "java.text.SimpleDateFormat.format(*)",
                     "lineNumber": 579
                  }
               ]
            },
            {
               "fileName": "EzyColor_V5_war.ear/EzyColor_V5.war/WEB-INF/classes/com/asianpaints/ezycolor/services/PushMessage.class",
               "details": [
                  {
                     "reference": "Method doGet",
                     "match": "java.text.SimpleDateFormat.format(*)",
                     "lineNumber": 73
                  }
               ]
            },
            {
               "fileName": "EzyColor_V5_war.ear/EzyColor_V5.war/WEB-INF/classes/com/asianpaints/ezycolor/services/RegisterDealer.class",
               "details": [
                  {
                     "reference": "Method doPost",
                     "match": "java.text.SimpleDateFormat.format(*)",
                     "lineNumber": 615
                  },
                  {
                     "reference": "Method doPost",
                     "match": "java.text.SimpleDateFormat.format(*)",
                     "lineNumber": 637
                  },
                  {
                     "reference": "Method doPost",
                     "match": "java.text.SimpleDateFormat.format(*)",
                     "lineNumber": 666
                  }
               ]
            },
            {
               "fileName": "EzyColor_V5_war.ear/EzyColor_V5.war/WEB-INF/classes/com/asianpaints/ezycolor/services/SyncTripChoiceMaster.class",
               "details": [
                  {
                     "reference": "Method doPost",
                     "match": "java.text.SimpleDateFormat.format(*)",
                     "lineNumber": 1110
                  },
                  {
                     "reference": "Method doPost",
                     "match": "java.text.SimpleDateFormat.format(*)",
                     "lineNumber": 1115
                  },
                  {
                     "reference": "Method doPost",
                     "match": "java.text.SimpleDateFormat.format(*)",
                     "lineNumber": 1120
                  },
                  {
                     "reference": "Method doPost",
                     "match": "java.text.SimpleDateFormat.format(*)",
                     "lineNumber": 1186
                  },
                  {
                     "reference": "Method doPost",
                     "match": "java.text.SimpleDateFormat.format(*)",
                     "lineNumber": 1191
                  },
                  {
                     "reference": "Method doPost",
                     "match": "java.text.SimpleDateFormat.format(*)",
                     "lineNumber": 1195
                  },
                  {
                     "reference": "Method doPost",
                     "match": "java.text.SimpleDateFormat.format(*)",
                     "lineNumber": 1196
                  }
               ]
            },
            {
               "fileName": "EzyColor_V5_war.ear/EzyColor_V5.war/WEB-INF/classes/com/asianpaints/ezycolor/services/SyncTripMaster.class",
               "details": [
                  {
                     "reference": "Method doPost",
                     "match": "java.text.SimpleDateFormat.format(*)",
                     "lineNumber": 629
                  },
                  {
                     "reference": "Method doPost",
                     "match": "java.text.SimpleDateFormat.format(*)",
                     "lineNumber": 634
                  },
                  {
                     "reference": "Method doPost",
                     "match": "java.text.SimpleDateFormat.format(*)",
                     "lineNumber": 639
                  },
                  {
                     "reference": "Method doPost",
                     "match": "java.text.SimpleDateFormat.format(*)",
                     "lineNumber": 644
                  },
                  {
                     "reference": "Method doPost",
                     "match": "java.text.SimpleDateFormat.format(*)",
                     "lineNumber": 663
                  },
                  {
                     "reference": "Method doPost",
                     "match": "java.text.SimpleDateFormat.format(*)",
                     "lineNumber": 669
                  },
                  {
                     "reference": "Method doPost",
                     "match": "java.text.SimpleDateFormat.format(*)",
                     "lineNumber": 675
                  },
                  {
                     "reference": "Method doPost",
                     "match": "java.text.SimpleDateFormat.format(*)",
                     "lineNumber": 680
                  },
                  {
                     "reference": "Method doPost",
                     "match": "java.text.SimpleDateFormat.format(*)",
                     "lineNumber": 709
                  }
               ]
            },
            {
               "fileName": "EzyColor_V5_war.ear/EzyColor_V5.war/WEB-INF/classes/com/asianpaints/ezycolor/services/SyncUserMaster.class",
               "details": [
                  {
                     "reference": "Method doPost",
                     "match": "java.text.SimpleDateFormat.format(*)",
                     "lineNumber": 533
                  },
                  {
                     "reference": "Method doPost",
                     "match": "java.text.SimpleDateFormat.format(*)",
                     "lineNumber": 533
                  },
                  {
                     "reference": "Method doPost",
                     "match": "java.text.SimpleDateFormat.format(*)",
                     "lineNumber": 540
                  },
                  {
                     "reference": "Method doPost",
                     "match": "java.text.SimpleDateFormat.format(*)",
                     "lineNumber": 540
                  },
                  {
                     "reference": "Method doPost",
                     "match": "java.text.SimpleDateFormat.format(*)",
                     "lineNumber": 540
                  }
               ]
            }
         ]
      },
      {
         "ruleName": "CDI scans for implicit beans when there is no beans.xml file",
         "ruleId": "MissingBeansFile",
         "severity": "Warning",
         "category": "Java EE 7 / CDI",
         "results": [
            {
               "fileName": "EzyColor_V5_war.ear/EzyColor_V5.war",
               "details": [
                  {
                     "reference": null,
                     "match": ".*(\\.war|\\.jar)",
                     "lineNumber": 0
                  }
               ]
            },
            {
               "fileName": "EzyColor_V5_war.ear/EzyColor_V5.war/WEB-INF/lib/jtidy.jar",
               "details": [
                  {
                     "reference": null,
                     "match": ".*(\\.war|\\.jar)",
                     "lineNumber": 0
                  }
               ]
            },
            {
               "fileName": "EzyColor_V5_war.ear/EzyColor_V5.war/WEB-INF/lib/ojdbc6.jar",
               "details": [
                  {
                     "reference": null,
                     "match": ".*(\\.war|\\.jar)",
                     "lineNumber": 0
                  }
               ]
            }
         ]
      },
      {
         "ruleName": "Databases",
         "ruleId": "DatabasesSQLRule",
         "severity": "Warning",
         "category": "Technology connectivity considerations for IBM Cloud",
         "results": [
            {
               "fileName": "EzyColor_V5_war.ear/EzyColor_V5.war/WEB-INF/classes/com/asianpaints/ezycolor/helper/DBConnect.class",
               "details": [
                  {
                     "reference": "Constructor",
                     "match": "java.sql",
                     "lineNumber": 17
                  }
               ]
            }
         ]
      },
      {
         "ruleName": "JavaMail server",
         "ruleId": "MailServerRule",
         "severity": "Warning",
         "category": "Technology connectivity considerations for IBM Cloud",
         "results": [
            {
               "fileName": "EzyColor_V5_war.ear/EzyColor_V5.war/WEB-INF/classes/com/asianpaints/ezycolor/helper/LogToDB$1.class",
               "details": [
                  {
                     "reference": "Constructor",
                     "match": "javax.mail",
                     "lineNumber": 246
                  }
               ]
            }
         ]
      },
      {
         "ruleName": "The Apache HTTP client API was removed",
         "ruleId": "ApacheHTTPRule",
         "severity": "Severe",
         "category": "WebSphere version migration / V8.0, V8.5 and V9.0 migration",
         "results": [
            {
               "fileName": "EzyColor_V5_war.ear/EzyColor_V5.war/WEB-INF/classes/com/asianpaints/ezycolor/helper/LogToDB.class",
               "details": [
                  {
                     "reference": "Method sendAlertSMS",
                     "match": "org.apache.http",
                     "lineNumber": 465
                  },
                  {
                     "reference": "Method sendAlertSMS",
                     "match": "org.apache.http",
                     "lineNumber": 469
                  },
                  {
                     "reference": "Method sendAlertSMS",
                     "match": "org.apache.http",
                     "lineNumber": 471
                  },
                  {
                     "reference": "Method sendAlertSMS",
                     "match": "org.apache.http",
                     "lineNumber": 524
                  },
                  {
                     "reference": "Method sendAlertSMS",
                     "match": "org.apache.http.client",
                     "lineNumber": 465
                  },
                  {
                     "reference": "Method sendAlertSMS",
                     "match": "org.apache.http.client",
                     "lineNumber": 524
                  },
                  {
                     "reference": "Method sendAlertSMS",
                     "match": "org.apache.http.client.methods",
                     "lineNumber": 464
                  },
                  {
                     "reference": "Method sendAlertSMS",
                     "match": "org.apache.http.client.methods",
                     "lineNumber": 465
                  },
                  {
                     "reference": "Method sendAlertSMS",
                     "match": "org.apache.http.client.methods",
                     "lineNumber": 524
                  },
                  {
                     "reference": "Method sendAlertSMS",
                     "match": "org.apache.http.impl.client",
                     "lineNumber": 461
                  }
               ]
            }
         ]
      }
   ]
}