{
   "report": "analysis",
   "version": "1.2",
   "productVersion": "9.0",
   "productRelease": "19.0.0.2-TA1",
   "options": [
      "--sourceAppServer=was855",
      "--sourceJava=ibm7",
      "--sourceJavaEE=ee6",
      "--targetAppServer=liberty",
      "--targetJava=ibm8",
      "--targetCloud=dockerIBMCloud",
      "--excludePackages=com.ibm,com.informix,com.microsoft,com.sybase,com.sun,java,javax,net,oracle,org,sqlj,_ibmjsp"
   ],
   "totalRulesFlagged": 7,
   "filesAffected": 43,
   "totalResults": 102,
   "severitySummary": [
      {
         "severity": "Severe",
         "totalRulesFlagged": 2,
         "totalResults": 14
      },
      {
         "severity": "Warning",
         "totalRulesFlagged": 4,
         "totalResults": 47
      },
      {
         "severity": "Information",
         "totalRulesFlagged": 1,
         "totalResults": 41
      }
   ],
   "applications": [
      "/opt/IBM/WebSphere/AppServer/profiles/Dmgr01/config/cells/apwasdevCell01/applications/EzyColor_V5_war.ear/EzyColor_V5_war.ear"
   ],
   "rules": [
      {
         "ruleName": "Behavior change in month name formatting for some languages",
         "ruleId": "MonthFormattingNames",
         "severity": "Information",
         "category": "Java SE version migration / Java SE 8 compatibility impacts",
         "results": [
            {
               "fileName": "EzyColor_V5_war.ear/EzyColor_V5.war/WEB-INF/classes/com/asianpaints/ezycolor/helper/LogToDB.class",
               "details": [
                  {
                     "reference": "Method logDB",
                     "match": "java.text.SimpleDateFormat.format(*)",
                     "lineNumber": 67
                  },
                  {
                     "reference": "Method logFile",
                     "match": "java.text.SimpleDateFormat.format(*)",
                     "lineNumber": 118
                  },
                  {
                     "reference": "Method logFile",
                     "match": "java.text.SimpleDateFormat.format(*)",
                     "lineNumber": 122
                  },
                  {
                     "reference": "Method logFile",
                     "match": "java.text.SimpleDateFormat.format(*)",
                     "lineNumber": 124
                  },
                  {
                     "reference": "Method requestResponse",
                     "match": "java.text.SimpleDateFormat.format(*)",
                     "lineNumber": 145
                  },
                  {
                     "reference": "Method requestResponse",
                     "match": "java.text.SimpleDateFormat.format(*)",
                     "lineNumber": 156
                  },
                  {
                     "reference": "Method requestResponse",
                     "match": "java.text.SimpleDateFormat.format(*)",
                     "lineNumber": 160
                  },
                  {
                     "reference": "Method requestResponse",
                     "match": "java.text.SimpleDateFormat.format(*)",
                     "lineNumber": 162
                  }
               ]
            },
            {
               "fileName": "EzyColor_V5_war.ear/EzyColor_V5.war/WEB-INF/classes/com/asianpaints/ezycolor/helper/ValidateSAPService.class",
               "details": [
                  {
                     "reference": "Method logTofile",
                     "match": "java.text.SimpleDateFormat.format(*)",
                     "lineNumber": 149
                  },
                  {
                     "reference": "Method logTofile",
                     "match": "java.text.SimpleDateFormat.format(*)",
                     "lineNumber": 153
                  },
                  {
                     "reference": "Method logTofile",
                     "match": "java.text.SimpleDateFormat.format(*)",
                     "lineNumber": 155
                  }
               ]
            },
            {
               "fileName": "EzyColor_V5_war.ear/EzyColor_V5.war/WEB-INF/classes/com/asianpaints/ezycolor/services/HeartBeat.class",
               "details": [
                  {
                     "reference": "Method doPost",
                     "match": "java.text.SimpleDateFormat.format(*)",
                     "lineNumber": 403
                  },
                  {
                     "reference": "Method doPost",
                     "match": "java.text.SimpleDateFormat.format(*)",
                     "lineNumber": 417
                  },
                  {
                     "reference": "Method doPost",
                     "match": "java.text.SimpleDateFormat.format(*)",
                     "lineNumber": 533
                  },
                  {
                     "reference": "Method doPost",
                     "match": "java.text.SimpleDateFormat.format(*)",
                     "lineNumber": 536
                  },
                  {
                     "reference": "Method doPost",
                     "match": "java.text.SimpleDateFormat.format(*)",
                     "lineNumber": 579
                  }
               ]
            },
            {
               "fileName": "EzyColor_V5_war.ear/EzyColor_V5.war/WEB-INF/classes/com/asianpaints/ezycolor/services/PushMessage.class",
               "details": [
                  {
                     "reference": "Method doGet",
                     "match": "java.text.SimpleDateFormat.format(*)",
                     "lineNumber": 73
                  }
               ]
            },
            {
               "fileName": "EzyColor_V5_war.ear/EzyColor_V5.war/WEB-INF/classes/com/asianpaints/ezycolor/services/RegisterDealer.class",
               "details": [
                  {
                     "reference": "Method doPost",
                     "match": "java.text.SimpleDateFormat.format(*)",
                     "lineNumber": 615
                  },
                  {
                     "reference": "Method doPost",
                     "match": "java.text.SimpleDateFormat.format(*)",
                     "lineNumber": 637
                  },
                  {
                     "reference": "Method doPost",
                     "match": "java.text.SimpleDateFormat.format(*)",
                     "lineNumber": 666
                  }
               ]
            },
            {
               "fileName": "EzyColor_V5_war.ear/EzyColor_V5.war/WEB-INF/classes/com/asianpaints/ezycolor/services/SyncTripChoiceMaster.class",
               "details": [
                  {
                     "reference": "Method doPost",
                     "match": "java.text.SimpleDateFormat.format(*)",
                     "lineNumber": 1110
                  },
                  {
                     "reference": "Method doPost",
                     "match": "java.text.SimpleDateFormat.format(*)",
                     "lineNumber": 1115
                  },
                  {
                     "reference": "Method doPost",
                     "match": "java.text.SimpleDateFormat.format(*)",
                     "lineNumber": 1120
                  },
                  {
                     "reference": "Method doPost",
                     "match": "java.text.SimpleDateFormat.format(*)",
                     "lineNumber": 1186
                  },
                  {
                     "reference": "Method doPost",
                     "match": "java.text.SimpleDateFormat.format(*)",
                     "lineNumber": 1191
                  },
                  {
                     "reference": "Method doPost",
                     "match": "java.text.SimpleDateFormat.format(*)",
                     "lineNumber": 1195
                  },
                  {
                     "reference": "Method doPost",
                     "match": "java.text.SimpleDateFormat.format(*)",
                     "lineNumber": 1196
                  }
               ]
            },
            {
               "fileName": "EzyColor_V5_war.ear/EzyColor_V5.war/WEB-INF/classes/com/asianpaints/ezycolor/services/SyncTripMaster.class",
               "details": [
                  {
                     "reference": "Method doPost",
                     "match": "java.text.SimpleDateFormat.format(*)",
                     "lineNumber": 629
                  },
                  {
                     "reference": "Method doPost",
                     "match": "java.text.SimpleDateFormat.format(*)",
                     "lineNumber": 634
                  },
                  {
                     "reference": "Method doPost",
                     "match": "java.text.SimpleDateFormat.format(*)",
                     "lineNumber": 639
                  },
                  {
                     "reference": "Method doPost",
                     "match": "java.text.SimpleDateFormat.format(*)",
                     "lineNumber": 644
                  },
                  {
                     "reference": "Method doPost",
                     "match": "java.text.SimpleDateFormat.format(*)",
                     "lineNumber": 663
                  },
                  {
                     "reference": "Method doPost",
                     "match": "java.text.SimpleDateFormat.format(*)",
                     "lineNumber": 669
                  },
                  {
                     "reference": "Method doPost",
                     "match": "java.text.SimpleDateFormat.format(*)",
                     "lineNumber": 675
                  },
                  {
                     "reference": "Method doPost",
                     "match": "java.text.SimpleDateFormat.format(*)",
                     "lineNumber": 680
                  },
                  {
                     "reference": "Method doPost",
                     "match": "java.text.SimpleDateFormat.format(*)",
                     "lineNumber": 709
                  }
               ]
            },
            {
               "fileName": "EzyColor_V5_war.ear/EzyColor_V5.war/WEB-INF/classes/com/asianpaints/ezycolor/services/SyncUserMaster.class",
               "details": [
                  {
                     "reference": "Method doPost",
                     "match": "java.text.SimpleDateFormat.format(*)",
                     "lineNumber": 533
                  },
                  {
                     "reference": "Method doPost",
                     "match": "java.text.SimpleDateFormat.format(*)",
                     "lineNumber": 533
                  },
                  {
                     "reference": "Method doPost",
                     "match": "java.text.SimpleDateFormat.format(*)",
                     "lineNumber": 540
                  },
                  {
                     "reference": "Method doPost",
                     "match": "java.text.SimpleDateFormat.format(*)",
                     "lineNumber": 540
                  },
                  {
                     "reference": "Method doPost",
                     "match": "java.text.SimpleDateFormat.format(*)",
                     "lineNumber": 540
                  }
               ]
            }
         ]
      },
      {
         "ruleName": "Databases",
         "ruleId": "DatabasesSQLRule",
         "severity": "Warning",
         "category": "Technology connectivity considerations for IBM Cloud",
         "results": [
            {
               "fileName": "EzyColor_V5_war.ear/EzyColor_V5.war/WEB-INF/classes/com/asianpaints/ezycolor/helper/DBConnect.class",
               "details": [
                  {
                     "reference": "Constructor",
                     "match": "java.sql",
                     "lineNumber": 17
                  }
               ]
            }
         ]
      },
      {
         "ruleName": "Handling application configuration in Docker containers",
         "ruleId": "DetectPropertiesFiles",
         "severity": "Warning",
         "category": "Docker (IBM Cloud Kubernetes Service)",
         "results": [
            {
               "fileName": "EzyColor_V5_war.ear/EzyColor_V5.war/WEB-INF/lib/jtidy.jar/jtidy.properties",
               "details": [
                  {
                     "reference": null,
                     "match": "(.*)?\\.properties",
                     "lineNumber": 0
                  }
               ]
            },
            {
               "fileName": "EzyColor_V5_war.ear/EzyColor_V5.war/WEB-INF/lib/jtidy.jar/org/w3c/tidy/TidyMessages.properties",
               "details": [
                  {
                     "reference": null,
                     "match": "(.*)?\\.properties",
                     "lineNumber": 0
                  }
               ]
            },
            {
               "fileName": "EzyColor_V5_war.ear/EzyColor_V5.war/WEB-INF/lib/jtidy.jar/org/w3c/tidy/TidyMessages_de.properties",
               "details": [
                  {
                     "reference": null,
                     "match": "(.*)?\\.properties",
                     "lineNumber": 0
                  }
               ]
            },
            {
               "fileName": "EzyColor_V5_war.ear/EzyColor_V5.war/WEB-INF/lib/jtidy.jar/org/w3c/tidy/TidyMessages_es.properties",
               "details": [
                  {
                     "reference": null,
                     "match": "(.*)?\\.properties",
                     "lineNumber": 0
                  }
               ]
            },
            {
               "fileName": "EzyColor_V5_war.ear/EzyColor_V5.war/WEB-INF/lib/ojdbc6.jar/oracle/jdbc/driver/Messages.properties",
               "details": [
                  {
                     "reference": null,
                     "match": "(.*)?\\.properties",
                     "lineNumber": 0
                  }
               ]
            },
            {
               "fileName": "EzyColor_V5_war.ear/EzyColor_V5.war/WEB-INF/lib/ojdbc6.jar/oracle/jdbc/driver/Messages_ar.properties",
               "details": [
                  {
                     "reference": null,
                     "match": "(.*)?\\.properties",
                     "lineNumber": 0
                  }
               ]
            },
            {
               "fileName": "EzyColor_V5_war.ear/EzyColor_V5.war/WEB-INF/lib/ojdbc6.jar/oracle/jdbc/driver/Messages_ca.properties",
               "details": [
                  {
                     "reference": null,
                     "match": "(.*)?\\.properties",
                     "lineNumber": 0
                  }
               ]
            },
            {
               "fileName": "EzyColor_V5_war.ear/EzyColor_V5.war/WEB-INF/lib/ojdbc6.jar/oracle/jdbc/driver/Messages_cs.properties",
               "details": [
                  {
                     "reference": null,
                     "match": "(.*)?\\.properties",
                     "lineNumber": 0
                  }
               ]
            },
            {
               "fileName": "EzyColor_V5_war.ear/EzyColor_V5.war/WEB-INF/lib/ojdbc6.jar/oracle/jdbc/driver/Messages_da.properties",
               "details": [
                  {
                     "reference": null,
                     "match": "(.*)?\\.properties",
                     "lineNumber": 0
                  }
               ]
            },
            {
               "fileName": "EzyColor_V5_war.ear/EzyColor_V5.war/WEB-INF/lib/ojdbc6.jar/oracle/jdbc/driver/Messages_de.properties",
               "details": [
                  {
                     "reference": null,
                     "match": "(.*)?\\.properties",
                     "lineNumber": 0
                  }
               ]
            },
            {
               "fileName": "EzyColor_V5_war.ear/EzyColor_V5.war/WEB-INF/lib/ojdbc6.jar/oracle/jdbc/driver/Messages_el.properties",
               "details": [
                  {
                     "reference": null,
                     "match": "(.*)?\\.properties",
                     "lineNumber": 0
                  }
               ]
            },
            {
               "fileName": "EzyColor_V5_war.ear/EzyColor_V5.war/WEB-INF/lib/ojdbc6.jar/oracle/jdbc/driver/Messages_es.properties",
               "details": [
                  {
                     "reference": null,
                     "match": "(.*)?\\.properties",
                     "lineNumber": 0
                  }
               ]
            },
            {
               "fileName": "EzyColor_V5_war.ear/EzyColor_V5.war/WEB-INF/lib/ojdbc6.jar/oracle/jdbc/driver/Messages_fi.properties",
               "details": [
                  {
                     "reference": null,
                     "match": "(.*)?\\.properties",
                     "lineNumber": 0
                  }
               ]
            },
            {
               "fileName": "EzyColor_V5_war.ear/EzyColor_V5.war/WEB-INF/lib/ojdbc6.jar/oracle/jdbc/driver/Messages_fr.properties",
               "details": [
                  {
                     "reference": null,
                     "match": "(.*)?\\.properties",
                     "lineNumber": 0
                  }
               ]
            },
            {
               "fileName": "EzyColor_V5_war.ear/EzyColor_V5.war/WEB-INF/lib/ojdbc6.jar/oracle/jdbc/driver/Messages_hu.properties",
               "details": [
                  {
                     "reference": null,
                     "match": "(.*)?\\.properties",
                     "lineNumber": 0
                  }
               ]
            },
            {
               "fileName": "EzyColor_V5_war.ear/EzyColor_V5.war/WEB-INF/lib/ojdbc6.jar/oracle/jdbc/driver/Messages_it.properties",
               "details": [
                  {
                     "reference": null,
                     "match": "(.*)?\\.properties",
                     "lineNumber": 0
                  }
               ]
            },
            {
               "fileName": "EzyColor_V5_war.ear/EzyColor_V5.war/WEB-INF/lib/ojdbc6.jar/oracle/jdbc/driver/Messages_iw.properties",
               "details": [
                  {
                     "reference": null,
                     "match": "(.*)?\\.properties",
                     "lineNumber": 0
                  }
               ]
            },
            {
               "fileName": "EzyColor_V5_war.ear/EzyColor_V5.war/WEB-INF/lib/ojdbc6.jar/oracle/jdbc/driver/Messages_ja.properties",
               "details": [
                  {
                     "reference": null,
                     "match": "(.*)?\\.properties",
                     "lineNumber": 0
                  }
               ]
            },
            {
               "fileName": "EzyColor_V5_war.ear/EzyColor_V5.war/WEB-INF/lib/ojdbc6.jar/oracle/jdbc/driver/Messages_ko.properties",
               "details": [
                  {
                     "reference": null,
                     "match": "(.*)?\\.properties",
                     "lineNumber": 0
                  }
               ]
            },
            {
               "fileName": "EzyColor_V5_war.ear/EzyColor_V5.war/WEB-INF/lib/ojdbc6.jar/oracle/jdbc/driver/Messages_nl.properties",
               "details": [
                  {
                     "reference": null,
                     "match": "(.*)?\\.properties",
                     "lineNumber": 0
                  }
               ]
            },
            {
               "fileName": "EzyColor_V5_war.ear/EzyColor_V5.war/WEB-INF/lib/ojdbc6.jar/oracle/jdbc/driver/Messages_no.properties",
               "details": [
                  {
                     "reference": null,
                     "match": "(.*)?\\.properties",
                     "lineNumber": 0
                  }
               ]
            },
            {
               "fileName": "EzyColor_V5_war.ear/EzyColor_V5.war/WEB-INF/lib/ojdbc6.jar/oracle/jdbc/driver/Messages_pl.properties",
               "details": [
                  {
                     "reference": null,
                     "match": "(.*)?\\.properties",
                     "lineNumber": 0
                  }
               ]
            },
            {
               "fileName": "EzyColor_V5_war.ear/EzyColor_V5.war/WEB-INF/lib/ojdbc6.jar/oracle/jdbc/driver/Messages_pt.properties",
               "details": [
                  {
                     "reference": null,
                     "match": "(.*)?\\.properties",
                     "lineNumber": 0
                  }
               ]
            },
            {
               "fileName": "EzyColor_V5_war.ear/EzyColor_V5.war/WEB-INF/lib/ojdbc6.jar/oracle/jdbc/driver/Messages_pt_BR.properties",
               "details": [
                  {
                     "reference": null,
                     "match": "(.*)?\\.properties",
                     "lineNumber": 0
                  }
               ]
            },
            {
               "fileName": "EzyColor_V5_war.ear/EzyColor_V5.war/WEB-INF/lib/ojdbc6.jar/oracle/jdbc/driver/Messages_ro.properties",
               "details": [
                  {
                     "reference": null,
                     "match": "(.*)?\\.properties",
                     "lineNumber": 0
                  }
               ]
            },
            {
               "fileName": "EzyColor_V5_war.ear/EzyColor_V5.war/WEB-INF/lib/ojdbc6.jar/oracle/jdbc/driver/Messages_ru.properties",
               "details": [
                  {
                     "reference": null,
                     "match": "(.*)?\\.properties",
                     "lineNumber": 0
                  }
               ]
            },
            {
               "fileName": "EzyColor_V5_war.ear/EzyColor_V5.war/WEB-INF/lib/ojdbc6.jar/oracle/jdbc/driver/Messages_sk.properties",
               "details": [
                  {
                     "reference": null,
                     "match": "(.*)?\\.properties",
                     "lineNumber": 0
                  }
               ]
            },
            {
               "fileName": "EzyColor_V5_war.ear/EzyColor_V5.war/WEB-INF/lib/ojdbc6.jar/oracle/jdbc/driver/Messages_sv.properties",
               "details": [
                  {
                     "reference": null,
                     "match": "(.*)?\\.properties",
                     "lineNumber": 0
                  }
               ]
            },
            {
               "fileName": "EzyColor_V5_war.ear/EzyColor_V5.war/WEB-INF/lib/ojdbc6.jar/oracle/jdbc/driver/Messages_th.properties",
               "details": [
                  {
                     "reference": null,
                     "match": "(.*)?\\.properties",
                     "lineNumber": 0
                  }
               ]
            },
            {
               "fileName": "EzyColor_V5_war.ear/EzyColor_V5.war/WEB-INF/lib/ojdbc6.jar/oracle/jdbc/driver/Messages_tr.properties",
               "details": [
                  {
                     "reference": null,
                     "match": "(.*)?\\.properties",
                     "lineNumber": 0
                  }
               ]
            },
            {
               "fileName": "EzyColor_V5_war.ear/EzyColor_V5.war/WEB-INF/lib/ojdbc6.jar/oracle/jdbc/driver/Messages_zh_CN.properties",
               "details": [
                  {
                     "reference": null,
                     "match": "(.*)?\\.properties",
                     "lineNumber": 0
                  }
               ]
            },
            {
               "fileName": "EzyColor_V5_war.ear/EzyColor_V5.war/WEB-INF/lib/ojdbc6.jar/oracle/jdbc/driver/Messages_zh_TW.properties",
               "details": [
                  {
                     "reference": null,
                     "match": "(.*)?\\.properties",
                     "lineNumber": 0
                  }
               ]
            },
            {
               "fileName": "EzyColor_V5_war.ear/EzyColor_V5.war/WEB-INF/lib/ojdbc6.jar/oracle/net/mesg/Message.properties",
               "details": [
                  {
                     "reference": null,
                     "match": "(.*)?\\.properties",
                     "lineNumber": 0
                  }
               ]
            }
         ]
      },
      {
         "ruleName": "JavaMail server",
         "ruleId": "MailServerRule",
         "severity": "Warning",
         "category": "Technology connectivity considerations for IBM Cloud",
         "results": [
            {
               "fileName": "EzyColor_V5_war.ear/EzyColor_V5.war/WEB-INF/classes/com/asianpaints/ezycolor/helper/LogToDB$1.class",
               "details": [
                  {
                     "reference": "Constructor",
                     "match": "javax.mail",
                     "lineNumber": 246
                  }
               ]
            }
         ]
      },
      {
         "ruleName": "Managing data inside and between Docker containers",
         "ruleId": "FileSystemRule",
         "severity": "Warning",
         "category": "Docker (IBM Cloud Kubernetes Service)",
         "results": [
            {
               "fileName": "EzyColor_V5_war.ear/EzyColor_V5.war/WEB-INF/classes/com/asianpaints/ezycolor/helper/LogToDB.class",
               "details": [
                  {
                     "reference": "Method logFile",
                     "match": "java.io.FileWriter",
                     "lineNumber": 130
                  },
                  {
                     "reference": "Method logFile",
                     "match": "java.io.FileWriter",
                     "lineNumber": 134
                  },
                  {
                     "reference": "Method logFile",
                     "match": "java.io.FileWriter",
                     "lineNumber": 140
                  },
                  {
                     "reference": "Method requestResponse",
                     "match": "java.io.FileWriter",
                     "lineNumber": 168
                  },
                  {
                     "reference": "Method requestResponse",
                     "match": "java.io.FileWriter",
                     "lineNumber": 172
                  },
                  {
                     "reference": "Method requestResponse",
                     "match": "java.io.FileWriter",
                     "lineNumber": 178
                  }
               ]
            },
            {
               "fileName": "EzyColor_V5_war.ear/EzyColor_V5.war/WEB-INF/classes/com/asianpaints/ezycolor/helper/ValidateSAPService.class",
               "details": [
                  {
                     "reference": "Method createDestinationDataFile",
                     "match": "java.io.FileOutputStream",
                     "lineNumber": 48
                  },
                  {
                     "reference": "Method createDestinationDataFile",
                     "match": "java.io.FileOutputStream",
                     "lineNumber": 50
                  },
                  {
                     "reference": "Method createDestinationDataFile",
                     "match": "java.io.FileOutputStream",
                     "lineNumber": 56
                  },
                  {
                     "reference": "Method logTofile",
                     "match": "java.io.FileWriter",
                     "lineNumber": 161
                  },
                  {
                     "reference": "Method logTofile",
                     "match": "java.io.FileWriter",
                     "lineNumber": 165
                  },
                  {
                     "reference": "Method logTofile",
                     "match": "java.io.FileWriter",
                     "lineNumber": 171
                  }
               ]
            }
         ]
      },
      {
         "ruleName": "The Apache HTTP client API was removed",
         "ruleId": "ApacheHTTPRule",
         "severity": "Severe",
         "category": "WebSphere version migration / V8.0, V8.5 and V9.0 migration",
         "results": [
            {
               "fileName": "EzyColor_V5_war.ear/EzyColor_V5.war/WEB-INF/classes/com/asianpaints/ezycolor/helper/LogToDB.class",
               "details": [
                  {
                     "reference": "Method sendAlertSMS",
                     "match": "org.apache.http",
                     "lineNumber": 465
                  },
                  {
                     "reference": "Method sendAlertSMS",
                     "match": "org.apache.http",
                     "lineNumber": 469
                  },
                  {
                     "reference": "Method sendAlertSMS",
                     "match": "org.apache.http",
                     "lineNumber": 471
                  },
                  {
                     "reference": "Method sendAlertSMS",
                     "match": "org.apache.http",
                     "lineNumber": 524
                  },
                  {
                     "reference": "Method sendAlertSMS",
                     "match": "org.apache.http.client",
                     "lineNumber": 465
                  },
                  {
                     "reference": "Method sendAlertSMS",
                     "match": "org.apache.http.client",
                     "lineNumber": 524
                  },
                  {
                     "reference": "Method sendAlertSMS",
                     "match": "org.apache.http.client.methods",
                     "lineNumber": 464
                  },
                  {
                     "reference": "Method sendAlertSMS",
                     "match": "org.apache.http.client.methods",
                     "lineNumber": 465
                  },
                  {
                     "reference": "Method sendAlertSMS",
                     "match": "org.apache.http.client.methods",
                     "lineNumber": 524
                  },
                  {
                     "reference": "Method sendAlertSMS",
                     "match": "org.apache.http.impl.client",
                     "lineNumber": 461
                  }
               ]
            }
         ]
      },
      {
         "ruleName": "The use of java.sql.Driver and java.sql.DriverManager interfaces requires configuration ",
         "ruleId": "SqlDriverRule",
         "severity": "Severe",
         "category": "WebSphere traditional to Liberty",
         "results": [
            {
               "fileName": "EzyColor_V5_war.ear/EzyColor_V5.war/WEB-INF/classes/com/asianpaints/ezycolor/helper/DBConnect.class",
               "details": [
                  {
                     "reference": "Method Connect",
                     "match": "java.sql.DriverManager.getConnection(*)",
                     "lineNumber": 41
                  }
               ]
            },
            {
               "fileName": "EzyColor_V5_war.ear/EzyColor_V5.war/WEB-INF/classes/com/asianpaints/ezycolor/helper/LogToDB.class",
               "details": [
                  {
                     "reference": "Method logDB",
                     "match": "java.sql.DriverManager.getConnection(*)",
                     "lineNumber": 62
                  }
               ]
            },
            {
               "fileName": "EzyColor_V5_war.ear/EzyColor_V5.war/WEB-INF/classes/com/asianpaints/ezycolor/services/RegisterDealer.class",
               "details": [
                  {
                     "reference": "Method doPost",
                     "match": "java.sql.DriverManager.getConnection(*)",
                     "lineNumber": 546
                  },
                  {
                     "reference": "Method doPost",
                     "match": "java.sql.DriverManager.getConnection(*)",
                     "lineNumber": 569
                  }
               ]
            }
         ]
      }
   ]
}