{
   "report": "inventory",
   "version": "2.4",
   "productVersion": "9.0",
   "productRelease": "19.0.0.2-TA1",
   "options": [
      "--excludePackages=com.ibm,com.informix,com.microsoft,com.sybase,com.sun,java,javax,net,oracle,org,sqlj,_ibmjsp"
   ],
   "applications": [
      "/opt/IBM/WebSphere/AppServer/profiles/Dmgr01/config/cells/apwasdevCell01/applications/EzyColor_war.ear/EzyColor_war.ear"
   ],
   "sharedLibraries": [
   ],
   "archives": {
      "ears": 1,
      "wars": 1,
      "rars": 0,
      "ejbs": 0,
      "webFragments": 0,
      "utilityJars": 11,
      "appClients": 0
   },
   "summary": {
      "servlets": 11,
      "jsps": 1,
      "jpaEntities": 0,
      "bmpEntityBeans": 0,
      "cmpEntityBeans": 0,
      "messageDrivenBeans": 0,
      "singletonSessionBeans": 0,
      "statefulSessionBeans": 0,
      "statelessSessionBeans": 0,
      "jaxrpcConsumers": 0,
      "jaxrpcProviders": 0,
      "jaxrsConsumers": 0,
      "jaxrsProviders": 0,
      "jaxwsConsumers": 0,
      "jaxwsProviders": 0
   },
   "archiveInventory": [
      {
         "archiveName": "/opt/IBM/WebSphere/AppServer/profiles/Dmgr01/config/cells/apwasdevCell01/applications/EzyColor_war.ear/EzyColor_war.ear",
         "moduleType": "Enterprise archive",
         "moduleVersion": "5",
         "metadataComplete": null,
         "moduleSize": 13552073,
         "archives": {
            "wars": 1,
            "rars": 0,
            "ejbs": 0,
            "utilityJars": 11,
            "appClients": 0
         },
         "summary": {
            "servlets": 11,
            "jsps": 1,
            "jpaEntities": 0,
            "bmpEntityBeans": 0,
            "cmpEntityBeans": 0,
            "messageDrivenBeans": 0,
            "singletonSessionBeans": 0,
            "statefulSessionBeans": 0,
            "statelessSessionBeans": 0,
            "jaxrpcConsumers": 0,
            "jaxrpcProviders": 0,
            "jaxrsConsumers": 0,
            "jaxrsProviders": 0,
            "jaxwsConsumers": 0,
            "jaxwsProviders": 0
         },
         "potentialDeploymentProblemsSummary": {
            "archivesContainingDuplicateClasses": 2,
            "archivesContainingJavaEEorSEClasses": 2,
            "archivesContainingConflictingOpenSourceSoftwareClasses": 1,
            "archivesContainingWebSphereClasses": 0,
            "archivesNotReferencedInTheApplication": 1,
            "archivesWithMissingDependenciesInTheApplication": 8,
            "classesWithSystemLevelJVMConfiguration": 0,
            "sharedLibrariesReferencingApplicationClasses": 0
         },
         "potentialDeploymentProblemsDetails": [
            {
               "duplicateClassesWithinClassLoader": [
                  {
                     "conflictingPackages": [
                        "javax.servlet",
                        "javax.servlet.http"
                     ],
                     "packageLocation": [
                        "EzyColor.war/WEB-INF/lib/j2ee.jar",
                        "EzyColor.war/WEB-INF/lib/servlet-api.jar"
                     ]
                  }
               ]
            },
            {
               "duplicateClassesAcrossApplication": [
               ]
            },
            {
               "javaEEandSEClasses": [
                  {
                     "conflictingPackages": [
                        "javax.activation",
                        "javax.annotation",
                        "javax.annotation.security",
                        "javax.annotation.sql",
                        "javax.decorator",
                        "javax.ejb",
                        "javax.ejb.embeddable",
                        "javax.ejb.spi",
                        "javax.el",
                        "javax.enterprise.context",
                        "javax.enterprise.context.spi",
                        "javax.enterprise.deploy.model",
                        "javax.enterprise.deploy.model.exceptions",
                        "javax.enterprise.deploy.shared",
                        "javax.enterprise.deploy.shared.factories",
                        "javax.enterprise.deploy.spi",
                        "javax.enterprise.deploy.spi.exceptions",
                        "javax.enterprise.deploy.spi.factories",
                        "javax.enterprise.deploy.spi.status",
                        "javax.enterprise.event",
                        "javax.enterprise.inject",
                        "javax.enterprise.inject.spi",
                        "javax.enterprise.util",
                        "javax.faces",
                        "javax.faces.application",
                        "javax.faces.bean",
                        "javax.faces.component",
                        "javax.faces.component.behavior",
                        "javax.faces.component.html",
                        "javax.faces.component.visit",
                        "javax.faces.context",
                        "javax.faces.convert",
                        "javax.faces.el",
                        "javax.faces.event",
                        "javax.faces.lifecycle",
                        "javax.faces.model",
                        "javax.faces.render",
                        "javax.faces.validator",
                        "javax.faces.view",
                        "javax.faces.view.facelets",
                        "javax.faces.webapp",
                        "javax.inject",
                        "javax.interceptor",
                        "javax.jms",
                        "javax.mail",
                        "javax.mail.event",
                        "javax.mail.internet",
                        "javax.mail.search",
                        "javax.mail.util",
                        "javax.persistence",
                        "javax.persistence.criteria",
                        "javax.persistence.metamodel",
                        "javax.persistence.spi",
                        "javax.resource",
                        "javax.resource.cci",
                        "javax.resource.spi",
                        "javax.resource.spi.endpoint",
                        "javax.resource.spi.security",
                        "javax.resource.spi.work",
                        "javax.security.auth.message",
                        "javax.security.auth.message.callback",
                        "javax.security.auth.message.config",
                        "javax.security.auth.message.module",
                        "javax.security.jacc",
                        "javax.servlet.annotation",
                        "javax.servlet.descriptor",
                        "javax.servlet.jsp",
                        "javax.servlet.jsp.el",
                        "javax.servlet.jsp.jstl.core",
                        "javax.servlet.jsp.jstl.fmt",
                        "javax.servlet.jsp.jstl.sql",
                        "javax.servlet.jsp.jstl.tlv",
                        "javax.servlet.jsp.tagext",
                        "javax.transaction",
                        "javax.transaction.xa",
                        "javax.validation",
                        "javax.validation.bootstrap",
                        "javax.validation.constraints",
                        "javax.validation.groups",
                        "javax.validation.metadata",
                        "javax.validation.spi",
                        "javax.ws.rs",
                        "javax.ws.rs.core",
                        "javax.ws.rs.ext",
                        "javax.xml.registry",
                        "javax.xml.registry.infomodel",
                        "javax.xml.rpc",
                        "javax.xml.rpc.encoding",
                        "javax.xml.rpc.handler",
                        "javax.xml.rpc.handler.soap",
                        "javax.xml.rpc.holders",
                        "javax.xml.rpc.server",
                        "javax.xml.rpc.soap"
                     ],
                     "packageLocation": [
                        "EzyColor.war/WEB-INF/lib/j2ee.jar"
                     ]
                  },
                  {
                     "conflictingPackages": [
                        "javax.servlet",
                        "javax.servlet.http"
                     ],
                     "packageLocation": [
                        "EzyColor.war/WEB-INF/lib/j2ee.jar",
                        "EzyColor.war/WEB-INF/lib/servlet-api.jar"
                     ]
                  }
               ]
            },
            {
               "duplicateWebSphereClasses": [
               ]
            },
            {
               "openSourceSoftwareClasses": [
                  {
                     "conflictingPackages": [
                        "com.sun.mail.handlers",
                        "com.sun.mail.iap",
                        "com.sun.mail.imap",
                        "com.sun.mail.imap.protocol",
                        "com.sun.mail.pop3",
                        "com.sun.mail.smtp",
                        "com.sun.mail.util"
                     ],
                     "packageLocation": [
                        "EzyColor.war/WEB-INF/lib/mail-impl.jar"
                     ],
                     "appliesTo": [
                        "V8.5.5",
                        "V9.0",
                        "Liberty"
                     ]
                  }
               ]
            },
            {
               "archivesNotReferenced": [
                  {
                     "archive": "EzyColor.war/WEB-INF/lib/apache-mime4j.jar",
                     "referencedBy": ""
                  }
               ]
            },
            {
               "missingDependencies": [
                  {
                     "missingDependencies": [
                        "com.sap.bc.krn.perf",
                        "com.sap.i18n.verify.intf",
                        "com.sap.jdsr.writer",
                        "com.sap.util.monitor.jarm"
                     ],
                     "archive": [
                        "EzyColor.war/WEB-INF/lib/sapjco3.jar"
                     ]
                  },
                  {
                     "missingDependencies": [
                        "com.sun.activation.registries",
                        "org.apache.geronimo.osgi.registry.api",
                        "org.apache.taglibs.standard.tag.common.fmt",
                        "org.osgi.framework",
                        "org.osgi.util.tracker"
                     ],
                     "archive": [
                        "EzyColor.war/WEB-INF/lib/j2ee.jar"
                     ]
                  },
                  {
                     "missingDependencies": [
                        "com.sun.javadoc",
                        "com.sun.tools.javadoc",
                        "org.apache.tools.ant",
                        "org.apache.tools.ant.taskdefs",
                        "org.apache.tools.ant.types"
                     ],
                     "archive": [
                        "EzyColor.war/WEB-INF/lib/xmlbeans-2.6.0.jar"
                     ]
                  },
                  {
                     "missingDependencies": [
                        "junit.framework",
                        "org.apache.jcp.xml.dsig.internal.dom",
                        "org.apache.poi.hdgf.extractor",
                        "org.apache.poi.hpbf.extractor",
                        "org.apache.poi.hslf.blip",
                        "org.apache.poi.hslf.extractor",
                        "org.apache.poi.hsmf",
                        "org.apache.poi.hsmf.datatypes",
                        "org.apache.poi.hsmf.extractor",
                        "org.apache.poi.hwpf",
                        "org.apache.poi.hwpf.extractor",
                        "org.apache.xml.security",
                        "org.apache.xml.security.c14n",
                        "org.apache.xml.security.utils",
                        "org.bouncycastle.asn1",
                        "org.bouncycastle.asn1.cmp",
                        "org.bouncycastle.asn1.nist",
                        "org.bouncycastle.asn1.ocsp",
                        "org.bouncycastle.asn1.x500",
                        "org.bouncycastle.asn1.x509",
                        "org.bouncycastle.cert",
                        "org.bouncycastle.cert.jcajce",
                        "org.bouncycastle.cert.ocsp",
                        "org.bouncycastle.cms",
                        "org.bouncycastle.cms.bc",
                        "org.bouncycastle.operator",
                        "org.bouncycastle.operator.bc",
                        "org.bouncycastle.tsp",
                        "org.bouncycastle.util",
                        "org.etsi.uri.x01903.v14",
                        "org.junit",
                        "org.junit.internal",
                        "org.junit.runner",
                        "org.junit.runner.notification"
                     ],
                     "archive": [
                        "EzyColor.war/WEB-INF/lib/poi-ooxml-3.13-20150929.jar"
                     ]
                  },
                  {
                     "missingDependencies": [
                        "org.apache.commons.codec.digest"
                     ],
                     "archive": [
                        "EzyColor.war/WEB-INF/lib/poi-3.13-20150929.jar"
                     ]
                  },
                  {
                     "missingDependencies": [
                        "org.apache.commons.logging"
                     ],
                     "archive": [
                        "EzyColor.war/WEB-INF/lib/poi-3.13-20150929.jar",
                        "EzyColor.war/WEB-INF/lib/apache-mime4j.jar"
                     ]
                  },
                  {
                     "missingDependencies": [
                        "org.apache.http",
                        "org.apache.http.client",
                        "org.apache.http.client.methods",
                        "org.apache.http.impl.client",
                        "org.w3c.tidy"
                     ],
                     "archive": [
                        "EzyColor.war"
                     ]
                  },
                  {
                     "missingDependencies": [
                        "org.openxmlformats.schemas.officeDocument.x2006.math",
                        "org.openxmlformats.schemas.schemaLibrary.x2006.main"
                     ],
                     "archive": [
                        "EzyColor.war/WEB-INF/lib/poi-ooxml-schemas-3.13-20150929.jar"
                     ]
                  }
               ]
            },
            {
               "classesWithSystemLevelJVMConfiguration": [
               ]
            },
            {
               "sharedLibraryDependencies": [
               ]
            }
         ],
         "performanceConsiderations": {
            "archivesThatAreCandidatesForMetadataCompleteTrueAttribute": [
            ],
            "webModulesWithExcessiveClassFiles": [
            ],
            "webModulesWithExcessiveStaticResources": [
            ]
         },
         "containedArchiveInventory": [
            {
               "archiveName": "/opt/IBM/WebSphere/AppServer/profiles/Dmgr01/config/cells/apwasdevCell01/applications/EzyColor_war.ear/EzyColor_war.ear/EzyColor.war",
               "moduleType": "Web module",
               "moduleVersion": "2.5",
               "metadataComplete": "true",
               "archives": {
                  "ejbs": 0,
                  "webFragments": 0,
                  "utilityJars": 11
               },
               "summary": {
                  "servlets": 11,
                  "jsps": 1,
                  "jpaEntities": 0,
                  "bmpEntityBeans": 0,
                  "cmpEntityBeans": 0,
                  "messageDrivenBeans": 0,
                  "singletonSessionBeans": 0,
                  "statefulSessionBeans": 0,
                  "statelessSessionBeans": 0,
                  "jaxrpcConsumers": 0,
                  "jaxrpcProviders": 0,
                  "jaxrsConsumers": 0,
                  "jaxrsProviders": 0,
                  "jaxwsConsumers": 0,
                  "jaxwsProviders": 0
               },
               "containedArchiveInventory": [
                  {
                     "archiveName": "/opt/IBM/WebSphere/AppServer/profiles/Dmgr01/config/cells/apwasdevCell01/applications/EzyColor_war.ear/EzyColor_war.ear/EzyColor.war/WEB-INF/lib/apache-mime4j.jar",
                     "moduleType": "Utility JAR",
                     "containedPackages": [
                        "org.apache.james"
                     ]
                  },
                  {
                     "archiveName": "/opt/IBM/WebSphere/AppServer/profiles/Dmgr01/config/cells/apwasdevCell01/applications/EzyColor_war.ear/EzyColor_war.ear/EzyColor.war/WEB-INF/lib/j2ee.jar",
                     "moduleType": "Utility JAR",
                     "containedPackages": [
                        "javax.activation",
                        "javax.annotation",
                        "javax.annotation.security",
                        "javax.annotation.sql",
                        "javax.decorator",
                        "javax.ejb",
                        "javax.ejb.embeddable",
                        "javax.ejb.spi",
                        "javax.el",
                        "javax.enterprise.context",
                        "javax.enterprise.deploy",
                        "javax.enterprise.event",
                        "javax.enterprise.inject",
                        "javax.enterprise.util",
                        "javax.faces",
                        "javax.faces.application",
                        "javax.faces.bean",
                        "javax.faces.component",
                        "javax.faces.context",
                        "javax.faces.convert",
                        "javax.faces.el",
                        "javax.faces.event",
                        "javax.faces.lifecycle",
                        "javax.faces.model",
                        "javax.faces.render",
                        "javax.faces.validator",
                        "javax.faces.view",
                        "javax.faces.webapp",
                        "javax.inject",
                        "javax.interceptor",
                        "javax.jms",
                        "javax.mail",
                        "javax.mail.event",
                        "javax.mail.internet",
                        "javax.mail.search",
                        "javax.mail.util",
                        "javax.persistence",
                        "javax.persistence.criteria",
                        "javax.persistence.metamodel",
                        "javax.persistence.spi",
                        "javax.resource",
                        "javax.resource.cci",
                        "javax.resource.spi",
                        "javax.security.auth",
                        "javax.security.jacc",
                        "javax.servlet",
                        "javax.servlet.annotation",
                        "javax.servlet.descriptor",
                        "javax.servlet.http",
                        "javax.servlet.jsp",
                        "javax.transaction",
                        "javax.transaction.xa",
                        "javax.validation",
                        "javax.validation.bootstrap",
                        "javax.validation.constraints",
                        "javax.validation.groups",
                        "javax.validation.metadata",
                        "javax.validation.spi",
                        "javax.ws.rs",
                        "javax.xml.registry",
                        "javax.xml.rpc",
                        "org.apache.geronimo"
                     ]
                  },
                  {
                     "archiveName": "/opt/IBM/WebSphere/AppServer/profiles/Dmgr01/config/cells/apwasdevCell01/applications/EzyColor_war.ear/EzyColor_war.ear/EzyColor.war/WEB-INF/lib/mail-impl.jar",
                     "moduleType": "Utility JAR",
                     "containedPackages": [
                        "com.sun.mail"
                     ]
                  },
                  {
                     "archiveName": "/opt/IBM/WebSphere/AppServer/profiles/Dmgr01/config/cells/apwasdevCell01/applications/EzyColor_war.ear/EzyColor_war.ear/EzyColor.war/WEB-INF/lib/org.json.jar",
                     "moduleType": "Utility JAR",
                     "containedPackages": [
                        "org.json"
                     ]
                  },
                  {
                     "archiveName": "/opt/IBM/WebSphere/AppServer/profiles/Dmgr01/config/cells/apwasdevCell01/applications/EzyColor_war.ear/EzyColor_war.ear/EzyColor.war/WEB-INF/lib/poi-3.13-20150929.jar",
                     "moduleType": "Utility JAR",
                     "containedPackages": [
                        "org.apache.poi"
                     ]
                  },
                  {
                     "archiveName": "/opt/IBM/WebSphere/AppServer/profiles/Dmgr01/config/cells/apwasdevCell01/applications/EzyColor_war.ear/EzyColor_war.ear/EzyColor.war/WEB-INF/lib/poi-ooxml-3.13-20150929.jar",
                     "moduleType": "Utility JAR",
                     "containedPackages": [
                        "org.apache.poi"
                     ]
                  },
                  {
                     "archiveName": "/opt/IBM/WebSphere/AppServer/profiles/Dmgr01/config/cells/apwasdevCell01/applications/EzyColor_war.ear/EzyColor_war.ear/EzyColor.war/WEB-INF/lib/poi-ooxml-schemas-3.13-20150929.jar",
                     "moduleType": "Utility JAR",
                     "containedPackages": [
                        "com.microsoft.schemas",
                        "org.etsi.uri",
                        "org.openxmlformats.schemas",
                        "org.w3.x2000",
                        "schemaorg_apache_xmlbeans.system.s0B482D0B338CC9641C1543C3510577FE",
                        "schemaorg_apache_xmlbeans.system.sE130CAA0A01A7CDE5A2B4FEB8B311707",
                        "schemasMicrosoftComOfficeExcel",
                        "schemasMicrosoftComOfficeExcel.impl",
                        "schemasMicrosoftComOfficeOffice",
                        "schemasMicrosoftComOfficeOffice.impl",
                        "schemasMicrosoftComVml",
                        "schemasMicrosoftComVml.impl"
                     ]
                  },
                  {
                     "archiveName": "/opt/IBM/WebSphere/AppServer/profiles/Dmgr01/config/cells/apwasdevCell01/applications/EzyColor_war.ear/EzyColor_war.ear/EzyColor.war/WEB-INF/lib/sapidoc3.jar",
                     "moduleType": "Utility JAR",
                     "containedPackages": [
                        "com.sap.conn"
                     ]
                  },
                  {
                     "archiveName": "/opt/IBM/WebSphere/AppServer/profiles/Dmgr01/config/cells/apwasdevCell01/applications/EzyColor_war.ear/EzyColor_war.ear/EzyColor.war/WEB-INF/lib/sapjco3.jar",
                     "moduleType": "Utility JAR",
                     "containedPackages": [
                        "com.sap.conn",
                        "com.sap.i18n",
                        "com.sap.tc"
                     ]
                  },
                  {
                     "archiveName": "/opt/IBM/WebSphere/AppServer/profiles/Dmgr01/config/cells/apwasdevCell01/applications/EzyColor_war.ear/EzyColor_war.ear/EzyColor.war/WEB-INF/lib/servlet-api.jar",
                     "moduleType": "Utility JAR",
                     "containedPackages": [
                        "javax.servlet",
                        "javax.servlet.http"
                     ]
                  },
                  {
                     "archiveName": "/opt/IBM/WebSphere/AppServer/profiles/Dmgr01/config/cells/apwasdevCell01/applications/EzyColor_war.ear/EzyColor_war.ear/EzyColor.war/WEB-INF/lib/xmlbeans-2.6.0.jar",
                     "moduleType": "Utility JAR",
                     "containedPackages": [
                        "org.apache.xmlbeans",
                        "repackage",
                        "schemaorg_apache_xmlbeans.system.sXMLCONFIG",
                        "schemaorg_apache_xmlbeans.system.sXMLLANG",
                        "schemaorg_apache_xmlbeans.system.sXMLSCHEMA",
                        "schemaorg_apache_xmlbeans.system.sXMLTOOLS"
                     ]
                  }
               ]
            }
         ]
      }
   ],
   "sharedLibraryDetails": [
   ]
}