{
   "report": "analysis",
   "version": "1.2",
   "productVersion": "9.0",
   "productRelease": "19.0.0.2-TA1",
   "options": [
      "--sourceAppServer=was855",
      "--sourceJava=ibm7",
      "--sourceJavaEE=ee6",
      "--targetAppServer=was90",
      "--targetJava=ibm8",
      "--targetJavaEE=ee7",
      "--targetCloud=vmIBMCloud",
      "--excludePackages=com.ibm,com.informix,com.microsoft,com.sybase,com.sun,java,javax,net,oracle,org,sqlj,_ibmjsp"
   ],
   "totalRulesFlagged": 10,
   "filesAffected": 42,
   "totalResults": 101,
   "severitySummary": [
      {
         "severity": "Severe",
         "totalRulesFlagged": 1,
         "totalResults": 10
      },
      {
         "severity": "Warning",
         "totalRulesFlagged": 8,
         "totalResults": 27
      },
      {
         "severity": "Information",
         "totalRulesFlagged": 1,
         "totalResults": 64
      }
   ],
   "applications": [
      "/opt/IBM/WebSphere/AppServer/profiles/Dmgr01/config/cells/apwasdevCell01/applications/EzyColor_war.ear/EzyColor_war.ear"
   ],
   "rules": [
      {
         "ruleName": "Behavior change in java.lang.String and java.util.regex.Pattern split methods",
         "ruleId": "StringSplit",
         "severity": "Warning",
         "category": "Java SE version migration / Java SE 8 compatibility impacts",
         "results": [
            {
               "fileName": "EzyColor_war.ear/EzyColor.war/WEB-INF/classes/DownloadLogs.class",
               "details": [
                  {
                     "reference": "Method doGet",
                     "match": "java.lang.String.split(*)",
                     "lineNumber": 61
                  }
               ]
            },
            {
               "fileName": "EzyColor_war.ear/EzyColor.war/WEB-INF/classes/HeartBeat.class",
               "details": [
                  {
                     "reference": "Method doPost",
                     "match": "java.lang.String.split(*)",
                     "lineNumber": 181
                  }
               ]
            }
         ]
      },
      {
         "ruleName": "Behavior change in month name formatting for some languages",
         "ruleId": "MonthFormattingNames",
         "severity": "Information",
         "category": "Java SE version migration / Java SE 8 compatibility impacts",
         "results": [
            {
               "fileName": "EzyColor_war.ear/EzyColor.war/WEB-INF/classes/HeartBeat.class",
               "details": [
                  {
                     "reference": "Method doPost",
                     "match": "java.text.SimpleDateFormat.format(*)",
                     "lineNumber": 423
                  },
                  {
                     "reference": "Method doPost",
                     "match": "java.text.SimpleDateFormat.format(*)",
                     "lineNumber": 578
                  },
                  {
                     "reference": "Method doPost",
                     "match": "java.text.SimpleDateFormat.format(*)",
                     "lineNumber": 579
                  },
                  {
                     "reference": "Method doPost",
                     "match": "java.text.SimpleDateFormat.format(*)",
                     "lineNumber": 626
                  }
               ]
            },
            {
               "fileName": "EzyColor_war.ear/EzyColor.war/WEB-INF/classes/PushMessage.class",
               "details": [
                  {
                     "reference": "Method doGet",
                     "match": "java.text.SimpleDateFormat.format(*)",
                     "lineNumber": 83
                  }
               ]
            },
            {
               "fileName": "EzyColor_war.ear/EzyColor.war/WEB-INF/classes/RegisterDealer.class",
               "details": [
                  {
                     "reference": "Method doPost",
                     "match": "java.text.SimpleDateFormat.format(*)",
                     "lineNumber": 612
                  },
                  {
                     "reference": "Method doPost",
                     "match": "java.text.SimpleDateFormat.format(*)",
                     "lineNumber": 634
                  },
                  {
                     "reference": "Method doPost",
                     "match": "java.text.SimpleDateFormat.format(*)",
                     "lineNumber": 663
                  }
               ]
            },
            {
               "fileName": "EzyColor_war.ear/EzyColor.war/WEB-INF/classes/Services/LogToDB.class",
               "details": [
                  {
                     "reference": "Method logDB",
                     "match": "java.text.SimpleDateFormat.format(*)",
                     "lineNumber": 67
                  },
                  {
                     "reference": "Method logFile",
                     "match": "java.text.SimpleDateFormat.format(*)",
                     "lineNumber": 118
                  },
                  {
                     "reference": "Method logFile",
                     "match": "java.text.SimpleDateFormat.format(*)",
                     "lineNumber": 122
                  },
                  {
                     "reference": "Method logFile",
                     "match": "java.text.SimpleDateFormat.format(*)",
                     "lineNumber": 124
                  },
                  {
                     "reference": "Method requestResponse",
                     "match": "java.text.SimpleDateFormat.format(*)",
                     "lineNumber": 145
                  },
                  {
                     "reference": "Method requestResponse",
                     "match": "java.text.SimpleDateFormat.format(*)",
                     "lineNumber": 156
                  },
                  {
                     "reference": "Method requestResponse",
                     "match": "java.text.SimpleDateFormat.format(*)",
                     "lineNumber": 160
                  },
                  {
                     "reference": "Method requestResponse",
                     "match": "java.text.SimpleDateFormat.format(*)",
                     "lineNumber": 162
                  }
               ]
            },
            {
               "fileName": "EzyColor_war.ear/EzyColor.war/WEB-INF/classes/Services/ValidateSAPService.class",
               "details": [
                  {
                     "reference": "Method logTofile",
                     "match": "java.text.SimpleDateFormat.format(*)",
                     "lineNumber": 152
                  },
                  {
                     "reference": "Method logTofile",
                     "match": "java.text.SimpleDateFormat.format(*)",
                     "lineNumber": 156
                  },
                  {
                     "reference": "Method logTofile",
                     "match": "java.text.SimpleDateFormat.format(*)",
                     "lineNumber": 158
                  }
               ]
            },
            {
               "fileName": "EzyColor_war.ear/EzyColor.war/WEB-INF/classes/SyncTripChoiceMaster.class",
               "details": [
                  {
                     "reference": "Method doPost",
                     "match": "java.text.SimpleDateFormat.format(*)",
                     "lineNumber": 1059
                  },
                  {
                     "reference": "Method doPost",
                     "match": "java.text.SimpleDateFormat.format(*)",
                     "lineNumber": 1060
                  },
                  {
                     "reference": "Method doPost",
                     "match": "java.text.SimpleDateFormat.format(*)",
                     "lineNumber": 1110
                  },
                  {
                     "reference": "Method doPost",
                     "match": "java.text.SimpleDateFormat.format(*)",
                     "lineNumber": 1111
                  }
               ]
            },
            {
               "fileName": "EzyColor_war.ear/EzyColor.war/WEB-INF/classes/SyncTripChoiceMasterNew.class",
               "details": [
                  {
                     "reference": "Method doPost",
                     "match": "java.text.SimpleDateFormat.format(*)",
                     "lineNumber": 1138
                  },
                  {
                     "reference": "Method doPost",
                     "match": "java.text.SimpleDateFormat.format(*)",
                     "lineNumber": 1139
                  },
                  {
                     "reference": "Method doPost",
                     "match": "java.text.SimpleDateFormat.format(*)",
                     "lineNumber": 1197
                  },
                  {
                     "reference": "Method doPost",
                     "match": "java.text.SimpleDateFormat.format(*)",
                     "lineNumber": 1198
                  },
                  {
                     "reference": "Method doPost",
                     "match": "java.text.SimpleDateFormat.format(*)",
                     "lineNumber": 1199
                  }
               ]
            },
            {
               "fileName": "EzyColor_war.ear/EzyColor.war/WEB-INF/classes/SyncTripMaster.class",
               "details": [
                  {
                     "reference": "Method doPost",
                     "match": "java.text.SimpleDateFormat.format(*)",
                     "lineNumber": 669
                  },
                  {
                     "reference": "Method doPost",
                     "match": "java.text.SimpleDateFormat.format(*)",
                     "lineNumber": 670
                  },
                  {
                     "reference": "Method doPost",
                     "match": "java.text.SimpleDateFormat.format(*)",
                     "lineNumber": 690
                  },
                  {
                     "reference": "Method doPost",
                     "match": "java.text.SimpleDateFormat.format(*)",
                     "lineNumber": 691
                  },
                  {
                     "reference": "Method doPost",
                     "match": "java.text.SimpleDateFormat.format(*)",
                     "lineNumber": 735
                  }
               ]
            },
            {
               "fileName": "EzyColor_war.ear/EzyColor.war/WEB-INF/classes/SyncTripMasterNew.class",
               "details": [
                  {
                     "reference": "Method doPost",
                     "match": "java.text.SimpleDateFormat.format(*)",
                     "lineNumber": 620
                  },
                  {
                     "reference": "Method doPost",
                     "match": "java.text.SimpleDateFormat.format(*)",
                     "lineNumber": 621
                  },
                  {
                     "reference": "Method doPost",
                     "match": "java.text.SimpleDateFormat.format(*)",
                     "lineNumber": 631
                  },
                  {
                     "reference": "Method doPost",
                     "match": "java.text.SimpleDateFormat.format(*)",
                     "lineNumber": 632
                  },
                  {
                     "reference": "Method doPost",
                     "match": "java.text.SimpleDateFormat.format(*)",
                     "lineNumber": 633
                  },
                  {
                     "reference": "Method doPost",
                     "match": "java.text.SimpleDateFormat.format(*)",
                     "lineNumber": 634
                  },
                  {
                     "reference": "Method doPost",
                     "match": "java.text.SimpleDateFormat.format(*)",
                     "lineNumber": 641
                  },
                  {
                     "reference": "Method doPost",
                     "match": "java.text.SimpleDateFormat.format(*)",
                     "lineNumber": 642
                  },
                  {
                     "reference": "Method doPost",
                     "match": "java.text.SimpleDateFormat.format(*)",
                     "lineNumber": 652
                  },
                  {
                     "reference": "Method doPost",
                     "match": "java.text.SimpleDateFormat.format(*)",
                     "lineNumber": 653
                  },
                  {
                     "reference": "Method doPost",
                     "match": "java.text.SimpleDateFormat.format(*)",
                     "lineNumber": 654
                  },
                  {
                     "reference": "Method doPost",
                     "match": "java.text.SimpleDateFormat.format(*)",
                     "lineNumber": 655
                  },
                  {
                     "reference": "Method doPost",
                     "match": "java.text.SimpleDateFormat.format(*)",
                     "lineNumber": 683
                  }
               ]
            },
            {
               "fileName": "EzyColor_war.ear/EzyColor.war/WEB-INF/classes/SyncUserMaster.class",
               "details": [
                  {
                     "reference": "Method doPost",
                     "match": "java.text.SimpleDateFormat.format(*)",
                     "lineNumber": 552
                  },
                  {
                     "reference": "Method doPost",
                     "match": "java.text.SimpleDateFormat.format(*)",
                     "lineNumber": 553
                  },
                  {
                     "reference": "Method doPost",
                     "match": "java.text.SimpleDateFormat.format(*)",
                     "lineNumber": 560
                  },
                  {
                     "reference": "Method doPost",
                     "match": "java.text.SimpleDateFormat.format(*)",
                     "lineNumber": 561
                  }
               ]
            },
            {
               "fileName": "EzyColor_war.ear/EzyColor.war/WEB-INF/classes/SyncUserMasterNew.class",
               "details": [
                  {
                     "reference": "Method doPost",
                     "match": "java.text.SimpleDateFormat.format(*)",
                     "lineNumber": 531
                  },
                  {
                     "reference": "Method doPost",
                     "match": "java.text.SimpleDateFormat.format(*)",
                     "lineNumber": 531
                  },
                  {
                     "reference": "Method doPost",
                     "match": "java.text.SimpleDateFormat.format(*)",
                     "lineNumber": 538
                  },
                  {
                     "reference": "Method doPost",
                     "match": "java.text.SimpleDateFormat.format(*)",
                     "lineNumber": 538
                  },
                  {
                     "reference": "Method doPost",
                     "match": "java.text.SimpleDateFormat.format(*)",
                     "lineNumber": 538
                  }
               ]
            },
            {
               "fileName": "EzyColor_war.ear/EzyColor.war/WEB-INF/lib/sapidoc3.jar/com/sap/conn/idoc/rt/ErrorTrace.class",
               "details": [
                  {
                     "reference": "Method trace",
                     "match": "java.text.DateFormat.format(*)",
                     "lineNumber": 147
                  }
               ]
            },
            {
               "fileName": "EzyColor_war.ear/EzyColor.war/WEB-INF/lib/sapidoc3.jar/com/sap/conn/idoc/rt/util/SyncDateFormat.class",
               "details": [
                  {
                     "reference": "Method format",
                     "match": "java.text.SimpleDateFormat.format(*)",
                     "lineNumber": 50
                  }
               ]
            },
            {
               "fileName": "EzyColor_war.ear/EzyColor.war/WEB-INF/lib/sapjco3.jar/com/sap/conn/jco/rt/JCoRuntime.class",
               "details": [
                  {
                     "reference": "Method setPropertyValue",
                     "match": "java.text.DateFormat.format(*)",
                     "lineNumber": 851
                  }
               ]
            },
            {
               "fileName": "EzyColor_war.ear/EzyColor.war/WEB-INF/lib/sapjco3.jar/com/sap/conn/jco/rt/MiddlewareJavaRfc.class",
               "details": [
                  {
                     "reference": "Method setProperty",
                     "match": "java.text.DateFormat.format(*)",
                     "lineNumber": 440
                  }
               ]
            },
            {
               "fileName": "EzyColor_war.ear/EzyColor.war/WEB-INF/lib/sapjco3.jar/com/sap/conn/jco/util/ErrorTrace.class",
               "details": [
                  {
                     "reference": "Method trace",
                     "match": "java.text.DateFormat.format(*)",
                     "lineNumber": 146
                  }
               ]
            },
            {
               "fileName": "EzyColor_war.ear/EzyColor.war/WEB-INF/lib/sapjco3.jar/com/sap/conn/jco/util/SyncDateFormat.class",
               "details": [
                  {
                     "reference": "Method format",
                     "match": "java.text.SimpleDateFormat.format(*)",
                     "lineNumber": 47
                  }
               ]
            },
            {
               "fileName": "EzyColor_war.ear/EzyColor.war/WEB-INF/lib/sapjco3.jar/com/sap/tc/logging/LogRecord.class",
               "details": [
                  {
                     "reference": "Method formatTime",
                     "match": "java.text.DateFormat.format(*)",
                     "lineNumber": 1242
                  }
               ]
            },
            {
               "fileName": "EzyColor_war.ear/EzyColor.war/WEB-INF/lib/sapjco3.jar/com/sap/tc/logging/tools/lv/LVFormatter.class",
               "details": [
                  {
                     "reference": "Method format",
                     "match": "java.text.SimpleDateFormat.format(*)",
                     "lineNumber": 53
                  },
                  {
                     "reference": "Method format",
                     "match": "java.text.SimpleDateFormat.format(*)",
                     "lineNumber": 57
                  }
               ]
            }
         ]
      },
      {
         "ruleName": "CDI scans for implicit beans when there is no beans.xml file",
         "ruleId": "MissingBeansFile",
         "severity": "Warning",
         "category": "Java EE 7 / CDI",
         "results": [
            {
               "fileName": "EzyColor_war.ear/EzyColor.war",
               "details": [
                  {
                     "reference": null,
                     "match": ".*(\\.war|\\.jar)",
                     "lineNumber": 0
                  }
               ]
            },
            {
               "fileName": "EzyColor_war.ear/EzyColor.war/WEB-INF/lib/apache-mime4j.jar",
               "details": [
                  {
                     "reference": null,
                     "match": ".*(\\.war|\\.jar)",
                     "lineNumber": 0
                  }
               ]
            },
            {
               "fileName": "EzyColor_war.ear/EzyColor.war/WEB-INF/lib/j2ee.jar",
               "details": [
                  {
                     "reference": null,
                     "match": ".*(\\.war|\\.jar)",
                     "lineNumber": 0
                  }
               ]
            },
            {
               "fileName": "EzyColor_war.ear/EzyColor.war/WEB-INF/lib/mail-impl.jar",
               "details": [
                  {
                     "reference": null,
                     "match": ".*(\\.war|\\.jar)",
                     "lineNumber": 0
                  }
               ]
            },
            {
               "fileName": "EzyColor_war.ear/EzyColor.war/WEB-INF/lib/org.json.jar",
               "details": [
                  {
                     "reference": null,
                     "match": ".*(\\.war|\\.jar)",
                     "lineNumber": 0
                  }
               ]
            },
            {
               "fileName": "EzyColor_war.ear/EzyColor.war/WEB-INF/lib/poi-3.13-20150929.jar",
               "details": [
                  {
                     "reference": null,
                     "match": ".*(\\.war|\\.jar)",
                     "lineNumber": 0
                  }
               ]
            },
            {
               "fileName": "EzyColor_war.ear/EzyColor.war/WEB-INF/lib/poi-ooxml-3.13-20150929.jar",
               "details": [
                  {
                     "reference": null,
                     "match": ".*(\\.war|\\.jar)",
                     "lineNumber": 0
                  }
               ]
            },
            {
               "fileName": "EzyColor_war.ear/EzyColor.war/WEB-INF/lib/poi-ooxml-schemas-3.13-20150929.jar",
               "details": [
                  {
                     "reference": null,
                     "match": ".*(\\.war|\\.jar)",
                     "lineNumber": 0
                  }
               ]
            },
            {
               "fileName": "EzyColor_war.ear/EzyColor.war/WEB-INF/lib/sapidoc3.jar",
               "details": [
                  {
                     "reference": null,
                     "match": ".*(\\.war|\\.jar)",
                     "lineNumber": 0
                  }
               ]
            },
            {
               "fileName": "EzyColor_war.ear/EzyColor.war/WEB-INF/lib/sapjco3.jar",
               "details": [
                  {
                     "reference": null,
                     "match": ".*(\\.war|\\.jar)",
                     "lineNumber": 0
                  }
               ]
            },
            {
               "fileName": "EzyColor_war.ear/EzyColor.war/WEB-INF/lib/servlet-api.jar",
               "details": [
                  {
                     "reference": null,
                     "match": ".*(\\.war|\\.jar)",
                     "lineNumber": 0
                  }
               ]
            },
            {
               "fileName": "EzyColor_war.ear/EzyColor.war/WEB-INF/lib/xmlbeans-2.6.0.jar",
               "details": [
                  {
                     "reference": null,
                     "match": ".*(\\.war|\\.jar)",
                     "lineNumber": 0
                  }
               ]
            }
         ]
      },
      {
         "ruleName": "Check for compatibility when using system modules",
         "ruleId": "SystemLoadLibrary",
         "severity": "Warning",
         "category": "All application servers",
         "results": [
            {
               "fileName": "EzyColor_war.ear/EzyColor.war/WEB-INF/lib/sapjco3.jar/com/sap/conn/jco/rt/DefaultJCoRuntime.class",
               "details": [
                  {
                     "reference": "Method loadLibrary",
                     "match": "java.lang.System.loadLibrary(*)",
                     "lineNumber": 425
                  }
               ]
            },
            {
               "fileName": "EzyColor_war.ear/EzyColor.war/WEB-INF/lib/sapjco3.jar/com/sap/i18n/cp/ConverterJNI.class",
               "details": [
                  {
                     "reference": "Method loadLibrary",
                     "match": "java.lang.System.loadLibrary(*)",
                     "lineNumber": 554
                  }
               ]
            }
         ]
      },
      {
         "ruleName": "Databases",
         "ruleId": "DatabasesSQLRule",
         "severity": "Warning",
         "category": "Technology connectivity considerations for IBM Cloud",
         "results": [
            {
               "fileName": "EzyColor_war.ear/EzyColor.war/WEB-INF/classes/HeartBeat.class",
               "details": [
                  {
                     "reference": "Method doPost",
                     "match": "java.sql",
                     "lineNumber": 230
                  }
               ]
            }
         ]
      },
      {
         "ruleName": "Do not start unmanaged threads within the web or EJB container",
         "ruleId": "CreateThreadMethodsInWebOrEjbProject",
         "severity": "Warning",
         "category": "All application servers",
         "results": [
            {
               "fileName": "EzyColor_war.ear/EzyColor.war/WEB-INF/lib/sapjco3.jar/com/sap/conn/jco/rt/AutoJobRunner.class",
               "details": [
                  {
                     "reference": "Method initialize",
                     "match": "java.lang.Thread.start(*)",
                     "lineNumber": 23
                  }
               ]
            },
            {
               "fileName": "EzyColor_war.ear/EzyColor.war/WEB-INF/lib/sapjco3.jar/com/sap/conn/jco/rt/DefaultServerManager$DefaultRunnableStarter.class",
               "details": [
                  {
                     "reference": "Method start",
                     "match": "java.lang.Thread.start(*)",
                     "lineNumber": 338
                  }
               ]
            },
            {
               "fileName": "EzyColor_war.ear/EzyColor.war/WEB-INF/lib/sapjco3.jar/com/sap/conn/jco/rt/DefaultServerManager.class",
               "details": [
                  {
                     "reference": "Method addServer",
                     "match": "java.lang.Thread.start(*)",
                     "lineNumber": 140
                  }
               ]
            }
         ]
      },
      {
         "ruleName": "Java EE security",
         "ruleId": "ApplicationSecurityRule",
         "severity": "Warning",
         "category": "Technology connectivity considerations for IBM Cloud",
         "results": [
            {
               "fileName": "EzyColor_war.ear/EzyColor.war/WEB-INF/classes/DownloadLogs.class",
               "details": [
                  {
                     "reference": "Method doGet",
                     "match": "javax.servlet.http.HttpServletRequest.getRemoteUser(*)",
                     "lineNumber": 94
                  }
               ]
            }
         ]
      },
      {
         "ruleName": "JavaMail server",
         "ruleId": "MailServerRule",
         "severity": "Warning",
         "category": "Technology connectivity considerations for IBM Cloud",
         "results": [
            {
               "fileName": "EzyColor_war.ear/EzyColor.war/WEB-INF/classes/Services/LogToDB$1.class",
               "details": [
                  {
                     "reference": "Constructor",
                     "match": "javax.mail",
                     "lineNumber": 246
                  }
               ]
            }
         ]
      },
      {
         "ruleName": "The Apache HTTP client API was removed",
         "ruleId": "ApacheHTTPRule",
         "severity": "Severe",
         "category": "WebSphere version migration / V8.0, V8.5 and V9.0 migration",
         "results": [
            {
               "fileName": "EzyColor_war.ear/EzyColor.war/WEB-INF/classes/Services/LogToDB.class",
               "details": [
                  {
                     "reference": "Method sendAlertSMS",
                     "match": "org.apache.http",
                     "lineNumber": 465
                  },
                  {
                     "reference": "Method sendAlertSMS",
                     "match": "org.apache.http",
                     "lineNumber": 469
                  },
                  {
                     "reference": "Method sendAlertSMS",
                     "match": "org.apache.http",
                     "lineNumber": 471
                  },
                  {
                     "reference": "Method sendAlertSMS",
                     "match": "org.apache.http",
                     "lineNumber": 524
                  },
                  {
                     "reference": "Method sendAlertSMS",
                     "match": "org.apache.http.client",
                     "lineNumber": 465
                  },
                  {
                     "reference": "Method sendAlertSMS",
                     "match": "org.apache.http.client",
                     "lineNumber": 524
                  },
                  {
                     "reference": "Method sendAlertSMS",
                     "match": "org.apache.http.client.methods",
                     "lineNumber": 464
                  },
                  {
                     "reference": "Method sendAlertSMS",
                     "match": "org.apache.http.client.methods",
                     "lineNumber": 465
                  },
                  {
                     "reference": "Method sendAlertSMS",
                     "match": "org.apache.http.client.methods",
                     "lineNumber": 524
                  },
                  {
                     "reference": "Method sendAlertSMS",
                     "match": "org.apache.http.impl.client",
                     "lineNumber": 461
                  }
               ]
            }
         ]
      },
      {
         "ruleName": "Validate the URL host and port for cloud access",
         "ruleId": "URLRuleDockerCloud",
         "severity": "Warning",
         "category": "Connectivity considerations for IBM Cloud (Docker and WebSphere in IBM Cloud)",
         "results": [
            {
               "fileName": "EzyColor_war.ear/EzyColor.war/WEB-INF/lib/poi-ooxml-schemas-3.13-20150929.jar/schemasMicrosoftComVml/impl/CTFillImpl.class",
               "details": [
                  {
                     "reference": "Static initializer",
                     "match": "http://schemas.openxmlformats.org/officeDocument/2006/relationships",
                     "lineNumber": 0
                  }
               ]
            },
            {
               "fileName": "EzyColor_war.ear/EzyColor.war/WEB-INF/lib/poi-ooxml-schemas-3.13-20150929.jar/schemasMicrosoftComVml/impl/CTStrokeImpl.class",
               "details": [
                  {
                     "reference": "Static initializer",
                     "match": "http://schemas.openxmlformats.org/officeDocument/2006/relationships",
                     "lineNumber": 0
                  }
               ]
            },
            {
               "fileName": "EzyColor_war.ear/EzyColor.war/WEB-INF/lib/poi-ooxml-schemas-3.13-20150929.jar/schemasMicrosoftComVml/impl/CTTextboxImpl.class",
               "details": [
                  {
                     "reference": "Static initializer",
                     "match": "http://schemas.openxmlformats.org/wordprocessingml/2006/main",
                     "lineNumber": 0
                  }
               ]
            },
            {
               "fileName": "EzyColor_war.ear/EzyColor.war/WEB-INF/lib/sapjco3.jar/com/sap/conn/jco/rt/BasXMLWriter.class",
               "details": [
                  {
                     "reference": "Static initializer",
                     "match": "http://www.sap.com/abapxml",
                     "lineNumber": 53
                  },
                  {
                     "reference": "Static initializer",
                     "match": "http://www.sap.com/abapxml/hint",
                     "lineNumber": 54
                  }
               ]
            }
         ]
      }
   ]
}