{
   "report": "analysis",
   "version": "1.2",
   "productVersion": "9.0",
   "productRelease": "19.0.0.2-TA1",
   "options": [
      "--sourceAppServer=was855",
      "--sourceJava=ibm7",
      "--sourceJavaEE=ee6",
      "--targetAppServer=was90",
      "--targetJava=ibm8",
      "--targetJavaEE=ee7",
      "--targetCloud=vmIBMCloud",
      "--excludePackages=com.ibm,com.informix,com.microsoft,com.sybase,com.sun,java,javax,net,oracle,org,sqlj,_ibmjsp"
   ],
   "totalRulesFlagged": 6,
   "filesAffected": 26,
   "totalResults": 86,
   "severitySummary": [
      {
         "severity": "Warning",
         "totalRulesFlagged": 5,
         "totalResults": 53
      },
      {
         "severity": "Information",
         "totalRulesFlagged": 1,
         "totalResults": 33
      }
   ],
   "applications": [
      "/opt/IBM/WebSphere/AppServer/profiles/Dmgr01/config/cells/apwasdevCell01/applications/FileUploadDownload_war.ear/FileUploadDownload_war.ear"
   ],
   "rules": [
      {
         "ruleName": "Behavior change in java.lang.String and java.util.regex.Pattern split methods",
         "ruleId": "StringSplit",
         "severity": "Warning",
         "category": "Java SE version migration / Java SE 8 compatibility impacts",
         "results": [
            {
               "fileName": "FileUploadDownload_war.ear/FileUploadDownload.war/WEB-INF/classes/DAMService/CustomDamServices.class",
               "details": [
                  {
                     "reference": "Method getFolderIdByPath",
                     "match": "java.lang.String.split(*)",
                     "lineNumber": 59
                  }
               ]
            },
            {
               "fileName": "FileUploadDownload_war.ear/FileUploadDownload.war/WEB-INF/classes/DAMService/FolderServices.class",
               "details": [
                  {
                     "reference": "Method getFolderIdByPath_old",
                     "match": "java.lang.String.split(*)",
                     "lineNumber": 80
                  }
               ]
            },
            {
               "fileName": "FileUploadDownload_war.ear/FileUploadDownload.war/WEB-INF/classes/DAMService/Upload_File_To_DAM_Service.class",
               "details": [
                  {
                     "reference": "Method upload_DAM",
                     "match": "java.lang.String.split(*)",
                     "lineNumber": 153
                  }
               ]
            },
            {
               "fileName": "FileUploadDownload_war.ear/FileUploadDownload.war/WEB-INF/classes/DownloadFile.class",
               "details": [
                  {
                     "reference": "Method doGet",
                     "match": "java.lang.String.split(*)",
                     "lineNumber": 77
                  }
               ]
            },
            {
               "fileName": "FileUploadDownload_war.ear/FileUploadDownload.war/WEB-INF/classes/UploadFile.class",
               "details": [
                  {
                     "reference": "Method doPost",
                     "match": "java.lang.String.split(*)",
                     "lineNumber": 133
                  }
               ]
            }
         ]
      },
      {
         "ruleName": "Behavior change in month name formatting for some languages",
         "ruleId": "MonthFormattingNames",
         "severity": "Information",
         "category": "Java SE version migration / Java SE 8 compatibility impacts",
         "results": [
            {
               "fileName": "FileUploadDownload_war.ear/FileUploadDownload.war/WEB-INF/classes/CSPUploadJob.class",
               "details": [
                  {
                     "reference": "Method run",
                     "match": "java.text.SimpleDateFormat.format(*)",
                     "lineNumber": 39
                  },
                  {
                     "reference": "Method run",
                     "match": "java.text.SimpleDateFormat.format(*)",
                     "lineNumber": 41
                  },
                  {
                     "reference": "Method run",
                     "match": "java.text.SimpleDateFormat.format(*)",
                     "lineNumber": 88
                  },
                  {
                     "reference": "Method run",
                     "match": "java.text.SimpleDateFormat.format(*)",
                     "lineNumber": 90
                  }
               ]
            },
            {
               "fileName": "FileUploadDownload_war.ear/FileUploadDownload.war/WEB-INF/classes/DAMService/LogToDB.class",
               "details": [
                  {
                     "reference": "Method logToFile",
                     "match": "java.text.SimpleDateFormat.format(*)",
                     "lineNumber": 80
                  },
                  {
                     "reference": "Method logToFile",
                     "match": "java.text.SimpleDateFormat.format(*)",
                     "lineNumber": 84
                  },
                  {
                     "reference": "Method logToFile",
                     "match": "java.text.SimpleDateFormat.format(*)",
                     "lineNumber": 86
                  }
               ]
            },
            {
               "fileName": "FileUploadDownload_war.ear/FileUploadDownload.war/WEB-INF/classes/DAMService/UploadDAM.class",
               "details": [
                  {
                     "reference": "Method uplodPDF",
                     "match": "java.text.SimpleDateFormat.format(*)",
                     "lineNumber": 70
                  },
                  {
                     "reference": "Method uplodPDF",
                     "match": "java.text.SimpleDateFormat.format(*)",
                     "lineNumber": 75
                  }
               ]
            },
            {
               "fileName": "FileUploadDownload_war.ear/FileUploadDownload.war/WEB-INF/classes/DVRUploadJob.class",
               "details": [
                  {
                     "reference": "Method run",
                     "match": "java.text.SimpleDateFormat.format(*)",
                     "lineNumber": 35
                  },
                  {
                     "reference": "Method run",
                     "match": "java.text.SimpleDateFormat.format(*)",
                     "lineNumber": 37
                  },
                  {
                     "reference": "Method run",
                     "match": "java.text.SimpleDateFormat.format(*)",
                     "lineNumber": 117
                  },
                  {
                     "reference": "Method run",
                     "match": "java.text.SimpleDateFormat.format(*)",
                     "lineNumber": 184
                  },
                  {
                     "reference": "Method run",
                     "match": "java.text.SimpleDateFormat.format(*)",
                     "lineNumber": 221
                  }
               ]
            },
            {
               "fileName": "FileUploadDownload_war.ear/FileUploadDownload.war/WEB-INF/classes/DoorVisualizerUploadJob.class",
               "details": [
                  {
                     "reference": "Method run",
                     "match": "java.text.SimpleDateFormat.format(*)",
                     "lineNumber": 36
                  },
                  {
                     "reference": "Method run",
                     "match": "java.text.SimpleDateFormat.format(*)",
                     "lineNumber": 38
                  },
                  {
                     "reference": "Method run",
                     "match": "java.text.SimpleDateFormat.format(*)",
                     "lineNumber": 115
                  }
               ]
            },
            {
               "fileName": "FileUploadDownload_war.ear/FileUploadDownload.war/WEB-INF/classes/DownloadFile.class",
               "details": [
                  {
                     "reference": "Method doGet",
                     "match": "java.text.SimpleDateFormat.format(*)",
                     "lineNumber": 140
                  }
               ]
            },
            {
               "fileName": "FileUploadDownload_war.ear/FileUploadDownload.war/WEB-INF/classes/UploadFile.class",
               "details": [
                  {
                     "reference": "Method doPost",
                     "match": "java.text.SimpleDateFormat.format(*)",
                     "lineNumber": 441
                  },
                  {
                     "reference": "Method doPost",
                     "match": "java.text.SimpleDateFormat.format(*)",
                     "lineNumber": 443
                  },
                  {
                     "reference": "Method doPost",
                     "match": "java.text.SimpleDateFormat.format(*)",
                     "lineNumber": 490
                  },
                  {
                     "reference": "Method doPost",
                     "match": "java.text.SimpleDateFormat.format(*)",
                     "lineNumber": 565
                  },
                  {
                     "reference": "Method doPost",
                     "match": "java.text.SimpleDateFormat.format(*)",
                     "lineNumber": 614
                  },
                  {
                     "reference": "Method doPost",
                     "match": "java.text.SimpleDateFormat.format(*)",
                     "lineNumber": 637
                  }
               ]
            },
            {
               "fileName": "FileUploadDownload_war.ear/FileUploadDownload.war/WEB-INF/classes/UploadToRazuna.class",
               "details": [
                  {
                     "reference": "Method run",
                     "match": "java.text.SimpleDateFormat.format(*)",
                     "lineNumber": 49
                  },
                  {
                     "reference": "Method run",
                     "match": "java.text.SimpleDateFormat.format(*)",
                     "lineNumber": 51
                  },
                  {
                     "reference": "Method run",
                     "match": "java.text.SimpleDateFormat.format(*)",
                     "lineNumber": 137
                  },
                  {
                     "reference": "Method run",
                     "match": "java.text.SimpleDateFormat.format(*)",
                     "lineNumber": 195
                  },
                  {
                     "reference": "Method run",
                     "match": "java.text.SimpleDateFormat.format(*)",
                     "lineNumber": 233
                  },
                  {
                     "reference": "Method run",
                     "match": "java.text.SimpleDateFormat.format(*)",
                     "lineNumber": 235
                  },
                  {
                     "reference": "Method run",
                     "match": "java.text.SimpleDateFormat.format(*)",
                     "lineNumber": 321
                  },
                  {
                     "reference": "Method run",
                     "match": "java.text.SimpleDateFormat.format(*)",
                     "lineNumber": 385
                  }
               ]
            },
            {
               "fileName": "FileUploadDownload_war.ear/FileUploadDownload.war/WEB-INF/classes/razuna/search/FolderCreation.class",
               "details": [
                  {
                     "reference": "Method main",
                     "match": "java.text.SimpleDateFormat.format(*)",
                     "lineNumber": 34
                  }
               ]
            }
         ]
      },
      {
         "ruleName": "CDI scans for implicit beans when there is no beans.xml file",
         "ruleId": "MissingBeansFile",
         "severity": "Warning",
         "category": "Java EE 7 / CDI",
         "results": [
            {
               "fileName": "FileUploadDownload_war.ear/FileUploadDownload.war",
               "details": [
                  {
                     "reference": null,
                     "match": ".*(\\.war|\\.jar)",
                     "lineNumber": 0
                  }
               ]
            },
            {
               "fileName": "FileUploadDownload_war.ear/FileUploadDownload.war/WEB-INF/lib/httpclient-4.3.3.jar",
               "details": [
                  {
                     "reference": null,
                     "match": ".*(\\.war|\\.jar)",
                     "lineNumber": 0
                  }
               ]
            },
            {
               "fileName": "FileUploadDownload_war.ear/FileUploadDownload.war/WEB-INF/lib/httpcore-4.3.2.jar",
               "details": [
                  {
                     "reference": null,
                     "match": ".*(\\.war|\\.jar)",
                     "lineNumber": 0
                  }
               ]
            },
            {
               "fileName": "FileUploadDownload_war.ear/FileUploadDownload.war/WEB-INF/lib/httpmime-4.3.4.jar",
               "details": [
                  {
                     "reference": null,
                     "match": ".*(\\.war|\\.jar)",
                     "lineNumber": 0
                  }
               ]
            },
            {
               "fileName": "FileUploadDownload_war.ear/FileUploadDownload.war/WEB-INF/lib/ojdbc6.jar",
               "details": [
                  {
                     "reference": null,
                     "match": ".*(\\.war|\\.jar)",
                     "lineNumber": 0
                  }
               ]
            },
            {
               "fileName": "FileUploadDownload_war.ear/FileUploadDownload.war/WEB-INF/lib/org.json.jar",
               "details": [
                  {
                     "reference": null,
                     "match": ".*(\\.war|\\.jar)",
                     "lineNumber": 0
                  }
               ]
            }
         ]
      },
      {
         "ruleName": "Databases",
         "ruleId": "DatabasesSQLRule",
         "severity": "Warning",
         "category": "Technology connectivity considerations for IBM Cloud",
         "results": [
            {
               "fileName": "FileUploadDownload_war.ear/FileUploadDownload.war/WEB-INF/classes/DAMService/LogToDB.class",
               "details": [
                  {
                     "reference": "Constructor",
                     "match": "java.sql",
                     "lineNumber": 18
                  }
               ]
            }
         ]
      },
      {
         "ruleName": "Do not start unmanaged threads within the web or EJB container",
         "ruleId": "CreateThreadMethodsInWebOrEjbProject",
         "severity": "Warning",
         "category": "All application servers",
         "results": [
            {
               "fileName": "FileUploadDownload_war.ear/FileUploadDownload.war/WEB-INF/classes/ScheduleCSPUpload.class",
               "details": [
                  {
                     "reference": "Method doPost",
                     "match": "CSPUploadJob.run(*)",
                     "lineNumber": 41
                  }
               ]
            },
            {
               "fileName": "FileUploadDownload_war.ear/FileUploadDownload.war/WEB-INF/classes/ScheduleDoorVSUpload.class",
               "details": [
                  {
                     "reference": "Method doPost",
                     "match": "DoorVisualizerUploadJob.run(*)",
                     "lineNumber": 34
                  }
               ]
            },
            {
               "fileName": "FileUploadDownload_war.ear/FileUploadDownload.war/WEB-INF/classes/ScheduleFileUpload.class",
               "details": [
                  {
                     "reference": "Method doPost",
                     "match": "DVRUploadJob.run(*)",
                     "lineNumber": 37
                  }
               ]
            },
            {
               "fileName": "FileUploadDownload_war.ear/FileUploadDownload.war/WEB-INF/classes/UploadToRazuna.class",
               "details": [
                  {
                     "reference": "Method upload",
                     "match": "UploadToRazuna.run(*)",
                     "lineNumber": 422
                  }
               ]
            }
         ]
      },
      {
         "ruleName": "Validate the URL host and port for cloud access",
         "ruleId": "URLRuleDockerCloud",
         "severity": "Warning",
         "category": "Connectivity considerations for IBM Cloud (Docker and WebSphere in IBM Cloud)",
         "results": [
            {
               "fileName": "FileUploadDownload_war.ear/FileUploadDownload.war/WEB-INF/classes/CSPUploadJob.class",
               "details": [
                  {
                     "reference": "Method run",
                     "match": "http://digital.razuna.org/index.cfm",
                     "lineNumber": 36
                  },
                  {
                     "reference": "Method run",
                     "match": "http://digital.razuna.org/index.cfm",
                     "lineNumber": 80
                  }
               ]
            },
            {
               "fileName": "FileUploadDownload_war.ear/FileUploadDownload.war/WEB-INF/classes/DAMService/AssetServices.class",
               "details": [
                  {
                     "reference": "Method main",
                     "match": "http://digital.razuna.org\t",
                     "lineNumber": 21
                  }
               ]
            },
            {
               "fileName": "FileUploadDownload_war.ear/FileUploadDownload.war/WEB-INF/classes/DAMService/CustomDamServices.class",
               "details": [
                  {
                     "reference": "Field LINK",
                     "match": "http://digital.razuna.org",
                     "lineNumber": 0
                  }
               ]
            },
            {
               "fileName": "FileUploadDownload_war.ear/FileUploadDownload.war/WEB-INF/classes/DAMService/UploadToDAM.class",
               "details": [
                  {
                     "reference": "Constructor",
                     "match": "http://digital.razuna.org",
                     "lineNumber": 7
                  },
                  {
                     "reference": "Field LINK",
                     "match": "http://digital.razuna.org",
                     "lineNumber": 0
                  }
               ]
            },
            {
               "fileName": "FileUploadDownload_war.ear/FileUploadDownload.war/WEB-INF/classes/DAMService/Upload_File_To_DAM_Service.class",
               "details": [
                  {
                     "reference": "Constructor",
                     "match": "http://digital.razuna.org",
                     "lineNumber": 31
                  },
                  {
                     "reference": "Field LINK",
                     "match": "http://digital.razuna.org",
                     "lineNumber": 0
                  },
                  {
                     "reference": "Method upload_DAM",
                     "match": "http://digital.razuna.org",
                     "lineNumber": 108
                  },
                  {
                     "reference": "Method upload_DAM",
                     "match": "http://digital.razuna.org",
                     "lineNumber": 109
                  },
                  {
                     "reference": "Method upload_DAM",
                     "match": "http://digital.razuna.org",
                     "lineNumber": 123
                  },
                  {
                     "reference": "Method upload_DAM",
                     "match": "http://digital.razuna.org",
                     "lineNumber": 134
                  },
                  {
                     "reference": "Method upload_DAM",
                     "match": "http://digital.razuna.org",
                     "lineNumber": 145
                  },
                  {
                     "reference": "Method upload_DAM",
                     "match": "http://digital.razuna.org",
                     "lineNumber": 168
                  },
                  {
                     "reference": "Method upload_DAM",
                     "match": "http://digital.razuna.org",
                     "lineNumber": 170
                  },
                  {
                     "reference": "Method upload_DAM",
                     "match": "http://digital.razuna.org",
                     "lineNumber": 181
                  },
                  {
                     "reference": "Method upload_DAM",
                     "match": "http://digital.razuna.org",
                     "lineNumber": 191
                  },
                  {
                     "reference": "Method upload_DAM",
                     "match": "http://digital.razuna.org",
                     "lineNumber": 200
                  },
                  {
                     "reference": "Method upload_DAM",
                     "match": "http://digital.razuna.org",
                     "lineNumber": 269
                  },
                  {
                     "reference": "Method upload_DAM",
                     "match": "http://digital.razuna.org/index.cfm",
                     "lineNumber": 232
                  }
               ]
            },
            {
               "fileName": "FileUploadDownload_war.ear/FileUploadDownload.war/WEB-INF/classes/DVRUploadJob.class",
               "details": [
                  {
                     "reference": "Method run",
                     "match": "http://digital.razuna.org/index.cfm",
                     "lineNumber": 32
                  },
                  {
                     "reference": "Method run",
                     "match": "http://digital.razuna.org/index.cfm",
                     "lineNumber": 136
                  }
               ]
            },
            {
               "fileName": "FileUploadDownload_war.ear/FileUploadDownload.war/WEB-INF/classes/DoorVisualizerUploadJob.class",
               "details": [
                  {
                     "reference": "Method run",
                     "match": "http://digital.razuna.org/index.cfm",
                     "lineNumber": 33
                  },
                  {
                     "reference": "Method run",
                     "match": "http://digital.razuna.org/index.cfm",
                     "lineNumber": 134
                  }
               ]
            },
            {
               "fileName": "FileUploadDownload_war.ear/FileUploadDownload.war/WEB-INF/classes/DownloadFile.class",
               "details": [
                  {
                     "reference": "Method download",
                     "match": "http://digital.razuna.org/assets/1/B1F8E9FC5DD1451C96456721DDCAC1EC/img/436B5DB2C3984454B731D4692A432C3C/home3.jpg",
                     "lineNumber": 287
                  }
               ]
            },
            {
               "fileName": "FileUploadDownload_war.ear/FileUploadDownload.war/WEB-INF/classes/UploadFile.class",
               "details": [
                  {
                     "reference": "Method uploadToAEM",
                     "match": "https://uat.asianpaints.com/bin/contentstorage",
                     "lineNumber": 993
                  }
               ]
            },
            {
               "fileName": "FileUploadDownload_war.ear/FileUploadDownload.war/WEB-INF/classes/UploadToRazuna.class",
               "details": [
                  {
                     "reference": "Method run",
                     "match": "http://digital.razuna.org/index.cfm",
                     "lineNumber": 45
                  },
                  {
                     "reference": "Method run",
                     "match": "http://digital.razuna.org/index.cfm",
                     "lineNumber": 155
                  },
                  {
                     "reference": "Method run",
                     "match": "http://digital.razuna.org/index.cfm",
                     "lineNumber": 230
                  },
                  {
                     "reference": "Method run",
                     "match": "http://digital.razuna.org/index.cfm",
                     "lineNumber": 336
                  }
               ]
            },
            {
               "fileName": "FileUploadDownload_war.ear/FileUploadDownload.war/WEB-INF/classes/razuna/search/AssetUpload.class",
               "details": [
                  {
                     "reference": "Method getAssestInfo",
                     "match": "http://digital.razuna.org/global/api2/asset.cfc?method=getasset&api_key=",
                     "lineNumber": 162
                  },
                  {
                     "reference": "Method main",
                     "match": "http://digital.razuna.org//index.cfm",
                     "lineNumber": 46
                  }
               ]
            },
            {
               "fileName": "FileUploadDownload_war.ear/FileUploadDownload.war/WEB-INF/classes/razuna/search/FolderCreation.class",
               "details": [
                  {
                     "reference": "Method createFolder",
                     "match": "http://digital.razuna.org/global/api2/folder.cfc?method=setfolder&api_key=",
                     "lineNumber": 55
                  },
                  {
                     "reference": "Method createFolder",
                     "match": "http://digital.razuna.org/global/api2/folder.cfc?method=setfolder&api_key=",
                     "lineNumber": 61
                  }
               ]
            },
            {
               "fileName": "FileUploadDownload_war.ear/FileUploadDownload.war/WEB-INF/classes/razuna/search/FolderSearch.class",
               "details": [
                  {
                     "reference": "Method SearchRazuna",
                     "match": "http://digital.razuna.org/global/api2/folder.cfc?method=getfolders&api_key=",
                     "lineNumber": 35
                  },
                  {
                     "reference": "Method SearchRazuna",
                     "match": "http://digital.razuna.org/global/api2/folder.cfc?method=getfolders&api_key=",
                     "lineNumber": 45
                  }
               ]
            },
            {
               "fileName": "FileUploadDownload_war.ear/FileUploadDownload.war/WEB-INF/classes/razuna/webservicecall/WebService.class",
               "details": [
                  {
                     "reference": "Method main",
                     "match": "http://digital.razuna.org/global/api2/folder.cfc?method=getfolders&api_key=BEDAB24F80064841A967E8FBA260C37&folderid=8028E97AFE824A5AA7C03ACD2290D34D",
                     "lineNumber": 21
                  }
               ]
            }
         ]
      }
   ]
}