{
   "report": "inventory",
   "version": "2.4",
   "productVersion": "9.0",
   "productRelease": "19.0.0.2-TA1",
   "options": [
      "--excludePackages=com.ibm,com.informix,com.microsoft,com.sybase,com.sun,java,javax,net,oracle,org,sqlj,_ibmjsp"
   ],
   "applications": [
      "/opt/IBM/WebSphere/AppServer/profiles/Dmgr01/config/cells/apwasdevCell01/applications/FileUploadDownload_war.ear/FileUploadDownload_war.ear"
   ],
   "sharedLibraries": [
   ],
   "archives": {
      "ears": 1,
      "wars": 1,
      "rars": 0,
      "ejbs": 0,
      "webFragments": 0,
      "utilityJars": 5,
      "appClients": 0
   },
   "summary": {
      "servlets": 8,
      "jsps": 0,
      "jpaEntities": 0,
      "bmpEntityBeans": 0,
      "cmpEntityBeans": 0,
      "messageDrivenBeans": 0,
      "singletonSessionBeans": 0,
      "statefulSessionBeans": 0,
      "statelessSessionBeans": 0,
      "jaxrpcConsumers": 0,
      "jaxrpcProviders": 0,
      "jaxrsConsumers": 0,
      "jaxrsProviders": 0,
      "jaxwsConsumers": 0,
      "jaxwsProviders": 0
   },
   "archiveInventory": [
      {
         "archiveName": "/opt/IBM/WebSphere/AppServer/profiles/Dmgr01/config/cells/apwasdevCell01/applications/FileUploadDownload_war.ear/FileUploadDownload_war.ear",
         "moduleType": "Enterprise archive",
         "moduleVersion": "5",
         "metadataComplete": null,
         "moduleSize": 2886505,
         "archives": {
            "wars": 1,
            "rars": 0,
            "ejbs": 0,
            "utilityJars": 5,
            "appClients": 0
         },
         "summary": {
            "servlets": 8,
            "jsps": 0,
            "jpaEntities": 0,
            "bmpEntityBeans": 0,
            "cmpEntityBeans": 0,
            "messageDrivenBeans": 0,
            "singletonSessionBeans": 0,
            "statefulSessionBeans": 0,
            "statelessSessionBeans": 0,
            "jaxrpcConsumers": 0,
            "jaxrpcProviders": 0,
            "jaxrsConsumers": 0,
            "jaxrsProviders": 0,
            "jaxwsConsumers": 0,
            "jaxwsProviders": 0
         },
         "potentialDeploymentProblemsSummary": {
            "archivesContainingDuplicateClasses": 0,
            "archivesContainingJavaEEorSEClasses": 0,
            "archivesContainingConflictingOpenSourceSoftwareClasses": 3,
            "archivesContainingWebSphereClasses": 0,
            "archivesNotReferencedInTheApplication": 1,
            "archivesWithMissingDependenciesInTheApplication": 3,
            "classesWithSystemLevelJVMConfiguration": 0,
            "sharedLibrariesReferencingApplicationClasses": 0
         },
         "potentialDeploymentProblemsDetails": [
            {
               "duplicateClassesWithinClassLoader": [
               ]
            },
            {
               "duplicateClassesAcrossApplication": [
               ]
            },
            {
               "javaEEandSEClasses": [
               ]
            },
            {
               "duplicateWebSphereClasses": [
               ]
            },
            {
               "openSourceSoftwareClasses": [
                  {
                     "conflictingPackages": [
                        "org.apache.http",
                        "org.apache.http.annotation",
                        "org.apache.http.concurrent",
                        "org.apache.http.config",
                        "org.apache.http.entity",
                        "org.apache.http.impl",
                        "org.apache.http.impl.entity",
                        "org.apache.http.impl.io",
                        "org.apache.http.impl.pool",
                        "org.apache.http.io",
                        "org.apache.http.message",
                        "org.apache.http.params",
                        "org.apache.http.pool",
                        "org.apache.http.protocol",
                        "org.apache.http.util"
                     ],
                     "packageLocation": [
                        "FileUploadDownload.war/WEB-INF/lib/httpcore-4.3.2.jar"
                     ],
                     "appliesTo": [
                        "V8.5.5"
                     ]
                  },
                  {
                     "conflictingPackages": [
                        "org.apache.http.auth",
                        "org.apache.http.auth.params",
                        "org.apache.http.client",
                        "org.apache.http.client.config",
                        "org.apache.http.client.entity",
                        "org.apache.http.client.methods",
                        "org.apache.http.client.params",
                        "org.apache.http.client.protocol",
                        "org.apache.http.client.utils",
                        "org.apache.http.conn",
                        "org.apache.http.conn.params",
                        "org.apache.http.conn.routing",
                        "org.apache.http.conn.scheme",
                        "org.apache.http.conn.socket",
                        "org.apache.http.conn.ssl",
                        "org.apache.http.conn.util",
                        "org.apache.http.cookie",
                        "org.apache.http.cookie.params",
                        "org.apache.http.impl.auth",
                        "org.apache.http.impl.client",
                        "org.apache.http.impl.conn",
                        "org.apache.http.impl.conn.tsccm",
                        "org.apache.http.impl.cookie",
                        "org.apache.http.impl.execchain"
                     ],
                     "packageLocation": [
                        "FileUploadDownload.war/WEB-INF/lib/httpclient-4.3.3.jar"
                     ],
                     "appliesTo": [
                        "V8.5.5"
                     ]
                  },
                  {
                     "conflictingPackages": [
                        "org.apache.http.entity.mime",
                        "org.apache.http.entity.mime.content"
                     ],
                     "packageLocation": [
                        "FileUploadDownload.war/WEB-INF/lib/httpmime-4.3.4.jar"
                     ],
                     "appliesTo": [
                        "V8.5.5"
                     ]
                  }
               ]
            },
            {
               "archivesNotReferenced": [
                  {
                     "archive": "FileUploadDownload.war/WEB-INF/lib/ojdbc6.jar",
                     "referencedBy": ""
                  }
               ]
            },
            {
               "missingDependencies": [
                  {
                     "missingDependencies": [
                        "com.itextpdf.text.pdf",
                        "com.itextpdf.text.pdf.parser",
                        "com.sap.conn.idoc.rt.util",
                        "org.apache.commons.httpclient",
                        "org.apache.commons.httpclient.methods",
                        "org.apache.commons.httpclient.methods.multipart",
                        "org.apache.commons.httpclient.params",
                        "org.apache.commons.io.output",
                        "org.json.simple",
                        "org.json.simple.parser"
                     ],
                     "archive": [
                        "FileUploadDownload.war"
                     ]
                  },
                  {
                     "missingDependencies": [
                        "com.sun.security.auth.module",
                        "oracle.i18n.text",
                        "oracle.i18n.text.converter",
                        "oracle.ons",
                        "oracle.security.pki"
                     ],
                     "archive": [
                        "FileUploadDownload.war/WEB-INF/lib/ojdbc6.jar"
                     ]
                  },
                  {
                     "missingDependencies": [
                        "org.apache.commons.codec.binary",
                        "org.apache.commons.logging"
                     ],
                     "archive": [
                        "FileUploadDownload.war/WEB-INF/lib/httpclient-4.3.3.jar"
                     ]
                  },
                  {
                     "missingDependencies": [
                        "org.ietf.jgss"
                     ],
                     "archive": [
                        "FileUploadDownload.war/WEB-INF/lib/httpclient-4.3.3.jar",
                        "FileUploadDownload.war/WEB-INF/lib/ojdbc6.jar"
                     ]
                  }
               ]
            },
            {
               "classesWithSystemLevelJVMConfiguration": [
               ]
            },
            {
               "sharedLibraryDependencies": [
               ]
            }
         ],
         "performanceConsiderations": {
            "archivesThatAreCandidatesForMetadataCompleteTrueAttribute": [
            ],
            "webModulesWithExcessiveClassFiles": [
            ],
            "webModulesWithExcessiveStaticResources": [
            ]
         },
         "containedArchiveInventory": [
            {
               "archiveName": "/opt/IBM/WebSphere/AppServer/profiles/Dmgr01/config/cells/apwasdevCell01/applications/FileUploadDownload_war.ear/FileUploadDownload_war.ear/FileUploadDownload.war",
               "moduleType": "Web module",
               "moduleVersion": "2.5",
               "metadataComplete": "true",
               "archives": {
                  "ejbs": 0,
                  "webFragments": 0,
                  "utilityJars": 5
               },
               "summary": {
                  "servlets": 8,
                  "jsps": 0,
                  "jpaEntities": 0,
                  "bmpEntityBeans": 0,
                  "cmpEntityBeans": 0,
                  "messageDrivenBeans": 0,
                  "singletonSessionBeans": 0,
                  "statefulSessionBeans": 0,
                  "statelessSessionBeans": 0,
                  "jaxrpcConsumers": 0,
                  "jaxrpcProviders": 0,
                  "jaxrsConsumers": 0,
                  "jaxrsProviders": 0,
                  "jaxwsConsumers": 0,
                  "jaxwsProviders": 0
               },
               "containedArchiveInventory": [
                  {
                     "archiveName": "/opt/IBM/WebSphere/AppServer/profiles/Dmgr01/config/cells/apwasdevCell01/applications/FileUploadDownload_war.ear/FileUploadDownload_war.ear/FileUploadDownload.war/WEB-INF/lib/httpclient-4.3.3.jar",
                     "moduleType": "Utility JAR",
                     "containedPackages": [
                        "org.apache.http"
                     ]
                  },
                  {
                     "archiveName": "/opt/IBM/WebSphere/AppServer/profiles/Dmgr01/config/cells/apwasdevCell01/applications/FileUploadDownload_war.ear/FileUploadDownload_war.ear/FileUploadDownload.war/WEB-INF/lib/httpcore-4.3.2.jar",
                     "moduleType": "Utility JAR",
                     "containedPackages": [
                        "org.apache.http"
                     ]
                  },
                  {
                     "archiveName": "/opt/IBM/WebSphere/AppServer/profiles/Dmgr01/config/cells/apwasdevCell01/applications/FileUploadDownload_war.ear/FileUploadDownload_war.ear/FileUploadDownload.war/WEB-INF/lib/httpmime-4.3.4.jar",
                     "moduleType": "Utility JAR",
                     "containedPackages": [
                        "org.apache.http"
                     ]
                  },
                  {
                     "archiveName": "/opt/IBM/WebSphere/AppServer/profiles/Dmgr01/config/cells/apwasdevCell01/applications/FileUploadDownload_war.ear/FileUploadDownload_war.ear/FileUploadDownload.war/WEB-INF/lib/ojdbc6.jar",
                     "moduleType": "Utility JAR",
                     "containedPackages": [
                        "oracle.core.lmx",
                        "oracle.core.lvf",
                        "oracle.jdbc",
                        "oracle.jdbc.aq",
                        "oracle.jdbc.connector",
                        "oracle.jdbc.dcn",
                        "oracle.jdbc.driver",
                        "oracle.jdbc.internal",
                        "oracle.jdbc.oci",
                        "oracle.jdbc.oracore",
                        "oracle.jdbc.pool",
                        "oracle.jdbc.rowset",
                        "oracle.jdbc.util",
                        "oracle.jdbc.xa",
                        "oracle.jpub.runtime",
                        "oracle.net.ano",
                        "oracle.net.aso",
                        "oracle.net.jdbc",
                        "oracle.net.jndi",
                        "oracle.net.ns",
                        "oracle.net.nt",
                        "oracle.net.resolver",
                        "oracle.security.o3logon",
                        "oracle.security.o5logon",
                        "oracle.sql",
                        "oracle.sql.converter"
                     ]
                  },
                  {
                     "archiveName": "/opt/IBM/WebSphere/AppServer/profiles/Dmgr01/config/cells/apwasdevCell01/applications/FileUploadDownload_war.ear/FileUploadDownload_war.ear/FileUploadDownload.war/WEB-INF/lib/org.json.jar",
                     "moduleType": "Utility JAR",
                     "containedPackages": [
                        "org.json"
                     ]
                  }
               ]
            }
         ]
      }
   ],
   "sharedLibraryDetails": [
   ]
}