{
   "report": "analysis",
   "version": "1.2",
   "productVersion": "9.0",
   "productRelease": "19.0.0.2-TA1",
   "options": [
      "--sourceAppServer=was855",
      "--sourceJava=ibm7",
      "--sourceJavaEE=ee6",
      "--targetAppServer=was90",
      "--targetJava=ibm8",
      "--targetJavaEE=ee7",
      "--targetCloud=vmIBMCloud",
      "--excludePackages=com.ibm,com.informix,com.microsoft,com.sybase,com.sun,java,javax,net,oracle,org,sqlj,_ibmjsp"
   ],
   "totalRulesFlagged": 6,
   "filesAffected": 22,
   "totalResults": 48,
   "severitySummary": [
      {
         "severity": "Warning",
         "totalRulesFlagged": 5,
         "totalResults": 38
      },
      {
         "severity": "Information",
         "totalRulesFlagged": 1,
         "totalResults": 10
      }
   ],
   "applications": [
      "/opt/IBM/WebSphere/AppServer/profiles/Dmgr01/config/cells/apwasdevCell01/applications/Generic_Visualizer_war.ear/Generic_Visualizer_war.ear"
   ],
   "rules": [
      {
         "ruleName": "Behavior change in java.lang.String and java.util.regex.Pattern split methods",
         "ruleId": "StringSplit",
         "severity": "Warning",
         "category": "Java SE version migration / Java SE 8 compatibility impacts",
         "results": [
            {
               "fileName": "Generic_Visualizer_war.ear/Generic_Visualizer.war/WEB-INF/classes/DAMService/CustomDamServices.class",
               "details": [
                  {
                     "reference": "Method getFolderIdByPath",
                     "match": "java.lang.String.split(*)",
                     "lineNumber": 59
                  }
               ]
            },
            {
               "fileName": "Generic_Visualizer_war.ear/Generic_Visualizer.war/WEB-INF/classes/DAMService/FolderServices.class",
               "details": [
                  {
                     "reference": "Method getFolderIdByPath_old",
                     "match": "java.lang.String.split(*)",
                     "lineNumber": 80
                  }
               ]
            },
            {
               "fileName": "Generic_Visualizer_war.ear/Generic_Visualizer.war/WEB-INF/classes/DAMService/Upload_File_To_DAM_Service.class",
               "details": [
                  {
                     "reference": "Method upload_DAM",
                     "match": "java.lang.String.split(*)",
                     "lineNumber": 153
                  }
               ]
            },
            {
               "fileName": "Generic_Visualizer_war.ear/Generic_Visualizer.war/WEB-INF/classes/Login.class",
               "details": [
                  {
                     "reference": "Method doGet",
                     "match": "java.lang.String.split(*)",
                     "lineNumber": 440
                  }
               ]
            }
         ]
      },
      {
         "ruleName": "Behavior change in month name formatting for some languages",
         "ruleId": "MonthFormattingNames",
         "severity": "Information",
         "category": "Java SE version migration / Java SE 8 compatibility impacts",
         "results": [
            {
               "fileName": "Generic_Visualizer_war.ear/Generic_Visualizer.war/WEB-INF/classes/ColorSpectra.class",
               "details": [
                  {
                     "reference": "Method doGet",
                     "match": "java.text.SimpleDateFormat.format(*)",
                     "lineNumber": 574
                  }
               ]
            },
            {
               "fileName": "Generic_Visualizer_war.ear/Generic_Visualizer.war/WEB-INF/classes/DAMService/LogToDB.class",
               "details": [
                  {
                     "reference": "Method logDB",
                     "match": "java.text.SimpleDateFormat.format(*)",
                     "lineNumber": 38
                  },
                  {
                     "reference": "Method logToFile",
                     "match": "java.text.SimpleDateFormat.format(*)",
                     "lineNumber": 80
                  },
                  {
                     "reference": "Method logToFile",
                     "match": "java.text.SimpleDateFormat.format(*)",
                     "lineNumber": 84
                  },
                  {
                     "reference": "Method logToFile",
                     "match": "java.text.SimpleDateFormat.format(*)",
                     "lineNumber": 86
                  }
               ]
            },
            {
               "fileName": "Generic_Visualizer_war.ear/Generic_Visualizer.war/WEB-INF/classes/DAMService/UploadDAM.class",
               "details": [
                  {
                     "reference": "Method uplodPDF",
                     "match": "java.text.SimpleDateFormat.format(*)",
                     "lineNumber": 70
                  },
                  {
                     "reference": "Method uplodPDF",
                     "match": "java.text.SimpleDateFormat.format(*)",
                     "lineNumber": 75
                  }
               ]
            },
            {
               "fileName": "Generic_Visualizer_war.ear/Generic_Visualizer.war/WEB-INF/classes/GetInspiration.class",
               "details": [
                  {
                     "reference": "Method doGet",
                     "match": "java.text.SimpleDateFormat.format(*)",
                     "lineNumber": 278
                  }
               ]
            },
            {
               "fileName": "Generic_Visualizer_war.ear/Generic_Visualizer.war/WEB-INF/classes/GetWallpaper.class",
               "details": [
                  {
                     "reference": "Method doGet",
                     "match": "java.text.SimpleDateFormat.format(*)",
                     "lineNumber": 292
                  }
               ]
            },
            {
               "fileName": "Generic_Visualizer_war.ear/Generic_Visualizer.war/WEB-INF/classes/search/FolderCreation.class",
               "details": [
                  {
                     "reference": "Method main",
                     "match": "java.text.SimpleDateFormat.format(*)",
                     "lineNumber": 34
                  }
               ]
            }
         ]
      },
      {
         "ruleName": "CDI scans for implicit beans when there is no beans.xml file",
         "ruleId": "MissingBeansFile",
         "severity": "Warning",
         "category": "Java EE 7 / CDI",
         "results": [
            {
               "fileName": "Generic_Visualizer_war.ear/Generic_Visualizer.war",
               "details": [
                  {
                     "reference": null,
                     "match": ".*(\\.war|\\.jar)",
                     "lineNumber": 0
                  }
               ]
            },
            {
               "fileName": "Generic_Visualizer_war.ear/Generic_Visualizer.war/WEB-INF/lib/jackson-all-1.9.0.jar",
               "details": [
                  {
                     "reference": null,
                     "match": ".*(\\.war|\\.jar)",
                     "lineNumber": 0
                  }
               ]
            },
            {
               "fileName": "Generic_Visualizer_war.ear/Generic_Visualizer.war/WEB-INF/lib/json-simple-1.1.1.jar",
               "details": [
                  {
                     "reference": null,
                     "match": ".*(\\.war|\\.jar)",
                     "lineNumber": 0
                  }
               ]
            },
            {
               "fileName": "Generic_Visualizer_war.ear/Generic_Visualizer.war/WEB-INF/lib/ojdbc6.jar",
               "details": [
                  {
                     "reference": null,
                     "match": ".*(\\.war|\\.jar)",
                     "lineNumber": 0
                  }
               ]
            },
            {
               "fileName": "Generic_Visualizer_war.ear/Generic_Visualizer.war/WEB-INF/lib/org.json.jar",
               "details": [
                  {
                     "reference": null,
                     "match": ".*(\\.war|\\.jar)",
                     "lineNumber": 0
                  }
               ]
            }
         ]
      },
      {
         "ruleName": "Databases",
         "ruleId": "DatabasesSQLRule",
         "severity": "Warning",
         "category": "Technology connectivity considerations for IBM Cloud",
         "results": [
            {
               "fileName": "Generic_Visualizer_war.ear/Generic_Visualizer.war/WEB-INF/classes/ColorSpectra.class",
               "details": [
                  {
                     "reference": "Method doGet",
                     "match": "java.sql",
                     "lineNumber": 193
                  }
               ]
            }
         ]
      },
      {
         "ruleName": "Do not start unmanaged threads within the web or EJB container",
         "ruleId": "CreateThreadMethodsInWebOrEjbProject",
         "severity": "Warning",
         "category": "All application servers",
         "results": [
            {
               "fileName": "Generic_Visualizer_war.ear/Generic_Visualizer.war/WEB-INF/classes/SyncRazuna.class",
               "details": [
                  {
                     "reference": "Method doPost",
                     "match": "java.lang.Thread.start(*)",
                     "lineNumber": 42
                  }
               ]
            }
         ]
      },
      {
         "ruleName": "Validate the URL host and port for cloud access",
         "ruleId": "URLRuleDockerCloud",
         "severity": "Warning",
         "category": "Connectivity considerations for IBM Cloud (Docker and WebSphere in IBM Cloud)",
         "results": [
            {
               "fileName": "Generic_Visualizer_war.ear/Generic_Visualizer.war/WEB-INF/classes/DAMService/AssetServices.class",
               "details": [
                  {
                     "reference": "Method main",
                     "match": "http://digital.razuna.org",
                     "lineNumber": 21
                  }
               ]
            },
            {
               "fileName": "Generic_Visualizer_war.ear/Generic_Visualizer.war/WEB-INF/classes/DAMService/CustomDamServices.class",
               "details": [
                  {
                     "reference": "Field LINK",
                     "match": "http://digital.razuna.org",
                     "lineNumber": 0
                  }
               ]
            },
            {
               "fileName": "Generic_Visualizer_war.ear/Generic_Visualizer.war/WEB-INF/classes/DAMService/UploadToDAM.class",
               "details": [
                  {
                     "reference": "Constructor",
                     "match": "http://digital.razuna.org",
                     "lineNumber": 7
                  },
                  {
                     "reference": "Field LINK",
                     "match": "http://digital.razuna.org",
                     "lineNumber": 0
                  }
               ]
            },
            {
               "fileName": "Generic_Visualizer_war.ear/Generic_Visualizer.war/WEB-INF/classes/DAMService/Upload_File_To_DAM_Service.class",
               "details": [
                  {
                     "reference": "Constructor",
                     "match": "http://digital.razuna.org",
                     "lineNumber": 31
                  },
                  {
                     "reference": "Field LINK",
                     "match": "http://digital.razuna.org",
                     "lineNumber": 0
                  },
                  {
                     "reference": "Method upload_DAM",
                     "match": "http://digital.razuna.org",
                     "lineNumber": 108
                  },
                  {
                     "reference": "Method upload_DAM",
                     "match": "http://digital.razuna.org",
                     "lineNumber": 109
                  },
                  {
                     "reference": "Method upload_DAM",
                     "match": "http://digital.razuna.org",
                     "lineNumber": 123
                  },
                  {
                     "reference": "Method upload_DAM",
                     "match": "http://digital.razuna.org",
                     "lineNumber": 134
                  },
                  {
                     "reference": "Method upload_DAM",
                     "match": "http://digital.razuna.org",
                     "lineNumber": 145
                  },
                  {
                     "reference": "Method upload_DAM",
                     "match": "http://digital.razuna.org",
                     "lineNumber": 168
                  },
                  {
                     "reference": "Method upload_DAM",
                     "match": "http://digital.razuna.org",
                     "lineNumber": 170
                  },
                  {
                     "reference": "Method upload_DAM",
                     "match": "http://digital.razuna.org",
                     "lineNumber": 181
                  },
                  {
                     "reference": "Method upload_DAM",
                     "match": "http://digital.razuna.org",
                     "lineNumber": 191
                  },
                  {
                     "reference": "Method upload_DAM",
                     "match": "http://digital.razuna.org",
                     "lineNumber": 200
                  },
                  {
                     "reference": "Method upload_DAM",
                     "match": "http://digital.razuna.org",
                     "lineNumber": 269
                  },
                  {
                     "reference": "Method upload_DAM",
                     "match": "http://digital.razuna.org/index.cfm",
                     "lineNumber": 232
                  }
               ]
            },
            {
               "fileName": "Generic_Visualizer_war.ear/Generic_Visualizer.war/WEB-INF/classes/Login.class",
               "details": [
                  {
                     "reference": "Static initializer",
                     "match": "ldap://192.168.40.15:389/DC=asianpaints,DC=com",
                     "lineNumber": 53
                  }
               ]
            },
            {
               "fileName": "Generic_Visualizer_war.ear/Generic_Visualizer.war/WEB-INF/classes/Services/SynchronizeRaunza.class",
               "details": [
                  {
                     "reference": "Method synchronizeRazuna",
                     "match": "http://digital.razuna.org",
                     "lineNumber": 77
                  }
               ]
            },
            {
               "fileName": "Generic_Visualizer_war.ear/Generic_Visualizer.war/WEB-INF/classes/search/AssetUpload.class",
               "details": [
                  {
                     "reference": "Method getAssestInfo",
                     "match": "http://digital.razuna.org/global/api2/asset.cfc?method=getasset&api_key=",
                     "lineNumber": 155
                  },
                  {
                     "reference": "Method main",
                     "match": "http://digital.razuna.org//index.cfm",
                     "lineNumber": 40
                  }
               ]
            },
            {
               "fileName": "Generic_Visualizer_war.ear/Generic_Visualizer.war/WEB-INF/classes/search/FolderCreation.class",
               "details": [
                  {
                     "reference": "Method createFolder",
                     "match": "http://digital.razuna.com/global/api2/folder.cfc?method=setfolder&api_key=",
                     "lineNumber": 55
                  },
                  {
                     "reference": "Method createFolder",
                     "match": "http://digital.razuna.com/global/api2/folder.cfc?method=setfolder&api_key=",
                     "lineNumber": 61
                  }
               ]
            },
            {
               "fileName": "Generic_Visualizer_war.ear/Generic_Visualizer.war/WEB-INF/classes/search/FolderSearch.class",
               "details": [
                  {
                     "reference": "Method SearchRazuna",
                     "match": "http://digital.razuna.org/global/api2/folder.cfc?method=getfolders&api_key=",
                     "lineNumber": 33
                  },
                  {
                     "reference": "Method SearchRazuna",
                     "match": "http://digital.razuna.org/global/api2/folder.cfc?method=getfolders&api_key=BEDAB24F80064841A967E8FBA260C37&folderid=",
                     "lineNumber": 43
                  }
               ]
            },
            {
               "fileName": "Generic_Visualizer_war.ear/Generic_Visualizer.war/WEB-INF/classes/webservicecall/WebService.class",
               "details": [
                  {
                     "reference": "Method main",
                     "match": "http://digital.razuna.com/global/api2/folder.cfc?method=getfolders&api_key=9F04DDBB80E34459B52673A8210319C7&folderid=8028E97AFE824A5AA7C03ACD2290D34D",
                     "lineNumber": 14
                  }
               ]
            }
         ]
      }
   ]
}