{
   "report": "analysis",
   "version": "1.2",
   "productVersion": "9.0",
   "productRelease": "19.0.0.2-TA1",
   "options": [
      "--sourceAppServer=was855",
      "--sourceJava=ibm7",
      "--sourceJavaEE=ee6",
      "--targetAppServer=liberty",
      "--targetJava=ibm8",
      "--targetCloud=dockerIBMCloud",
      "--excludePackages=com.ibm,com.informix,com.microsoft,com.sybase,com.sun,java,javax,net,oracle,org,sqlj,_ibmjsp"
   ],
   "totalRulesFlagged": 9,
   "filesAffected": 59,
   "totalResults": 153,
   "severitySummary": [
      {
         "severity": "Severe",
         "totalRulesFlagged": 2,
         "totalResults": 4
      },
      {
         "severity": "Warning",
         "totalRulesFlagged": 6,
         "totalResults": 139
      },
      {
         "severity": "Information",
         "totalRulesFlagged": 1,
         "totalResults": 10
      }
   ],
   "applications": [
      "/opt/IBM/WebSphere/AppServer/profiles/Dmgr01/config/cells/apwasdevCell01/applications/Generic_Visualizer_war.ear/Generic_Visualizer_war.ear"
   ],
   "rules": [
      {
         "ruleName": "Behavior change in java.lang.String and java.util.regex.Pattern split methods",
         "ruleId": "StringSplit",
         "severity": "Warning",
         "category": "Java SE version migration / Java SE 8 compatibility impacts",
         "results": [
            {
               "fileName": "Generic_Visualizer_war.ear/Generic_Visualizer.war/WEB-INF/classes/DAMService/CustomDamServices.class",
               "details": [
                  {
                     "reference": "Method getFolderIdByPath",
                     "match": "java.lang.String.split(*)",
                     "lineNumber": 59
                  }
               ]
            },
            {
               "fileName": "Generic_Visualizer_war.ear/Generic_Visualizer.war/WEB-INF/classes/DAMService/FolderServices.class",
               "details": [
                  {
                     "reference": "Method getFolderIdByPath_old",
                     "match": "java.lang.String.split(*)",
                     "lineNumber": 80
                  }
               ]
            },
            {
               "fileName": "Generic_Visualizer_war.ear/Generic_Visualizer.war/WEB-INF/classes/DAMService/Upload_File_To_DAM_Service.class",
               "details": [
                  {
                     "reference": "Method upload_DAM",
                     "match": "java.lang.String.split(*)",
                     "lineNumber": 153
                  }
               ]
            },
            {
               "fileName": "Generic_Visualizer_war.ear/Generic_Visualizer.war/WEB-INF/classes/Login.class",
               "details": [
                  {
                     "reference": "Method doGet",
                     "match": "java.lang.String.split(*)",
                     "lineNumber": 440
                  }
               ]
            }
         ]
      },
      {
         "ruleName": "Behavior change in month name formatting for some languages",
         "ruleId": "MonthFormattingNames",
         "severity": "Information",
         "category": "Java SE version migration / Java SE 8 compatibility impacts",
         "results": [
            {
               "fileName": "Generic_Visualizer_war.ear/Generic_Visualizer.war/WEB-INF/classes/ColorSpectra.class",
               "details": [
                  {
                     "reference": "Method doGet",
                     "match": "java.text.SimpleDateFormat.format(*)",
                     "lineNumber": 574
                  }
               ]
            },
            {
               "fileName": "Generic_Visualizer_war.ear/Generic_Visualizer.war/WEB-INF/classes/DAMService/LogToDB.class",
               "details": [
                  {
                     "reference": "Method logDB",
                     "match": "java.text.SimpleDateFormat.format(*)",
                     "lineNumber": 38
                  },
                  {
                     "reference": "Method logToFile",
                     "match": "java.text.SimpleDateFormat.format(*)",
                     "lineNumber": 80
                  },
                  {
                     "reference": "Method logToFile",
                     "match": "java.text.SimpleDateFormat.format(*)",
                     "lineNumber": 84
                  },
                  {
                     "reference": "Method logToFile",
                     "match": "java.text.SimpleDateFormat.format(*)",
                     "lineNumber": 86
                  }
               ]
            },
            {
               "fileName": "Generic_Visualizer_war.ear/Generic_Visualizer.war/WEB-INF/classes/DAMService/UploadDAM.class",
               "details": [
                  {
                     "reference": "Method uplodPDF",
                     "match": "java.text.SimpleDateFormat.format(*)",
                     "lineNumber": 70
                  },
                  {
                     "reference": "Method uplodPDF",
                     "match": "java.text.SimpleDateFormat.format(*)",
                     "lineNumber": 75
                  }
               ]
            },
            {
               "fileName": "Generic_Visualizer_war.ear/Generic_Visualizer.war/WEB-INF/classes/GetInspiration.class",
               "details": [
                  {
                     "reference": "Method doGet",
                     "match": "java.text.SimpleDateFormat.format(*)",
                     "lineNumber": 278
                  }
               ]
            },
            {
               "fileName": "Generic_Visualizer_war.ear/Generic_Visualizer.war/WEB-INF/classes/GetWallpaper.class",
               "details": [
                  {
                     "reference": "Method doGet",
                     "match": "java.text.SimpleDateFormat.format(*)",
                     "lineNumber": 292
                  }
               ]
            },
            {
               "fileName": "Generic_Visualizer_war.ear/Generic_Visualizer.war/WEB-INF/classes/search/FolderCreation.class",
               "details": [
                  {
                     "reference": "Method main",
                     "match": "java.text.SimpleDateFormat.format(*)",
                     "lineNumber": 34
                  }
               ]
            }
         ]
      },
      {
         "ruleName": "Databases",
         "ruleId": "DatabasesSQLRule",
         "severity": "Warning",
         "category": "Technology connectivity considerations for IBM Cloud",
         "results": [
            {
               "fileName": "Generic_Visualizer_war.ear/Generic_Visualizer.war/WEB-INF/classes/ColorSpectra.class",
               "details": [
                  {
                     "reference": "Method doGet",
                     "match": "java.sql",
                     "lineNumber": 193
                  }
               ]
            }
         ]
      },
      {
         "ruleName": "Do not start unmanaged threads within the web or EJB container",
         "ruleId": "CreateThreadMethodsInWebOrEjbProject",
         "severity": "Warning",
         "category": "All application servers",
         "results": [
            {
               "fileName": "Generic_Visualizer_war.ear/Generic_Visualizer.war/WEB-INF/classes/SyncRazuna.class",
               "details": [
                  {
                     "reference": "Method doPost",
                     "match": "java.lang.Thread.start(*)",
                     "lineNumber": 42
                  }
               ]
            }
         ]
      },
      {
         "ruleName": "Handling application configuration in Docker containers",
         "ruleId": "DetectPropertiesFiles",
         "severity": "Warning",
         "category": "Docker (IBM Cloud Kubernetes Service)",
         "results": [
            {
               "fileName": "Generic_Visualizer_war.ear/Generic_Visualizer.war/WEB-INF/classes/Login.class",
               "details": [
                  {
                     "reference": "Method doGet",
                     "match": "java.util.Properties.load(*)",
                     "lineNumber": 434
                  }
               ]
            },
            {
               "fileName": "Generic_Visualizer_war.ear/Generic_Visualizer.war/WEB-INF/classes/Services/SynchronizeRaunza.class",
               "details": [
                  {
                     "reference": "Method synchronizeRazuna",
                     "match": "java.util.Properties.load(*)",
                     "lineNumber": 92
                  }
               ]
            },
            {
               "fileName": "Generic_Visualizer_war.ear/Generic_Visualizer.war/WEB-INF/lib/json-simple-1.1.1.jar/META-INF/maven/com.googlecode.json-simple/json-simple/pom.properties",
               "details": [
                  {
                     "reference": null,
                     "match": "(.*)?\\.properties",
                     "lineNumber": 0
                  }
               ]
            },
            {
               "fileName": "Generic_Visualizer_war.ear/Generic_Visualizer.war/WEB-INF/lib/ojdbc6.jar/oracle/jdbc/driver/Messages.properties",
               "details": [
                  {
                     "reference": null,
                     "match": "(.*)?\\.properties",
                     "lineNumber": 0
                  }
               ]
            },
            {
               "fileName": "Generic_Visualizer_war.ear/Generic_Visualizer.war/WEB-INF/lib/ojdbc6.jar/oracle/jdbc/driver/Messages_ar.properties",
               "details": [
                  {
                     "reference": null,
                     "match": "(.*)?\\.properties",
                     "lineNumber": 0
                  }
               ]
            },
            {
               "fileName": "Generic_Visualizer_war.ear/Generic_Visualizer.war/WEB-INF/lib/ojdbc6.jar/oracle/jdbc/driver/Messages_ca.properties",
               "details": [
                  {
                     "reference": null,
                     "match": "(.*)?\\.properties",
                     "lineNumber": 0
                  }
               ]
            },
            {
               "fileName": "Generic_Visualizer_war.ear/Generic_Visualizer.war/WEB-INF/lib/ojdbc6.jar/oracle/jdbc/driver/Messages_cs.properties",
               "details": [
                  {
                     "reference": null,
                     "match": "(.*)?\\.properties",
                     "lineNumber": 0
                  }
               ]
            },
            {
               "fileName": "Generic_Visualizer_war.ear/Generic_Visualizer.war/WEB-INF/lib/ojdbc6.jar/oracle/jdbc/driver/Messages_da.properties",
               "details": [
                  {
                     "reference": null,
                     "match": "(.*)?\\.properties",
                     "lineNumber": 0
                  }
               ]
            },
            {
               "fileName": "Generic_Visualizer_war.ear/Generic_Visualizer.war/WEB-INF/lib/ojdbc6.jar/oracle/jdbc/driver/Messages_de.properties",
               "details": [
                  {
                     "reference": null,
                     "match": "(.*)?\\.properties",
                     "lineNumber": 0
                  }
               ]
            },
            {
               "fileName": "Generic_Visualizer_war.ear/Generic_Visualizer.war/WEB-INF/lib/ojdbc6.jar/oracle/jdbc/driver/Messages_el.properties",
               "details": [
                  {
                     "reference": null,
                     "match": "(.*)?\\.properties",
                     "lineNumber": 0
                  }
               ]
            },
            {
               "fileName": "Generic_Visualizer_war.ear/Generic_Visualizer.war/WEB-INF/lib/ojdbc6.jar/oracle/jdbc/driver/Messages_es.properties",
               "details": [
                  {
                     "reference": null,
                     "match": "(.*)?\\.properties",
                     "lineNumber": 0
                  }
               ]
            },
            {
               "fileName": "Generic_Visualizer_war.ear/Generic_Visualizer.war/WEB-INF/lib/ojdbc6.jar/oracle/jdbc/driver/Messages_fi.properties",
               "details": [
                  {
                     "reference": null,
                     "match": "(.*)?\\.properties",
                     "lineNumber": 0
                  }
               ]
            },
            {
               "fileName": "Generic_Visualizer_war.ear/Generic_Visualizer.war/WEB-INF/lib/ojdbc6.jar/oracle/jdbc/driver/Messages_fr.properties",
               "details": [
                  {
                     "reference": null,
                     "match": "(.*)?\\.properties",
                     "lineNumber": 0
                  }
               ]
            },
            {
               "fileName": "Generic_Visualizer_war.ear/Generic_Visualizer.war/WEB-INF/lib/ojdbc6.jar/oracle/jdbc/driver/Messages_hu.properties",
               "details": [
                  {
                     "reference": null,
                     "match": "(.*)?\\.properties",
                     "lineNumber": 0
                  }
               ]
            },
            {
               "fileName": "Generic_Visualizer_war.ear/Generic_Visualizer.war/WEB-INF/lib/ojdbc6.jar/oracle/jdbc/driver/Messages_it.properties",
               "details": [
                  {
                     "reference": null,
                     "match": "(.*)?\\.properties",
                     "lineNumber": 0
                  }
               ]
            },
            {
               "fileName": "Generic_Visualizer_war.ear/Generic_Visualizer.war/WEB-INF/lib/ojdbc6.jar/oracle/jdbc/driver/Messages_iw.properties",
               "details": [
                  {
                     "reference": null,
                     "match": "(.*)?\\.properties",
                     "lineNumber": 0
                  }
               ]
            },
            {
               "fileName": "Generic_Visualizer_war.ear/Generic_Visualizer.war/WEB-INF/lib/ojdbc6.jar/oracle/jdbc/driver/Messages_ja.properties",
               "details": [
                  {
                     "reference": null,
                     "match": "(.*)?\\.properties",
                     "lineNumber": 0
                  }
               ]
            },
            {
               "fileName": "Generic_Visualizer_war.ear/Generic_Visualizer.war/WEB-INF/lib/ojdbc6.jar/oracle/jdbc/driver/Messages_ko.properties",
               "details": [
                  {
                     "reference": null,
                     "match": "(.*)?\\.properties",
                     "lineNumber": 0
                  }
               ]
            },
            {
               "fileName": "Generic_Visualizer_war.ear/Generic_Visualizer.war/WEB-INF/lib/ojdbc6.jar/oracle/jdbc/driver/Messages_nl.properties",
               "details": [
                  {
                     "reference": null,
                     "match": "(.*)?\\.properties",
                     "lineNumber": 0
                  }
               ]
            },
            {
               "fileName": "Generic_Visualizer_war.ear/Generic_Visualizer.war/WEB-INF/lib/ojdbc6.jar/oracle/jdbc/driver/Messages_no.properties",
               "details": [
                  {
                     "reference": null,
                     "match": "(.*)?\\.properties",
                     "lineNumber": 0
                  }
               ]
            },
            {
               "fileName": "Generic_Visualizer_war.ear/Generic_Visualizer.war/WEB-INF/lib/ojdbc6.jar/oracle/jdbc/driver/Messages_pl.properties",
               "details": [
                  {
                     "reference": null,
                     "match": "(.*)?\\.properties",
                     "lineNumber": 0
                  }
               ]
            },
            {
               "fileName": "Generic_Visualizer_war.ear/Generic_Visualizer.war/WEB-INF/lib/ojdbc6.jar/oracle/jdbc/driver/Messages_pt.properties",
               "details": [
                  {
                     "reference": null,
                     "match": "(.*)?\\.properties",
                     "lineNumber": 0
                  }
               ]
            },
            {
               "fileName": "Generic_Visualizer_war.ear/Generic_Visualizer.war/WEB-INF/lib/ojdbc6.jar/oracle/jdbc/driver/Messages_pt_BR.properties",
               "details": [
                  {
                     "reference": null,
                     "match": "(.*)?\\.properties",
                     "lineNumber": 0
                  }
               ]
            },
            {
               "fileName": "Generic_Visualizer_war.ear/Generic_Visualizer.war/WEB-INF/lib/ojdbc6.jar/oracle/jdbc/driver/Messages_ro.properties",
               "details": [
                  {
                     "reference": null,
                     "match": "(.*)?\\.properties",
                     "lineNumber": 0
                  }
               ]
            },
            {
               "fileName": "Generic_Visualizer_war.ear/Generic_Visualizer.war/WEB-INF/lib/ojdbc6.jar/oracle/jdbc/driver/Messages_ru.properties",
               "details": [
                  {
                     "reference": null,
                     "match": "(.*)?\\.properties",
                     "lineNumber": 0
                  }
               ]
            },
            {
               "fileName": "Generic_Visualizer_war.ear/Generic_Visualizer.war/WEB-INF/lib/ojdbc6.jar/oracle/jdbc/driver/Messages_sk.properties",
               "details": [
                  {
                     "reference": null,
                     "match": "(.*)?\\.properties",
                     "lineNumber": 0
                  }
               ]
            },
            {
               "fileName": "Generic_Visualizer_war.ear/Generic_Visualizer.war/WEB-INF/lib/ojdbc6.jar/oracle/jdbc/driver/Messages_sv.properties",
               "details": [
                  {
                     "reference": null,
                     "match": "(.*)?\\.properties",
                     "lineNumber": 0
                  }
               ]
            },
            {
               "fileName": "Generic_Visualizer_war.ear/Generic_Visualizer.war/WEB-INF/lib/ojdbc6.jar/oracle/jdbc/driver/Messages_th.properties",
               "details": [
                  {
                     "reference": null,
                     "match": "(.*)?\\.properties",
                     "lineNumber": 0
                  }
               ]
            },
            {
               "fileName": "Generic_Visualizer_war.ear/Generic_Visualizer.war/WEB-INF/lib/ojdbc6.jar/oracle/jdbc/driver/Messages_tr.properties",
               "details": [
                  {
                     "reference": null,
                     "match": "(.*)?\\.properties",
                     "lineNumber": 0
                  }
               ]
            },
            {
               "fileName": "Generic_Visualizer_war.ear/Generic_Visualizer.war/WEB-INF/lib/ojdbc6.jar/oracle/jdbc/driver/Messages_zh_CN.properties",
               "details": [
                  {
                     "reference": null,
                     "match": "(.*)?\\.properties",
                     "lineNumber": 0
                  }
               ]
            },
            {
               "fileName": "Generic_Visualizer_war.ear/Generic_Visualizer.war/WEB-INF/lib/ojdbc6.jar/oracle/jdbc/driver/Messages_zh_TW.properties",
               "details": [
                  {
                     "reference": null,
                     "match": "(.*)?\\.properties",
                     "lineNumber": 0
                  }
               ]
            },
            {
               "fileName": "Generic_Visualizer_war.ear/Generic_Visualizer.war/WEB-INF/lib/ojdbc6.jar/oracle/net/mesg/Message.properties",
               "details": [
                  {
                     "reference": null,
                     "match": "(.*)?\\.properties",
                     "lineNumber": 0
                  }
               ]
            }
         ]
      },
      {
         "ruleName": "Managing data inside and between Docker containers",
         "ruleId": "FileSystemRule",
         "severity": "Warning",
         "category": "Docker (IBM Cloud Kubernetes Service)",
         "results": [
            {
               "fileName": "Generic_Visualizer_war.ear/Generic_Visualizer.war/WEB-INF/classes/ColorSpectra.class",
               "details": [
                  {
                     "reference": "Method doGet",
                     "match": "java.io.FileOutputStream",
                     "lineNumber": 579
                  },
                  {
                     "reference": "Method doGet",
                     "match": "java.io.FileOutputStream",
                     "lineNumber": 580
                  },
                  {
                     "reference": "Method doGet",
                     "match": "java.io.FileOutputStream",
                     "lineNumber": 581
                  },
                  {
                     "reference": "Method doGet",
                     "match": "java.io.FileOutputStream",
                     "lineNumber": 582
                  },
                  {
                     "reference": "Method doGet",
                     "match": "java.io.FileOutputStream",
                     "lineNumber": 583
                  },
                  {
                     "reference": "Method doGet",
                     "match": "java.io.FileWriter",
                     "lineNumber": 495
                  },
                  {
                     "reference": "Method doGet",
                     "match": "java.io.FileWriter",
                     "lineNumber": 496
                  },
                  {
                     "reference": "Method doGet",
                     "match": "java.io.FileWriter",
                     "lineNumber": 497
                  },
                  {
                     "reference": "Method doGet",
                     "match": "java.io.FileWriter",
                     "lineNumber": 583
                  }
               ]
            },
            {
               "fileName": "Generic_Visualizer_war.ear/Generic_Visualizer.war/WEB-INF/classes/DAMService/LogToDB.class",
               "details": [
                  {
                     "reference": "Method logToFile",
                     "match": "java.io.FileWriter",
                     "lineNumber": 92
                  },
                  {
                     "reference": "Method logToFile",
                     "match": "java.io.FileWriter",
                     "lineNumber": 96
                  },
                  {
                     "reference": "Method logToFile",
                     "match": "java.io.FileWriter",
                     "lineNumber": 102
                  }
               ]
            },
            {
               "fileName": "Generic_Visualizer_war.ear/Generic_Visualizer.war/WEB-INF/classes/DAMService/Upload_File_To_DAM_Service.class",
               "details": [
                  {
                     "reference": "Method upload_DAM",
                     "match": "java.io.FileOutputStream",
                     "lineNumber": 224
                  },
                  {
                     "reference": "Method upload_DAM",
                     "match": "java.io.FileOutputStream",
                     "lineNumber": 225
                  },
                  {
                     "reference": "Method upload_DAM",
                     "match": "java.io.FileOutputStream",
                     "lineNumber": 226
                  },
                  {
                     "reference": "Method upload_DAM",
                     "match": "java.io.FileOutputStream",
                     "lineNumber": 298
                  }
               ]
            },
            {
               "fileName": "Generic_Visualizer_war.ear/Generic_Visualizer.war/WEB-INF/classes/ExteriorWallFashion.class",
               "details": [
                  {
                     "reference": "Method doGet",
                     "match": "java.io.FileWriter",
                     "lineNumber": 268
                  },
                  {
                     "reference": "Method doGet",
                     "match": "java.io.FileWriter",
                     "lineNumber": 269
                  },
                  {
                     "reference": "Method doGet",
                     "match": "java.io.FileWriter",
                     "lineNumber": 270
                  },
                  {
                     "reference": "Method doGet",
                     "match": "java.io.FileWriter",
                     "lineNumber": 374
                  }
               ]
            },
            {
               "fileName": "Generic_Visualizer_war.ear/Generic_Visualizer.war/WEB-INF/classes/GetDecal.class",
               "details": [
                  {
                     "reference": "Method doGet",
                     "match": "java.io.PrintWriter(java.io.File)",
                     "lineNumber": 173
                  }
               ]
            },
            {
               "fileName": "Generic_Visualizer_war.ear/Generic_Visualizer.war/WEB-INF/classes/GetInspiration.class",
               "details": [
                  {
                     "reference": "Method doGet",
                     "match": "java.io.FileOutputStream",
                     "lineNumber": 283
                  },
                  {
                     "reference": "Method doGet",
                     "match": "java.io.FileOutputStream",
                     "lineNumber": 284
                  },
                  {
                     "reference": "Method doGet",
                     "match": "java.io.FileOutputStream",
                     "lineNumber": 285
                  },
                  {
                     "reference": "Method doGet",
                     "match": "java.io.FileOutputStream",
                     "lineNumber": 286
                  },
                  {
                     "reference": "Method doGet",
                     "match": "java.io.FileOutputStream",
                     "lineNumber": 287
                  },
                  {
                     "reference": "Method doGet",
                     "match": "java.io.FileWriter",
                     "lineNumber": 183
                  },
                  {
                     "reference": "Method doGet",
                     "match": "java.io.FileWriter",
                     "lineNumber": 184
                  },
                  {
                     "reference": "Method doGet",
                     "match": "java.io.FileWriter",
                     "lineNumber": 185
                  },
                  {
                     "reference": "Method doGet",
                     "match": "java.io.FileWriter",
                     "lineNumber": 287
                  }
               ]
            },
            {
               "fileName": "Generic_Visualizer_war.ear/Generic_Visualizer.war/WEB-INF/classes/GetRoomset.class",
               "details": [
                  {
                     "reference": "Method doGet",
                     "match": "java.io.FileWriter",
                     "lineNumber": 124
                  },
                  {
                     "reference": "Method doGet",
                     "match": "java.io.FileWriter",
                     "lineNumber": 125
                  },
                  {
                     "reference": "Method doGet",
                     "match": "java.io.FileWriter",
                     "lineNumber": 126
                  },
                  {
                     "reference": "Method doGet",
                     "match": "java.io.FileWriter",
                     "lineNumber": 280
                  }
               ]
            },
            {
               "fileName": "Generic_Visualizer_war.ear/Generic_Visualizer.war/WEB-INF/classes/GetWallpaper.class",
               "details": [
                  {
                     "reference": "Method doGet",
                     "match": "java.io.FileOutputStream",
                     "lineNumber": 297
                  },
                  {
                     "reference": "Method doGet",
                     "match": "java.io.FileOutputStream",
                     "lineNumber": 298
                  },
                  {
                     "reference": "Method doGet",
                     "match": "java.io.FileOutputStream",
                     "lineNumber": 299
                  },
                  {
                     "reference": "Method doGet",
                     "match": "java.io.FileOutputStream",
                     "lineNumber": 300
                  },
                  {
                     "reference": "Method doGet",
                     "match": "java.io.FileOutputStream",
                     "lineNumber": 301
                  },
                  {
                     "reference": "Method doGet",
                     "match": "java.io.FileWriter",
                     "lineNumber": 191
                  },
                  {
                     "reference": "Method doGet",
                     "match": "java.io.FileWriter",
                     "lineNumber": 192
                  },
                  {
                     "reference": "Method doGet",
                     "match": "java.io.FileWriter",
                     "lineNumber": 193
                  },
                  {
                     "reference": "Method doGet",
                     "match": "java.io.FileWriter",
                     "lineNumber": 301
                  }
               ]
            },
            {
               "fileName": "Generic_Visualizer_war.ear/Generic_Visualizer.war/WEB-INF/classes/InteriorWallfashion.class",
               "details": [
                  {
                     "reference": "Method doGet",
                     "match": "java.io.FileWriter",
                     "lineNumber": 280
                  },
                  {
                     "reference": "Method doGet",
                     "match": "java.io.FileWriter",
                     "lineNumber": 281
                  },
                  {
                     "reference": "Method doGet",
                     "match": "java.io.FileWriter",
                     "lineNumber": 282
                  },
                  {
                     "reference": "Method doGet",
                     "match": "java.io.FileWriter",
                     "lineNumber": 386
                  }
               ]
            },
            {
               "fileName": "Generic_Visualizer_war.ear/Generic_Visualizer.war/WEB-INF/classes/KidsWorld.class",
               "details": [
                  {
                     "reference": "Method doGet",
                     "match": "java.io.FileWriter",
                     "lineNumber": 275
                  },
                  {
                     "reference": "Method doGet",
                     "match": "java.io.FileWriter",
                     "lineNumber": 276
                  },
                  {
                     "reference": "Method doGet",
                     "match": "java.io.FileWriter",
                     "lineNumber": 277
                  },
                  {
                     "reference": "Method doGet",
                     "match": "java.io.FileWriter",
                     "lineNumber": 382
                  }
               ]
            },
            {
               "fileName": "Generic_Visualizer_war.ear/Generic_Visualizer.war/WEB-INF/classes/Login.class",
               "details": [
                  {
                     "reference": "Static initializer",
                     "match": "java.io.FileOutputStream",
                     "lineNumber": 64
                  }
               ]
            },
            {
               "fileName": "Generic_Visualizer_war.ear/Generic_Visualizer.war/WEB-INF/classes/Magneto.class",
               "details": [
                  {
                     "reference": "Method doGet",
                     "match": "java.io.FileWriter",
                     "lineNumber": 275
                  },
                  {
                     "reference": "Method doGet",
                     "match": "java.io.FileWriter",
                     "lineNumber": 276
                  },
                  {
                     "reference": "Method doGet",
                     "match": "java.io.FileWriter",
                     "lineNumber": 277
                  },
                  {
                     "reference": "Method doGet",
                     "match": "java.io.FileWriter",
                     "lineNumber": 382
                  }
               ]
            },
            {
               "fileName": "Generic_Visualizer_war.ear/Generic_Visualizer.war/WEB-INF/classes/Services/SynchronizeRaunza.class",
               "details": [
                  {
                     "reference": "Method Download",
                     "match": "java.io.FileOutputStream",
                     "lineNumber": 627
                  },
                  {
                     "reference": "Method Download",
                     "match": "java.io.FileOutputStream",
                     "lineNumber": 634
                  },
                  {
                     "reference": "Method Download",
                     "match": "java.io.FileOutputStream",
                     "lineNumber": 644
                  },
                  {
                     "reference": "Method Download",
                     "match": "java.io.FileOutputStream",
                     "lineNumber": 645
                  },
                  {
                     "reference": "Method Download",
                     "match": "java.io.FileOutputStream",
                     "lineNumber": 652
                  },
                  {
                     "reference": "Static initializer",
                     "match": "java.io.FileOutputStream",
                     "lineNumber": 55
                  }
               ]
            },
            {
               "fileName": "Generic_Visualizer_war.ear/Generic_Visualizer.war/WEB-INF/classes/Services/UploadImages.class",
               "details": [
                  {
                     "reference": "Method saveImage",
                     "match": "java.io.FileOutputStream",
                     "lineNumber": 97
                  }
               ]
            },
            {
               "fileName": "Generic_Visualizer_war.ear/Generic_Visualizer.war/WEB-INF/classes/SpaceStyling.class",
               "details": [
                  {
                     "reference": "Method doGet",
                     "match": "java.io.FileWriter",
                     "lineNumber": 275
                  },
                  {
                     "reference": "Method doGet",
                     "match": "java.io.FileWriter",
                     "lineNumber": 276
                  },
                  {
                     "reference": "Method doGet",
                     "match": "java.io.FileWriter",
                     "lineNumber": 277
                  },
                  {
                     "reference": "Method doGet",
                     "match": "java.io.FileWriter",
                     "lineNumber": 382
                  }
               ]
            },
            {
               "fileName": "Generic_Visualizer_war.ear/Generic_Visualizer.war/WEB-INF/classes/WallFashion.class",
               "details": [
                  {
                     "reference": "Method doGet",
                     "match": "java.io.FileWriter",
                     "lineNumber": 200
                  },
                  {
                     "reference": "Method doGet",
                     "match": "java.io.FileWriter",
                     "lineNumber": 201
                  },
                  {
                     "reference": "Method doGet",
                     "match": "java.io.FileWriter",
                     "lineNumber": 202
                  },
                  {
                     "reference": "Method doGet",
                     "match": "java.io.FileWriter",
                     "lineNumber": 284
                  }
               ]
            },
            {
               "fileName": "Generic_Visualizer_war.ear/Generic_Visualizer.war/WEB-INF/classes/search/ZipCreation.class",
               "details": [
                  {
                     "reference": "Method zip",
                     "match": "java.io.FileOutputStream",
                     "lineNumber": 32
                  },
                  {
                     "reference": "Method zip",
                     "match": "java.io.FileOutputStream",
                     "lineNumber": 57
                  }
               ]
            },
            {
               "fileName": "Generic_Visualizer_war.ear/Generic_Visualizer.war/WEB-INF/classes/texture_combination_web.class",
               "details": [
                  {
                     "reference": "Method doGet",
                     "match": "java.io.PrintWriter(java.io.File)",
                     "lineNumber": 457
                  }
               ]
            }
         ]
      },
      {
         "ruleName": "The use of java.sql.Driver and java.sql.DriverManager interfaces requires configuration ",
         "ruleId": "SqlDriverRule",
         "severity": "Severe",
         "category": "WebSphere traditional to Liberty",
         "results": [
            {
               "fileName": "Generic_Visualizer_war.ear/Generic_Visualizer.war/WEB-INF/classes/Services/DBConnect.class",
               "details": [
                  {
                     "reference": "Method Connect",
                     "match": "java.sql.DriverManager.getConnection(*)",
                     "lineNumber": 55
                  }
               ]
            },
            {
               "fileName": "Generic_Visualizer_war.ear/Generic_Visualizer.war/WEB-INF/classes/search/FolderCreation.class",
               "details": [
                  {
                     "reference": "Method main",
                     "match": "java.sql.DriverManager.getConnection(*)",
                     "lineNumber": 23
                  },
                  {
                     "reference": "Method main",
                     "match": "java.sql.DriverManager.getConnection(*)",
                     "lineNumber": 24
                  }
               ]
            }
         ]
      },
      {
         "ruleName": "Validate the URL host and port for cloud access",
         "ruleId": "URLRuleDockerCloud",
         "severity": "Warning",
         "category": "Connectivity considerations for IBM Cloud (Docker and WebSphere in IBM Cloud)",
         "results": [
            {
               "fileName": "Generic_Visualizer_war.ear/Generic_Visualizer.war/WEB-INF/classes/DAMService/AssetServices.class",
               "details": [
                  {
                     "reference": "Method main",
                     "match": "http://digital.razuna.org",
                     "lineNumber": 21
                  }
               ]
            },
            {
               "fileName": "Generic_Visualizer_war.ear/Generic_Visualizer.war/WEB-INF/classes/DAMService/CustomDamServices.class",
               "details": [
                  {
                     "reference": "Field LINK",
                     "match": "http://digital.razuna.org",
                     "lineNumber": 0
                  }
               ]
            },
            {
               "fileName": "Generic_Visualizer_war.ear/Generic_Visualizer.war/WEB-INF/classes/DAMService/UploadToDAM.class",
               "details": [
                  {
                     "reference": "Constructor",
                     "match": "http://digital.razuna.org",
                     "lineNumber": 7
                  },
                  {
                     "reference": "Field LINK",
                     "match": "http://digital.razuna.org",
                     "lineNumber": 0
                  }
               ]
            },
            {
               "fileName": "Generic_Visualizer_war.ear/Generic_Visualizer.war/WEB-INF/classes/DAMService/Upload_File_To_DAM_Service.class",
               "details": [
                  {
                     "reference": "Constructor",
                     "match": "http://digital.razuna.org",
                     "lineNumber": 31
                  },
                  {
                     "reference": "Field LINK",
                     "match": "http://digital.razuna.org",
                     "lineNumber": 0
                  },
                  {
                     "reference": "Method upload_DAM",
                     "match": "http://digital.razuna.org",
                     "lineNumber": 108
                  },
                  {
                     "reference": "Method upload_DAM",
                     "match": "http://digital.razuna.org",
                     "lineNumber": 109
                  },
                  {
                     "reference": "Method upload_DAM",
                     "match": "http://digital.razuna.org",
                     "lineNumber": 123
                  },
                  {
                     "reference": "Method upload_DAM",
                     "match": "http://digital.razuna.org",
                     "lineNumber": 134
                  },
                  {
                     "reference": "Method upload_DAM",
                     "match": "http://digital.razuna.org",
                     "lineNumber": 145
                  },
                  {
                     "reference": "Method upload_DAM",
                     "match": "http://digital.razuna.org",
                     "lineNumber": 168
                  },
                  {
                     "reference": "Method upload_DAM",
                     "match": "http://digital.razuna.org",
                     "lineNumber": 170
                  },
                  {
                     "reference": "Method upload_DAM",
                     "match": "http://digital.razuna.org",
                     "lineNumber": 181
                  },
                  {
                     "reference": "Method upload_DAM",
                     "match": "http://digital.razuna.org",
                     "lineNumber": 191
                  },
                  {
                     "reference": "Method upload_DAM",
                     "match": "http://digital.razuna.org",
                     "lineNumber": 200
                  },
                  {
                     "reference": "Method upload_DAM",
                     "match": "http://digital.razuna.org",
                     "lineNumber": 269
                  },
                  {
                     "reference": "Method upload_DAM",
                     "match": "http://digital.razuna.org/index.cfm",
                     "lineNumber": 232
                  }
               ]
            },
            {
               "fileName": "Generic_Visualizer_war.ear/Generic_Visualizer.war/WEB-INF/classes/Login.class",
               "details": [
                  {
                     "reference": "Static initializer",
                     "match": "ldap://192.168.40.15:389/DC=asianpaints,DC=com",
                     "lineNumber": 53
                  }
               ]
            },
            {
               "fileName": "Generic_Visualizer_war.ear/Generic_Visualizer.war/WEB-INF/classes/Services/SynchronizeRaunza.class",
               "details": [
                  {
                     "reference": "Method synchronizeRazuna",
                     "match": "http://digital.razuna.org",
                     "lineNumber": 77
                  }
               ]
            },
            {
               "fileName": "Generic_Visualizer_war.ear/Generic_Visualizer.war/WEB-INF/classes/search/AssetUpload.class",
               "details": [
                  {
                     "reference": "Method getAssestInfo",
                     "match": "http://digital.razuna.org/global/api2/asset.cfc?method=getasset&api_key=",
                     "lineNumber": 155
                  },
                  {
                     "reference": "Method main",
                     "match": "http://digital.razuna.org//index.cfm",
                     "lineNumber": 40
                  }
               ]
            },
            {
               "fileName": "Generic_Visualizer_war.ear/Generic_Visualizer.war/WEB-INF/classes/search/FolderCreation.class",
               "details": [
                  {
                     "reference": "Method createFolder",
                     "match": "http://digital.razuna.com/global/api2/folder.cfc?method=setfolder&api_key=",
                     "lineNumber": 55
                  },
                  {
                     "reference": "Method createFolder",
                     "match": "http://digital.razuna.com/global/api2/folder.cfc?method=setfolder&api_key=",
                     "lineNumber": 61
                  }
               ]
            },
            {
               "fileName": "Generic_Visualizer_war.ear/Generic_Visualizer.war/WEB-INF/classes/search/FolderSearch.class",
               "details": [
                  {
                     "reference": "Method SearchRazuna",
                     "match": "http://digital.razuna.org/global/api2/folder.cfc?method=getfolders&api_key=",
                     "lineNumber": 33
                  },
                  {
                     "reference": "Method SearchRazuna",
                     "match": "http://digital.razuna.org/global/api2/folder.cfc?method=getfolders&api_key=BEDAB24F80064841A967E8FBA260C37&folderid=",
                     "lineNumber": 43
                  }
               ]
            },
            {
               "fileName": "Generic_Visualizer_war.ear/Generic_Visualizer.war/WEB-INF/classes/webservicecall/WebService.class",
               "details": [
                  {
                     "reference": "Method main",
                     "match": "http://digital.razuna.com/global/api2/folder.cfc?method=getfolders&api_key=9F04DDBB80E34459B52673A8210319C7&folderid=8028E97AFE824A5AA7C03ACD2290D34D",
                     "lineNumber": 14
                  }
               ]
            }
         ]
      },
      {
         "ruleName": "org.apache third-party APIs are unavailable on Liberty",
         "ruleId": "HiddenThirdPartyAPIInUseApache",
         "severity": "Severe",
         "category": "WebSphere traditional to Liberty",
         "results": [
            {
               "fileName": "Generic_Visualizer_war.ear/Generic_Visualizer.war/WEB-INF/classes/DAMService/AssetServices.class",
               "details": [
                  {
                     "reference": "Method getRenditionsOfAsset",
                     "match": "org.apache.commons.httpclient",
                     "lineNumber": 43
                  }
               ]
            }
         ]
      }
   ]
}