{
   "report": "inventory",
   "version": "2.4",
   "productVersion": "9.0",
   "productRelease": "19.0.0.2-TA1",
   "options": [
      "--excludePackages=com.ibm,com.informix,com.microsoft,com.sybase,com.sun,java,javax,net,oracle,org,sqlj,_ibmjsp"
   ],
   "applications": [
      "/opt/IBM/WebSphere/AppServer/profiles/Dmgr01/config/cells/apwasdevCell01/applications/HelloJersey_war.ear/HelloJersey_war.ear"
   ],
   "sharedLibraries": [
   ],
   "archives": {
      "ears": 1,
      "wars": 1,
      "rars": 0,
      "ejbs": 0,
      "webFragments": 0,
      "utilityJars": 7,
      "appClients": 0
   },
   "summary": {
      "servlets": 1,
      "jsps": 1,
      "jpaEntities": 0,
      "bmpEntityBeans": 0,
      "cmpEntityBeans": 0,
      "messageDrivenBeans": 0,
      "singletonSessionBeans": 0,
      "statefulSessionBeans": 0,
      "statelessSessionBeans": 0,
      "jaxrpcConsumers": 0,
      "jaxrpcProviders": 0,
      "jaxrsConsumers": 0,
      "jaxrsProviders": 29,
      "jaxwsConsumers": 0,
      "jaxwsProviders": 0
   },
   "archiveInventory": [
      {
         "archiveName": "/opt/IBM/WebSphere/AppServer/profiles/Dmgr01/config/cells/apwasdevCell01/applications/HelloJersey_war.ear/HelloJersey_war.ear",
         "moduleType": "Enterprise archive",
         "moduleVersion": "5",
         "metadataComplete": null,
         "moduleSize": 1535412,
         "archives": {
            "wars": 1,
            "rars": 0,
            "ejbs": 0,
            "utilityJars": 7,
            "appClients": 0
         },
         "summary": {
            "servlets": 1,
            "jsps": 1,
            "jpaEntities": 0,
            "bmpEntityBeans": 0,
            "cmpEntityBeans": 0,
            "messageDrivenBeans": 0,
            "singletonSessionBeans": 0,
            "statefulSessionBeans": 0,
            "statelessSessionBeans": 0,
            "jaxrpcConsumers": 0,
            "jaxrpcProviders": 0,
            "jaxrsConsumers": 0,
            "jaxrsProviders": 29,
            "jaxwsConsumers": 0,
            "jaxwsProviders": 0
         },
         "potentialDeploymentProblemsSummary": {
            "archivesContainingDuplicateClasses": 2,
            "archivesContainingJavaEEorSEClasses": 2,
            "archivesContainingConflictingOpenSourceSoftwareClasses": 1,
            "archivesContainingWebSphereClasses": 0,
            "archivesNotReferencedInTheApplication": 3,
            "archivesWithMissingDependenciesInTheApplication": 2,
            "classesWithSystemLevelJVMConfiguration": 0,
            "sharedLibrariesReferencingApplicationClasses": 0
         },
         "potentialDeploymentProblemsDetails": [
            {
               "duplicateClassesWithinClassLoader": [
                  {
                     "conflictingPackages": [
                        "javax.ws.rs",
                        "javax.ws.rs.core",
                        "javax.ws.rs.ext"
                     ],
                     "packageLocation": [
                        "HelloJersey.war/WEB-INF/lib/jersey-core-1.5.jar",
                        "HelloJersey.war/WEB-INF/lib/jsr311-api-1.1.1.jar"
                     ]
                  }
               ]
            },
            {
               "duplicateClassesAcrossApplication": [
               ]
            },
            {
               "javaEEandSEClasses": [
                  {
                     "conflictingPackages": [
                        "javax.ws.rs",
                        "javax.ws.rs.core",
                        "javax.ws.rs.ext"
                     ],
                     "packageLocation": [
                        "HelloJersey.war/WEB-INF/lib/jersey-core-1.5.jar",
                        "HelloJersey.war/WEB-INF/lib/jsr311-api-1.1.1.jar"
                     ]
                  }
               ]
            },
            {
               "duplicateWebSphereClasses": [
               ]
            },
            {
               "openSourceSoftwareClasses": [
                  {
                     "conflictingPackages": [
                        "org.objectweb.asm",
                        "org.objectweb.asm.signature"
                     ],
                     "packageLocation": [
                        "HelloJersey.war/WEB-INF/lib/asm-3.1.jar"
                     ],
                     "appliesTo": [
                        "V9.0",
                        "Liberty"
                     ]
                  }
               ]
            },
            {
               "archivesNotReferenced": [
                  {
                     "archive": "HelloJersey.war/WEB-INF/lib/asm-3.1.jar",
                     "referencedBy": "HelloJersey.war/WEB-INF/lib/jersey-server-1.5.jar"
                  },
                  {
                     "archive": "HelloJersey.war/WEB-INF/lib/jersey-core-1.5.jar",
                     "referencedBy": "HelloJersey.war/WEB-INF/lib/jersey-server-1.5.jar"
                  },
                  {
                     "archive": "HelloJersey.war/WEB-INF/lib/jersey-server-1.5.jar",
                     "referencedBy": ""
                  }
               ]
            },
            {
               "missingDependencies": [
                  {
                     "missingDependencies": [
                        "com.sun.grizzly.http",
                        "com.sun.grizzly.http.servlet",
                        "com.sun.grizzly.standalone",
                        "com.sun.grizzly.tcp",
                        "com.sun.grizzly.tcp.http11",
                        "com.sun.grizzly.util.buf",
                        "com.sun.net.httpserver",
                        "org.apache.tools.ant",
                        "org.apache.tools.ant.types"
                     ],
                     "archive": [
                        "HelloJersey.war/WEB-INF/lib/jersey-server-1.5.jar"
                     ]
                  },
                  {
                     "missingDependencies": [
                        "org.osgi.framework"
                     ],
                     "archive": [
                        "HelloJersey.war/WEB-INF/lib/jersey-core-1.5.jar",
                        "HelloJersey.war/WEB-INF/lib/jersey-server-1.5.jar"
                     ]
                  }
               ]
            },
            {
               "classesWithSystemLevelJVMConfiguration": [
               ]
            },
            {
               "sharedLibraryDependencies": [
               ]
            }
         ],
         "performanceConsiderations": {
            "archivesThatAreCandidatesForMetadataCompleteTrueAttribute": [
            ],
            "webModulesWithExcessiveClassFiles": [
            ],
            "webModulesWithExcessiveStaticResources": [
            ]
         },
         "containedArchiveInventory": [
            {
               "archiveName": "/opt/IBM/WebSphere/AppServer/profiles/Dmgr01/config/cells/apwasdevCell01/applications/HelloJersey_war.ear/HelloJersey_war.ear/HelloJersey.war",
               "moduleType": "Web module",
               "moduleVersion": "3.0",
               "metadataComplete": "true",
               "archives": {
                  "ejbs": 0,
                  "webFragments": 0,
                  "utilityJars": 7
               },
               "summary": {
                  "servlets": 1,
                  "jsps": 1,
                  "jpaEntities": 0,
                  "bmpEntityBeans": 0,
                  "cmpEntityBeans": 0,
                  "messageDrivenBeans": 0,
                  "singletonSessionBeans": 0,
                  "statefulSessionBeans": 0,
                  "statelessSessionBeans": 0,
                  "jaxrpcConsumers": 0,
                  "jaxrpcProviders": 0,
                  "jaxrsConsumers": 0,
                  "jaxrsProviders": 29,
                  "jaxwsConsumers": 0,
                  "jaxwsProviders": 0
               },
               "containedArchiveInventory": [
                  {
                     "archiveName": "/opt/IBM/WebSphere/AppServer/profiles/Dmgr01/config/cells/apwasdevCell01/applications/HelloJersey_war.ear/HelloJersey_war.ear/HelloJersey.war/WEB-INF/lib/asm-3.1.jar",
                     "moduleType": "Utility JAR",
                     "containedPackages": [
                        "org.objectweb.asm"
                     ]
                  },
                  {
                     "archiveName": "/opt/IBM/WebSphere/AppServer/profiles/Dmgr01/config/cells/apwasdevCell01/applications/HelloJersey_war.ear/HelloJersey_war.ear/HelloJersey.war/WEB-INF/lib/jersey-core-1.5.jar",
                     "moduleType": "Utility JAR",
                     "containedPackages": [
                        "com.sun.jersey",
                        "javax.ws.rs"
                     ]
                  },
                  {
                     "archiveName": "/opt/IBM/WebSphere/AppServer/profiles/Dmgr01/config/cells/apwasdevCell01/applications/HelloJersey_war.ear/HelloJersey_war.ear/HelloJersey.war/WEB-INF/lib/jersey-server-1.5.jar",
                     "moduleType": "Utility JAR",
                     "containedPackages": [
                        "com.sun.jersey",
                        "com.sun.research"
                     ]
                  },
                  {
                     "archiveName": "/opt/IBM/WebSphere/AppServer/profiles/Dmgr01/config/cells/apwasdevCell01/applications/HelloJersey_war.ear/HelloJersey_war.ear/HelloJersey.war/WEB-INF/lib/jsr311-api-1.1.1.jar",
                     "moduleType": "Utility JAR",
                     "containedPackages": [
                        "javax.ws.rs"
                     ]
                  },
                  {
                     "archiveName": "/opt/IBM/WebSphere/AppServer/profiles/Dmgr01/config/cells/apwasdevCell01/applications/HelloJersey_war.ear/HelloJersey_war.ear/HelloJersey.war/WEB-INF/lib/log4j-1.2.16.jar",
                     "moduleType": "Utility JAR",
                     "containedPackages": [
                        "org.apache.log4j"
                     ]
                  },
                  {
                     "archiveName": "/opt/IBM/WebSphere/AppServer/profiles/Dmgr01/config/cells/apwasdevCell01/applications/HelloJersey_war.ear/HelloJersey_war.ear/HelloJersey.war/WEB-INF/lib/slf4j-api-1.6.2.jar",
                     "moduleType": "Utility JAR",
                     "containedPackages": [
                        "org.slf4j",
                        "org.slf4j.helpers",
                        "org.slf4j.spi"
                     ]
                  },
                  {
                     "archiveName": "/opt/IBM/WebSphere/AppServer/profiles/Dmgr01/config/cells/apwasdevCell01/applications/HelloJersey_war.ear/HelloJersey_war.ear/HelloJersey.war/WEB-INF/lib/slf4j-log4j12-1.6.2.jar",
                     "moduleType": "Utility JAR",
                     "containedPackages": [
                        "org.slf4j.impl"
                     ]
                  }
               ]
            }
         ]
      }
   ],
   "sharedLibraryDetails": [
   ]
}