{
   "report": "inventory",
   "version": "2.4",
   "productVersion": "9.0",
   "productRelease": "19.0.0.2-TA1",
   "options": [
      "--excludePackages=com.ibm,com.informix,com.microsoft,com.sybase,com.sun,java,javax,net,oracle,org,sqlj,_ibmjsp"
   ],
   "applications": [
      "/opt/IBM/WebSphere/AppServer/profiles/Dmgr01/config/cells/apwasdevCell01/applications/IcareImgUpload_war.ear/IcareImgUpload_war.ear"
   ],
   "sharedLibraries": [
   ],
   "archives": {
      "ears": 1,
      "wars": 1,
      "rars": 0,
      "ejbs": 0,
      "webFragments": 0,
      "utilityJars": 8,
      "appClients": 0
   },
   "summary": {
      "servlets": 4,
      "jsps": 0,
      "jpaEntities": 0,
      "bmpEntityBeans": 0,
      "cmpEntityBeans": 0,
      "messageDrivenBeans": 0,
      "singletonSessionBeans": 0,
      "statefulSessionBeans": 0,
      "statelessSessionBeans": 0,
      "jaxrpcConsumers": 0,
      "jaxrpcProviders": 0,
      "jaxrsConsumers": 0,
      "jaxrsProviders": 0,
      "jaxwsConsumers": 0,
      "jaxwsProviders": 0
   },
   "archiveInventory": [
      {
         "archiveName": "/opt/IBM/WebSphere/AppServer/profiles/Dmgr01/config/cells/apwasdevCell01/applications/IcareImgUpload_war.ear/IcareImgUpload_war.ear",
         "moduleType": "Enterprise archive",
         "moduleVersion": "5",
         "metadataComplete": null,
         "moduleSize": 3445091,
         "archives": {
            "wars": 1,
            "rars": 0,
            "ejbs": 0,
            "utilityJars": 8,
            "appClients": 0
         },
         "summary": {
            "servlets": 4,
            "jsps": 0,
            "jpaEntities": 0,
            "bmpEntityBeans": 0,
            "cmpEntityBeans": 0,
            "messageDrivenBeans": 0,
            "singletonSessionBeans": 0,
            "statefulSessionBeans": 0,
            "statelessSessionBeans": 0,
            "jaxrpcConsumers": 0,
            "jaxrpcProviders": 0,
            "jaxrsConsumers": 0,
            "jaxrsProviders": 0,
            "jaxwsConsumers": 0,
            "jaxwsProviders": 0
         },
         "potentialDeploymentProblemsSummary": {
            "archivesContainingDuplicateClasses": 0,
            "archivesContainingJavaEEorSEClasses": 0,
            "archivesContainingConflictingOpenSourceSoftwareClasses": 3,
            "archivesContainingWebSphereClasses": 0,
            "archivesNotReferencedInTheApplication": 2,
            "archivesWithMissingDependenciesInTheApplication": 7,
            "classesWithSystemLevelJVMConfiguration": 0,
            "sharedLibrariesReferencingApplicationClasses": 0
         },
         "potentialDeploymentProblemsDetails": [
            {
               "duplicateClassesWithinClassLoader": [
               ]
            },
            {
               "duplicateClassesAcrossApplication": [
               ]
            },
            {
               "javaEEandSEClasses": [
               ]
            },
            {
               "duplicateWebSphereClasses": [
               ]
            },
            {
               "openSourceSoftwareClasses": [
                  {
                     "conflictingPackages": [
                        "org.apache.commons.fileupload",
                        "org.apache.commons.fileupload.disk",
                        "org.apache.commons.fileupload.portlet",
                        "org.apache.commons.fileupload.servlet",
                        "org.apache.commons.fileupload.util",
                        "org.apache.commons.fileupload.util.mime"
                     ],
                     "packageLocation": [
                        "IcareImgUpload.war/WEB-INF/lib/commons-fileupload-1.3.1.jar"
                     ],
                     "appliesTo": [
                        "V8.5.5",
                        "V9.0"
                     ]
                  },
                  {
                     "conflictingPackages": [
                        "org.apache.http",
                        "org.apache.http.entity",
                        "org.apache.http.impl",
                        "org.apache.http.impl.entity",
                        "org.apache.http.impl.io",
                        "org.apache.http.io",
                        "org.apache.http.message",
                        "org.apache.http.params",
                        "org.apache.http.protocol",
                        "org.apache.http.util"
                     ],
                     "packageLocation": [
                        "IcareImgUpload.war/WEB-INF/lib/apache-httpcomponents-httpcore.jar"
                     ],
                     "appliesTo": [
                        "V8.5.5"
                     ]
                  },
                  {
                     "conflictingPackages": [
                        "org.apache.http.auth",
                        "org.apache.http.auth.params",
                        "org.apache.http.client",
                        "org.apache.http.client.entity",
                        "org.apache.http.client.methods",
                        "org.apache.http.client.params",
                        "org.apache.http.client.protocol",
                        "org.apache.http.client.utils",
                        "org.apache.http.conn",
                        "org.apache.http.conn.params",
                        "org.apache.http.conn.routing",
                        "org.apache.http.conn.scheme",
                        "org.apache.http.conn.ssl",
                        "org.apache.http.conn.util",
                        "org.apache.http.cookie",
                        "org.apache.http.cookie.params",
                        "org.apache.http.impl.auth",
                        "org.apache.http.impl.client",
                        "org.apache.http.impl.conn",
                        "org.apache.http.impl.conn.tsccm",
                        "org.apache.http.impl.cookie"
                     ],
                     "packageLocation": [
                        "IcareImgUpload.war/WEB-INF/lib/httpclient-4.2.jar"
                     ],
                     "appliesTo": [
                        "V8.5.5"
                     ]
                  }
               ]
            },
            {
               "archivesNotReferenced": [
                  {
                     "archive": "IcareImgUpload.war/WEB-INF/lib/commons-fileupload-1.3.1.jar",
                     "referencedBy": ""
                  },
                  {
                     "archive": "IcareImgUpload.war/WEB-INF/lib/sanselan-0.97-incubator.jar",
                     "referencedBy": ""
                  }
               ]
            },
            {
               "missingDependencies": [
                  {
                     "missingDependencies": [
                        "com.sap.conn.jco",
                        "com.sap.conn.jco.rt",
                        "com.sap.conn.jco.server",
                        "com.sap.conn.jco.util",
                        "com.sap.i18n.cp"
                     ],
                     "archive": [
                        "IcareImgUpload.war/WEB-INF/lib/sapidoc3.jar"
                     ]
                  },
                  {
                     "missingDependencies": [
                        "com.sun.jersey.core.header",
                        "com.sun.jersey.core.provider",
                        "com.sun.jersey.core.reflection",
                        "com.sun.jersey.core.spi.component",
                        "com.sun.jersey.core.spi.component.ioc",
                        "com.sun.jersey.core.spi.factory",
                        "com.sun.jersey.core.util",
                        "com.sun.jersey.spi",
                        "com.sun.jersey.spi.inject",
                        "com.sun.jersey.spi.service"
                     ],
                     "archive": [
                        "IcareImgUpload.war/WEB-INF/lib/jersey-client-1.18.jar"
                     ]
                  },
                  {
                     "missingDependencies": [
                        "org.apache.commons.codec",
                        "org.apache.commons.codec.net"
                     ],
                     "archive": [
                        "IcareImgUpload.war/WEB-INF/lib/commons-httpclient-3.1-rc1.jar"
                     ]
                  },
                  {
                     "missingDependencies": [
                        "org.apache.commons.codec.binary",
                        "org.apache.commons.logging"
                     ],
                     "archive": [
                        "IcareImgUpload.war/WEB-INF/lib/httpclient-4.2.jar",
                        "IcareImgUpload.war/WEB-INF/lib/commons-httpclient-3.1-rc1.jar"
                     ]
                  },
                  {
                     "missingDependencies": [
                        "org.apache.commons.io"
                     ],
                     "archive": [
                        "IcareImgUpload.war/WEB-INF/lib/commons-fileupload-1.3.1.jar"
                     ]
                  },
                  {
                     "missingDependencies": [
                        "org.apache.commons.io.output"
                     ],
                     "archive": [
                        "IcareImgUpload.war",
                        "IcareImgUpload.war/WEB-INF/lib/commons-fileupload-1.3.1.jar"
                     ]
                  },
                  {
                     "missingDependencies": [
                        "org.apache.http.annotation",
                        "org.apache.http.pool",
                        "org.ietf.jgss"
                     ],
                     "archive": [
                        "IcareImgUpload.war/WEB-INF/lib/httpclient-4.2.jar"
                     ]
                  },
                  {
                     "missingDependencies": [
                        "org.bouncycastle.asn1",
                        "org.bouncycastle.asn1.cmp",
                        "org.bouncycastle.asn1.cms",
                        "org.bouncycastle.asn1.ocsp",
                        "org.bouncycastle.asn1.pkcs",
                        "org.bouncycastle.asn1.tsp",
                        "org.bouncycastle.asn1.x509",
                        "org.bouncycastle.cms",
                        "org.bouncycastle.crypto",
                        "org.bouncycastle.crypto.engines",
                        "org.bouncycastle.crypto.modes",
                        "org.bouncycastle.crypto.paddings",
                        "org.bouncycastle.crypto.params",
                        "org.bouncycastle.jce",
                        "org.bouncycastle.jce.provider",
                        "org.bouncycastle.ocsp",
                        "org.bouncycastle.tsp"
                     ],
                     "archive": [
                        "IcareImgUpload.war/WEB-INF/lib/itextpdf-5.0.6.jar"
                     ]
                  },
                  {
                     "missingDependencies": [
                        "org.json",
                        "org.json.simple",
                        "org.json.simple.parser"
                     ],
                     "archive": [
                        "IcareImgUpload.war"
                     ]
                  }
               ]
            },
            {
               "classesWithSystemLevelJVMConfiguration": [
               ]
            },
            {
               "sharedLibraryDependencies": [
               ]
            }
         ],
         "performanceConsiderations": {
            "archivesThatAreCandidatesForMetadataCompleteTrueAttribute": [
            ],
            "webModulesWithExcessiveClassFiles": [
            ],
            "webModulesWithExcessiveStaticResources": [
            ]
         },
         "containedArchiveInventory": [
            {
               "archiveName": "/opt/IBM/WebSphere/AppServer/profiles/Dmgr01/config/cells/apwasdevCell01/applications/IcareImgUpload_war.ear/IcareImgUpload_war.ear/IcareImgUpload.war",
               "moduleType": "Web module",
               "moduleVersion": "2.5",
               "metadataComplete": "true",
               "archives": {
                  "ejbs": 0,
                  "webFragments": 0,
                  "utilityJars": 8
               },
               "summary": {
                  "servlets": 4,
                  "jsps": 0,
                  "jpaEntities": 0,
                  "bmpEntityBeans": 0,
                  "cmpEntityBeans": 0,
                  "messageDrivenBeans": 0,
                  "singletonSessionBeans": 0,
                  "statefulSessionBeans": 0,
                  "statelessSessionBeans": 0,
                  "jaxrpcConsumers": 0,
                  "jaxrpcProviders": 0,
                  "jaxrsConsumers": 0,
                  "jaxrsProviders": 0,
                  "jaxwsConsumers": 0,
                  "jaxwsProviders": 0
               },
               "containedArchiveInventory": [
                  {
                     "archiveName": "/opt/IBM/WebSphere/AppServer/profiles/Dmgr01/config/cells/apwasdevCell01/applications/IcareImgUpload_war.ear/IcareImgUpload_war.ear/IcareImgUpload.war/WEB-INF/lib/apache-httpcomponents-httpcore.jar",
                     "moduleType": "Utility JAR",
                     "containedPackages": [
                        "org.apache.http"
                     ]
                  },
                  {
                     "archiveName": "/opt/IBM/WebSphere/AppServer/profiles/Dmgr01/config/cells/apwasdevCell01/applications/IcareImgUpload_war.ear/IcareImgUpload_war.ear/IcareImgUpload.war/WEB-INF/lib/commons-fileupload-1.3.1.jar",
                     "moduleType": "Utility JAR",
                     "containedPackages": [
                        "org.apache.commons"
                     ]
                  },
                  {
                     "archiveName": "/opt/IBM/WebSphere/AppServer/profiles/Dmgr01/config/cells/apwasdevCell01/applications/IcareImgUpload_war.ear/IcareImgUpload_war.ear/IcareImgUpload.war/WEB-INF/lib/commons-httpclient-3.1-rc1.jar",
                     "moduleType": "Utility JAR",
                     "containedPackages": [
                        "org.apache.commons"
                     ]
                  },
                  {
                     "archiveName": "/opt/IBM/WebSphere/AppServer/profiles/Dmgr01/config/cells/apwasdevCell01/applications/IcareImgUpload_war.ear/IcareImgUpload_war.ear/IcareImgUpload.war/WEB-INF/lib/httpclient-4.2.jar",
                     "moduleType": "Utility JAR",
                     "containedPackages": [
                        "org.apache.http"
                     ]
                  },
                  {
                     "archiveName": "/opt/IBM/WebSphere/AppServer/profiles/Dmgr01/config/cells/apwasdevCell01/applications/IcareImgUpload_war.ear/IcareImgUpload_war.ear/IcareImgUpload.war/WEB-INF/lib/itextpdf-5.0.6.jar",
                     "moduleType": "Utility JAR",
                     "containedPackages": [
                        "com.itextpdf.text"
                     ]
                  },
                  {
                     "archiveName": "/opt/IBM/WebSphere/AppServer/profiles/Dmgr01/config/cells/apwasdevCell01/applications/IcareImgUpload_war.ear/IcareImgUpload_war.ear/IcareImgUpload.war/WEB-INF/lib/jersey-client-1.18.jar",
                     "moduleType": "Utility JAR",
                     "containedPackages": [
                        "com.sun.jersey",
                        "com.sun.ws"
                     ]
                  },
                  {
                     "archiveName": "/opt/IBM/WebSphere/AppServer/profiles/Dmgr01/config/cells/apwasdevCell01/applications/IcareImgUpload_war.ear/IcareImgUpload_war.ear/IcareImgUpload.war/WEB-INF/lib/sanselan-0.97-incubator.jar",
                     "moduleType": "Utility JAR",
                     "containedPackages": [
                        "org.apache.sanselan"
                     ]
                  },
                  {
                     "archiveName": "/opt/IBM/WebSphere/AppServer/profiles/Dmgr01/config/cells/apwasdevCell01/applications/IcareImgUpload_war.ear/IcareImgUpload_war.ear/IcareImgUpload.war/WEB-INF/lib/sapidoc3.jar",
                     "moduleType": "Utility JAR",
                     "containedPackages": [
                        "com.sap.conn"
                     ]
                  }
               ]
            }
         ]
      }
   ],
   "sharedLibraryDetails": [
   ]
}