{
   "report": "analysis",
   "version": "1.2",
   "productVersion": "9.0",
   "productRelease": "19.0.0.2-TA1",
   "options": [
      "--sourceAppServer=was855",
      "--sourceJava=ibm7",
      "--sourceJavaEE=ee6",
      "--targetAppServer=was90",
      "--targetJava=ibm8",
      "--targetJavaEE=ee7",
      "--targetCloud=vmIBMCloud",
      "--excludePackages=com.ibm,com.informix,com.microsoft,com.sybase,com.sun,java,javax,net,oracle,org,sqlj,_ibmjsp"
   ],
   "totalRulesFlagged": 6,
   "filesAffected": 5,
   "totalResults": 6,
   "severitySummary": [
      {
         "severity": "Warning",
         "totalRulesFlagged": 5,
         "totalResults": 5
      },
      {
         "severity": "Information",
         "totalRulesFlagged": 1,
         "totalResults": 1
      }
   ],
   "applications": [
      "/opt/IBM/WebSphere/AppServer/profiles/Dmgr01/config/cells/apwasdevCell01/applications/ICTracker_war.ear/ICTracker_war.ear"
   ],
   "rules": [
      {
         "ruleName": "Behavior change in java.lang.String and java.util.regex.Pattern split methods",
         "ruleId": "StringSplit",
         "severity": "Warning",
         "category": "Java SE version migration / Java SE 8 compatibility impacts",
         "results": [
            {
               "fileName": "ICTracker_war.ear/ICTracker.war/WEB-INF/classes/view/getICTracker.class",
               "details": [
                  {
                     "reference": "Method doGet",
                     "match": "java.lang.String.split(*)",
                     "lineNumber": 67
                  }
               ]
            }
         ]
      },
      {
         "ruleName": "Behavior change in month name formatting for some languages",
         "ruleId": "MonthFormattingNames",
         "severity": "Information",
         "category": "Java SE version migration / Java SE 8 compatibility impacts",
         "results": [
            {
               "fileName": "ICTracker_war.ear/ICTracker.war/WEB-INF/classes/services/LogToDB.class",
               "details": [
                  {
                     "reference": "Method logDB",
                     "match": "java.text.SimpleDateFormat.format(*)",
                     "lineNumber": 35
                  }
               ]
            }
         ]
      },
      {
         "ruleName": "CDI scans for implicit beans when there is no beans.xml file",
         "ruleId": "MissingBeansFile",
         "severity": "Warning",
         "category": "Java EE 7 / CDI",
         "results": [
            {
               "fileName": "ICTracker_war.ear/ICTracker.war",
               "details": [
                  {
                     "reference": null,
                     "match": ".*(\\.war|\\.jar)",
                     "lineNumber": 0
                  }
               ]
            }
         ]
      },
      {
         "ruleName": "Databases",
         "ruleId": "DatabasesSQLRule",
         "severity": "Warning",
         "category": "Technology connectivity considerations for IBM Cloud",
         "results": [
            {
               "fileName": "ICTracker_war.ear/ICTracker.war/WEB-INF/classes/services/DBConnect.class",
               "details": [
                  {
                     "reference": "Constructor",
                     "match": "java.sql",
                     "lineNumber": 14
                  }
               ]
            }
         ]
      },
      {
         "ruleName": "Java EE security",
         "ruleId": "ApplicationSecurityRule",
         "severity": "Warning",
         "category": "Technology connectivity considerations for IBM Cloud",
         "results": [
            {
               "fileName": "ICTracker_war.ear/ICTracker.war/WEB-INF/classes/view/getICTracker.class",
               "details": [
                  {
                     "reference": "Method doGet",
                     "match": "javax.servlet.http.HttpServletRequest.getRemoteUser(*)",
                     "lineNumber": 72
                  }
               ]
            }
         ]
      },
      {
         "ruleName": "Validate the URL host and port for cloud access",
         "ruleId": "URLRuleDockerCloud",
         "severity": "Warning",
         "category": "Connectivity considerations for IBM Cloud (Docker and WebSphere in IBM Cloud)",
         "results": [
            {
               "fileName": "ICTracker_war.ear/ICTracker.war/WEB-INF/classes/services/ADService.class",
               "details": [
                  {
                     "reference": "Method getADDetails",
                     "match": "ldap://192.168.40.15:389/DC=asianpaints,DC=com",
                     "lineNumber": 27
                  }
               ]
            }
         ]
      }
   ]
}