{
   "report": "inventory",
   "version": "2.4",
   "productVersion": "9.0",
   "productRelease": "19.0.0.2-TA1",
   "options": [
      "--excludePackages=com.ibm,com.informix,com.microsoft,com.sybase,com.sun,java,javax,net,oracle,org,sqlj,_ibmjsp"
   ],
   "applications": [
      "/opt/IBM/WebSphere/AppServer/profiles/Dmgr01/config/cells/apwasdevCell01/applications/IdealSpaceDump_war.ear/IdealSpaceDump_war.ear"
   ],
   "sharedLibraries": [
   ],
   "archives": {
      "ears": 1,
      "wars": 1,
      "rars": 0,
      "ejbs": 0,
      "webFragments": 0,
      "utilityJars": 6,
      "appClients": 0
   },
   "summary": {
      "servlets": 3,
      "jsps": 1,
      "jpaEntities": 0,
      "bmpEntityBeans": 0,
      "cmpEntityBeans": 0,
      "messageDrivenBeans": 0,
      "singletonSessionBeans": 0,
      "statefulSessionBeans": 0,
      "statelessSessionBeans": 0,
      "jaxrpcConsumers": 0,
      "jaxrpcProviders": 0,
      "jaxrsConsumers": 0,
      "jaxrsProviders": 0,
      "jaxwsConsumers": 0,
      "jaxwsProviders": 0
   },
   "archiveInventory": [
      {
         "archiveName": "/opt/IBM/WebSphere/AppServer/profiles/Dmgr01/config/cells/apwasdevCell01/applications/IdealSpaceDump_war.ear/IdealSpaceDump_war.ear",
         "moduleType": "Enterprise archive",
         "moduleVersion": "5",
         "metadataComplete": null,
         "moduleSize": 3898533,
         "archives": {
            "wars": 1,
            "rars": 0,
            "ejbs": 0,
            "utilityJars": 6,
            "appClients": 0
         },
         "summary": {
            "servlets": 3,
            "jsps": 1,
            "jpaEntities": 0,
            "bmpEntityBeans": 0,
            "cmpEntityBeans": 0,
            "messageDrivenBeans": 0,
            "singletonSessionBeans": 0,
            "statefulSessionBeans": 0,
            "statelessSessionBeans": 0,
            "jaxrpcConsumers": 0,
            "jaxrpcProviders": 0,
            "jaxrsConsumers": 0,
            "jaxrsProviders": 0,
            "jaxwsConsumers": 0,
            "jaxwsProviders": 0
         },
         "potentialDeploymentProblemsSummary": {
            "archivesContainingDuplicateClasses": 0,
            "archivesContainingJavaEEorSEClasses": 1,
            "archivesContainingConflictingOpenSourceSoftwareClasses": 1,
            "archivesContainingWebSphereClasses": 0,
            "archivesNotReferencedInTheApplication": 2,
            "archivesWithMissingDependenciesInTheApplication": 3,
            "classesWithSystemLevelJVMConfiguration": 0,
            "sharedLibrariesReferencingApplicationClasses": 0
         },
         "potentialDeploymentProblemsDetails": [
            {
               "duplicateClassesWithinClassLoader": [
               ]
            },
            {
               "duplicateClassesAcrossApplication": [
               ]
            },
            {
               "javaEEandSEClasses": [
                  {
                     "conflictingPackages": [
                        "javax.mail",
                        "javax.mail.event",
                        "javax.mail.internet",
                        "javax.mail.search",
                        "javax.mail.util"
                     ],
                     "packageLocation": [
                        "IdealSpaceDump.war/WEB-INF/lib/java-mail-1.4.4.jar"
                     ]
                  }
               ]
            },
            {
               "duplicateWebSphereClasses": [
               ]
            },
            {
               "openSourceSoftwareClasses": [
                  {
                     "conflictingPackages": [
                        "com.sun.mail.auth",
                        "com.sun.mail.handlers",
                        "com.sun.mail.iap",
                        "com.sun.mail.imap",
                        "com.sun.mail.imap.protocol",
                        "com.sun.mail.pop3",
                        "com.sun.mail.smtp",
                        "com.sun.mail.util",
                        "com.sun.mail.util.logging"
                     ],
                     "packageLocation": [
                        "IdealSpaceDump.war/WEB-INF/lib/java-mail-1.4.4.jar"
                     ],
                     "appliesTo": [
                        "V8.5.5",
                        "V9.0",
                        "Liberty"
                     ]
                  }
               ]
            },
            {
               "archivesNotReferenced": [
                  {
                     "archive": "IdealSpaceDump.war/WEB-INF/lib/oauth2-oidc-sdk-4.8.2.jar",
                     "referencedBy": ""
                  },
                  {
                     "archive": "IdealSpaceDump.war/WEB-INF/lib/ojdbc6.jar",
                     "referencedBy": ""
                  }
               ]
            },
            {
               "missingDependencies": [
                  {
                     "missingDependencies": [
                        "com.nimbusds.jose",
                        "com.nimbusds.jose.jwk",
                        "com.nimbusds.jose.util",
                        "com.nimbusds.jwt",
                        "com.nimbusds.langtag",
                        "net.jcip.annotations",
                        "net.minidev.json",
                        "net.minidev.json.parser",
                        "org.apache.commons.codec.binary",
                        "org.apache.commons.lang3",
                        "org.apache.commons.lang3.tuple"
                     ],
                     "archive": [
                        "IdealSpaceDump.war/WEB-INF/lib/oauth2-oidc-sdk-4.8.2.jar"
                     ]
                  },
                  {
                     "missingDependencies": [
                        "com.sun.security.auth.module",
                        "oracle.i18n.text",
                        "oracle.i18n.text.converter",
                        "oracle.ons",
                        "oracle.security.pki",
                        "org.ietf.jgss"
                     ],
                     "archive": [
                        "IdealSpaceDump.war/WEB-INF/lib/ojdbc6.jar"
                     ]
                  },
                  {
                     "missingDependencies": [
                        "org.joda.convert"
                     ],
                     "archive": [
                        "IdealSpaceDump.war/WEB-INF/lib/joda-time-2.3.jar"
                     ]
                  }
               ]
            },
            {
               "classesWithSystemLevelJVMConfiguration": [
               ]
            },
            {
               "sharedLibraryDependencies": [
               ]
            }
         ],
         "performanceConsiderations": {
            "archivesThatAreCandidatesForMetadataCompleteTrueAttribute": [
            ],
            "webModulesWithExcessiveClassFiles": [
            ],
            "webModulesWithExcessiveStaticResources": [
            ]
         },
         "containedArchiveInventory": [
            {
               "archiveName": "/opt/IBM/WebSphere/AppServer/profiles/Dmgr01/config/cells/apwasdevCell01/applications/IdealSpaceDump_war.ear/IdealSpaceDump_war.ear/IdealSpaceDump.war",
               "moduleType": "Web module",
               "moduleVersion": "2.5",
               "metadataComplete": "Unspecified",
               "archives": {
                  "ejbs": 0,
                  "webFragments": 0,
                  "utilityJars": 6
               },
               "summary": {
                  "servlets": 3,
                  "jsps": 1,
                  "jpaEntities": 0,
                  "bmpEntityBeans": 0,
                  "cmpEntityBeans": 0,
                  "messageDrivenBeans": 0,
                  "singletonSessionBeans": 0,
                  "statefulSessionBeans": 0,
                  "statelessSessionBeans": 0,
                  "jaxrpcConsumers": 0,
                  "jaxrpcProviders": 0,
                  "jaxrsConsumers": 0,
                  "jaxrsProviders": 0,
                  "jaxwsConsumers": 0,
                  "jaxwsProviders": 0
               },
               "containedArchiveInventory": [
                  {
                     "archiveName": "/opt/IBM/WebSphere/AppServer/profiles/Dmgr01/config/cells/apwasdevCell01/applications/IdealSpaceDump_war.ear/IdealSpaceDump_war.ear/IdealSpaceDump.war/WEB-INF/lib/java-mail-1.4.4.jar",
                     "moduleType": "Utility JAR",
                     "containedPackages": [
                        "com.sun.mail",
                        "javax.mail",
                        "javax.mail.event",
                        "javax.mail.internet",
                        "javax.mail.search",
                        "javax.mail.util"
                     ]
                  },
                  {
                     "archiveName": "/opt/IBM/WebSphere/AppServer/profiles/Dmgr01/config/cells/apwasdevCell01/applications/IdealSpaceDump_war.ear/IdealSpaceDump_war.ear/IdealSpaceDump.war/WEB-INF/lib/joda-time-2.3.jar",
                     "moduleType": "Utility JAR",
                     "containedPackages": [
                        "org.joda.time"
                     ]
                  },
                  {
                     "archiveName": "/opt/IBM/WebSphere/AppServer/profiles/Dmgr01/config/cells/apwasdevCell01/applications/IdealSpaceDump_war.ear/IdealSpaceDump_war.ear/IdealSpaceDump.war/WEB-INF/lib/json-20140107.jar",
                     "moduleType": "Utility JAR",
                     "containedPackages": [
                        "org.json",
                        "org.json.zip"
                     ]
                  },
                  {
                     "archiveName": "/opt/IBM/WebSphere/AppServer/profiles/Dmgr01/config/cells/apwasdevCell01/applications/IdealSpaceDump_war.ear/IdealSpaceDump_war.ear/IdealSpaceDump.war/WEB-INF/lib/jxl.jar",
                     "moduleType": "Utility JAR",
                     "containedPackages": [
                        "jxl",
                        "jxl.biff",
                        "jxl.biff.drawing",
                        "jxl.biff.formula",
                        "jxl.common",
                        "jxl.common.log",
                        "jxl.demo",
                        "jxl.format",
                        "jxl.read.biff",
                        "jxl.write",
                        "jxl.write.biff"
                     ]
                  },
                  {
                     "archiveName": "/opt/IBM/WebSphere/AppServer/profiles/Dmgr01/config/cells/apwasdevCell01/applications/IdealSpaceDump_war.ear/IdealSpaceDump_war.ear/IdealSpaceDump.war/WEB-INF/lib/oauth2-oidc-sdk-4.8.2.jar",
                     "moduleType": "Utility JAR",
                     "containedPackages": [
                        "com.nimbusds.oauth2",
                        "com.nimbusds.openid"
                     ]
                  },
                  {
                     "archiveName": "/opt/IBM/WebSphere/AppServer/profiles/Dmgr01/config/cells/apwasdevCell01/applications/IdealSpaceDump_war.ear/IdealSpaceDump_war.ear/IdealSpaceDump.war/WEB-INF/lib/ojdbc6.jar",
                     "moduleType": "Utility JAR",
                     "containedPackages": [
                        "oracle.core.lmx",
                        "oracle.core.lvf",
                        "oracle.jdbc",
                        "oracle.jdbc.aq",
                        "oracle.jdbc.connector",
                        "oracle.jdbc.dcn",
                        "oracle.jdbc.driver",
                        "oracle.jdbc.internal",
                        "oracle.jdbc.oci",
                        "oracle.jdbc.oracore",
                        "oracle.jdbc.pool",
                        "oracle.jdbc.rowset",
                        "oracle.jdbc.util",
                        "oracle.jdbc.xa",
                        "oracle.jpub.runtime",
                        "oracle.net.ano",
                        "oracle.net.aso",
                        "oracle.net.jdbc",
                        "oracle.net.jndi",
                        "oracle.net.ns",
                        "oracle.net.nt",
                        "oracle.net.resolver",
                        "oracle.security.o3logon",
                        "oracle.security.o5logon",
                        "oracle.sql",
                        "oracle.sql.converter"
                     ]
                  }
               ]
            }
         ]
      }
   ],
   "sharedLibraryDetails": [
   ]
}