{
   "report": "analysis",
   "version": "1.2",
   "productVersion": "9.0",
   "productRelease": "19.0.0.2-TA1",
   "options": [
      "--sourceAppServer=was855",
      "--sourceJava=ibm7",
      "--sourceJavaEE=ee6",
      "--targetAppServer=was90",
      "--targetJava=ibm8",
      "--targetJavaEE=ee7",
      "--targetCloud=vmIBMCloud",
      "--excludePackages=com.ibm,com.informix,com.microsoft,com.sybase,com.sun,java,javax,net,oracle,org,sqlj,_ibmjsp"
   ],
   "totalRulesFlagged": 4,
   "filesAffected": 3,
   "totalResults": 5,
   "severitySummary": [
      {
         "severity": "Warning",
         "totalRulesFlagged": 3,
         "totalResults": 3
      },
      {
         "severity": "Information",
         "totalRulesFlagged": 1,
         "totalResults": 2
      }
   ],
   "applications": [
      "/opt/IBM/WebSphere/AppServer/profiles/Dmgr01/config/cells/apwasdevCell01/applications/JobScheduler_war.ear/JobScheduler_war.ear"
   ],
   "rules": [
      {
         "ruleName": "Behavior change in month name formatting for some languages",
         "ruleId": "MonthFormattingNames",
         "severity": "Information",
         "category": "Java SE version migration / Java SE 8 compatibility impacts",
         "results": [
            {
               "fileName": "JobScheduler_war.ear/JobScheduler.war/WEB-INF/classes/ServiceClass/CustomAction.class",
               "details": [
                  {
                     "reference": "Method run",
                     "match": "java.text.SimpleDateFormat.format(*)",
                     "lineNumber": 135
                  },
                  {
                     "reference": "Method run",
                     "match": "java.text.SimpleDateFormat.format(*)",
                     "lineNumber": 135
                  }
               ]
            }
         ]
      },
      {
         "ruleName": "CDI scans for implicit beans when there is no beans.xml file",
         "ruleId": "MissingBeansFile",
         "severity": "Warning",
         "category": "Java EE 7 / CDI",
         "results": [
            {
               "fileName": "JobScheduler_war.ear/JobScheduler.war",
               "details": [
                  {
                     "reference": null,
                     "match": ".*(\\.war|\\.jar)",
                     "lineNumber": 0
                  }
               ]
            }
         ]
      },
      {
         "ruleName": "Databases",
         "ruleId": "DatabasesSQLRule",
         "severity": "Warning",
         "category": "Technology connectivity considerations for IBM Cloud",
         "results": [
            {
               "fileName": "JobScheduler_war.ear/JobScheduler.war/WEB-INF/classes/ServiceClass/CustomAction.class",
               "details": [
                  {
                     "reference": "Method run",
                     "match": "java.sql",
                     "lineNumber": 41
                  }
               ]
            }
         ]
      },
      {
         "ruleName": "Java EE security",
         "ruleId": "ApplicationSecurityRule",
         "severity": "Warning",
         "category": "Technology connectivity considerations for IBM Cloud",
         "results": [
            {
               "fileName": "JobScheduler_war.ear/JobScheduler.war/WEB-INF/web.xml",
               "details": [
                  {
                     "reference": null,
                     "match": "security-constraint",
                     "lineNumber": 26
                  }
               ]
            }
         ]
      }
   ]
}