{
   "report": "analysis",
   "version": "1.2",
   "productVersion": "9.0",
   "productRelease": "19.0.0.2-TA1",
   "options": [
      "--sourceAppServer=was855",
      "--sourceJava=ibm7",
      "--sourceJavaEE=ee6",
      "--targetAppServer=liberty",
      "--targetJava=ibm8",
      "--targetCloud=dockerIBMCloud",
      "--excludePackages=com.ibm,com.informix,com.microsoft,com.sybase,com.sun,java,javax,net,oracle,org,sqlj,_ibmjsp"
   ],
   "totalRulesFlagged": 9,
   "filesAffected": 83,
   "totalResults": 188,
   "severitySummary": [
      {
         "severity": "Severe",
         "totalRulesFlagged": 1,
         "totalResults": 3
      },
      {
         "severity": "Warning",
         "totalRulesFlagged": 6,
         "totalResults": 82
      },
      {
         "severity": "Information",
         "totalRulesFlagged": 2,
         "totalResults": 103
      }
   ],
   "applications": [
      "/opt/IBM/WebSphere/AppServer/profiles/Dmgr01/config/cells/apwasdevCell01/applications/KioskDashboard1_war.ear/KioskDashboard1_war.ear"
   ],
   "rules": [
      {
         "ruleName": "Behavior change in java.lang.String and java.util.regex.Pattern split methods",
         "ruleId": "StringSplit",
         "severity": "Warning",
         "category": "Java SE version migration / Java SE 8 compatibility impacts",
         "results": [
            {
               "fileName": "KioskDashboard1_war.ear/KioskDashboard1.war/WEB-INF/classes/Login.class",
               "details": [
                  {
                     "reference": "Method doPost",
                     "match": "java.lang.String.split(*)",
                     "lineNumber": 73
                  }
               ]
            }
         ]
      },
      {
         "ruleName": "Behavior change in month name formatting for some languages",
         "ruleId": "MonthFormattingNames",
         "severity": "Information",
         "category": "Java SE version migration / Java SE 8 compatibility impacts",
         "results": [
            {
               "fileName": "KioskDashboard1_war.ear/KioskDashboard1.war/WEB-INF/classes/services/ActivationLogs.class",
               "details": [
                  {
                     "reference": "Method getActivationLogs",
                     "match": "java.text.SimpleDateFormat.format(*)",
                     "lineNumber": 79
                  }
               ]
            },
            {
               "fileName": "KioskDashboard1_war.ear/KioskDashboard1.war/WEB-INF/classes/services/GetFilteredStatistics.class",
               "details": [
                  {
                     "reference": "Method getFilteredData",
                     "match": "java.text.SimpleDateFormat.format(*)",
                     "lineNumber": 44
                  },
                  {
                     "reference": "Method getFilteredData",
                     "match": "java.text.SimpleDateFormat.format(*)",
                     "lineNumber": 47
                  },
                  {
                     "reference": "Method getFilteredData",
                     "match": "java.text.SimpleDateFormat.format(*)",
                     "lineNumber": 47
                  },
                  {
                     "reference": "Method getFilteredData",
                     "match": "java.text.SimpleDateFormat.format(*)",
                     "lineNumber": 71
                  },
                  {
                     "reference": "Method getFilteredData",
                     "match": "java.text.SimpleDateFormat.format(*)",
                     "lineNumber": 71
                  },
                  {
                     "reference": "Method getFilteredData",
                     "match": "java.text.SimpleDateFormat.format(*)",
                     "lineNumber": 162
                  },
                  {
                     "reference": "Method getFilteredData",
                     "match": "java.text.SimpleDateFormat.format(*)",
                     "lineNumber": 162
                  },
                  {
                     "reference": "Method getFilteredData",
                     "match": "java.text.SimpleDateFormat.format(*)",
                     "lineNumber": 224
                  },
                  {
                     "reference": "Method getFilteredData",
                     "match": "java.text.SimpleDateFormat.format(*)",
                     "lineNumber": 224
                  },
                  {
                     "reference": "Method getFilteredData",
                     "match": "java.text.SimpleDateFormat.format(*)",
                     "lineNumber": 390
                  },
                  {
                     "reference": "Method getFilteredData",
                     "match": "java.text.SimpleDateFormat.format(*)",
                     "lineNumber": 390
                  },
                  {
                     "reference": "Method getFilteredData",
                     "match": "java.text.SimpleDateFormat.format(*)",
                     "lineNumber": 413
                  },
                  {
                     "reference": "Method getFilteredData",
                     "match": "java.text.SimpleDateFormat.format(*)",
                     "lineNumber": 413
                  },
                  {
                     "reference": "Method getFilteredData",
                     "match": "java.text.SimpleDateFormat.format(*)",
                     "lineNumber": 477
                  },
                  {
                     "reference": "Method getFilteredData",
                     "match": "java.text.SimpleDateFormat.format(*)",
                     "lineNumber": 477
                  },
                  {
                     "reference": "Method getFilteredData",
                     "match": "java.text.SimpleDateFormat.format(*)",
                     "lineNumber": 519
                  },
                  {
                     "reference": "Method getFilteredData",
                     "match": "java.text.SimpleDateFormat.format(*)",
                     "lineNumber": 519
                  }
               ]
            },
            {
               "fileName": "KioskDashboard1_war.ear/KioskDashboard1.war/WEB-INF/classes/services/ReadHeartBeatLogs.class",
               "details": [
                  {
                     "reference": "Method getHearbeatQuery",
                     "match": "java.text.SimpleDateFormat.format(*)",
                     "lineNumber": 490
                  },
                  {
                     "reference": "Method getHearbeatQuery",
                     "match": "java.text.SimpleDateFormat.format(*)",
                     "lineNumber": 492
                  },
                  {
                     "reference": "Method getHearbeatQuery",
                     "match": "java.text.SimpleDateFormat.format(*)",
                     "lineNumber": 512
                  },
                  {
                     "reference": "Method getHearbeatQuery",
                     "match": "java.text.SimpleDateFormat.format(*)",
                     "lineNumber": 514
                  },
                  {
                     "reference": "Method getHearbeatQuery",
                     "match": "java.text.SimpleDateFormat.format(*)",
                     "lineNumber": 529
                  },
                  {
                     "reference": "Method getHearbeatQuery",
                     "match": "java.text.SimpleDateFormat.format(*)",
                     "lineNumber": 531
                  },
                  {
                     "reference": "Method getPDFCounts",
                     "match": "java.text.SimpleDateFormat.format(*)",
                     "lineNumber": 570
                  },
                  {
                     "reference": "Method getPDFCounts",
                     "match": "java.text.SimpleDateFormat.format(*)",
                     "lineNumber": 572
                  },
                  {
                     "reference": "Method getPDFCounts",
                     "match": "java.text.SimpleDateFormat.format(*)",
                     "lineNumber": 591
                  },
                  {
                     "reference": "Method getPDFCounts",
                     "match": "java.text.SimpleDateFormat.format(*)",
                     "lineNumber": 593
                  },
                  {
                     "reference": "Method getPDFCounts",
                     "match": "java.text.SimpleDateFormat.format(*)",
                     "lineNumber": 607
                  },
                  {
                     "reference": "Method getPDFCounts",
                     "match": "java.text.SimpleDateFormat.format(*)",
                     "lineNumber": 609
                  },
                  {
                     "reference": "Method read",
                     "match": "java.text.SimpleDateFormat.format(*)",
                     "lineNumber": 26
                  },
                  {
                     "reference": "Method read",
                     "match": "java.text.SimpleDateFormat.format(*)",
                     "lineNumber": 28
                  },
                  {
                     "reference": "Method read",
                     "match": "java.text.SimpleDateFormat.format(*)",
                     "lineNumber": 39
                  },
                  {
                     "reference": "Method read",
                     "match": "java.text.SimpleDateFormat.format(*)",
                     "lineNumber": 55
                  },
                  {
                     "reference": "Method read",
                     "match": "java.text.SimpleDateFormat.format(*)",
                     "lineNumber": 318
                  },
                  {
                     "reference": "Method read",
                     "match": "java.text.SimpleDateFormat.format(*)",
                     "lineNumber": 320
                  },
                  {
                     "reference": "Method readTillDate",
                     "match": "java.text.SimpleDateFormat.format(*)",
                     "lineNumber": 81
                  },
                  {
                     "reference": "Method readTillDate",
                     "match": "java.text.SimpleDateFormat.format(*)",
                     "lineNumber": 83
                  },
                  {
                     "reference": "Method readTillDate",
                     "match": "java.text.SimpleDateFormat.format(*)",
                     "lineNumber": 87
                  },
                  {
                     "reference": "Method readTillDate",
                     "match": "java.text.SimpleDateFormat.format(*)",
                     "lineNumber": 89
                  },
                  {
                     "reference": "Method readTillDate",
                     "match": "java.text.SimpleDateFormat.format(*)",
                     "lineNumber": 105
                  },
                  {
                     "reference": "Method readTillDate",
                     "match": "java.text.SimpleDateFormat.format(*)",
                     "lineNumber": 115
                  },
                  {
                     "reference": "Method readTillDate",
                     "match": "java.text.SimpleDateFormat.format(*)",
                     "lineNumber": 132
                  }
               ]
            },
            {
               "fileName": "KioskDashboard1_war.ear/KioskDashboard1.war/WEB-INF/classes/services/ReadTripChoiceLogs.class",
               "details": [
                  {
                     "reference": "Method read",
                     "match": "java.text.SimpleDateFormat.format(*)",
                     "lineNumber": 20
                  },
                  {
                     "reference": "Method read",
                     "match": "java.text.SimpleDateFormat.format(*)",
                     "lineNumber": 20
                  },
                  {
                     "reference": "Method read",
                     "match": "java.text.SimpleDateFormat.format(*)",
                     "lineNumber": 29
                  },
                  {
                     "reference": "Method read",
                     "match": "java.text.SimpleDateFormat.format(*)",
                     "lineNumber": 41
                  },
                  {
                     "reference": "Method readTill",
                     "match": "java.text.SimpleDateFormat.format(*)",
                     "lineNumber": 76
                  },
                  {
                     "reference": "Method readTill",
                     "match": "java.text.SimpleDateFormat.format(*)",
                     "lineNumber": 76
                  },
                  {
                     "reference": "Method readTill",
                     "match": "java.text.SimpleDateFormat.format(*)",
                     "lineNumber": 80
                  },
                  {
                     "reference": "Method readTill",
                     "match": "java.text.SimpleDateFormat.format(*)",
                     "lineNumber": 80
                  },
                  {
                     "reference": "Method readTill",
                     "match": "java.text.SimpleDateFormat.format(*)",
                     "lineNumber": 97
                  },
                  {
                     "reference": "Method readTill",
                     "match": "java.text.SimpleDateFormat.format(*)",
                     "lineNumber": 109
                  },
                  {
                     "reference": "Method readTripChoice",
                     "match": "java.text.SimpleDateFormat.format(*)",
                     "lineNumber": 156
                  },
                  {
                     "reference": "Method readTripChoice",
                     "match": "java.text.SimpleDateFormat.format(*)",
                     "lineNumber": 156
                  },
                  {
                     "reference": "Method readTripChoice",
                     "match": "java.text.SimpleDateFormat.format(*)",
                     "lineNumber": 179
                  },
                  {
                     "reference": "Method readTripChoice",
                     "match": "java.text.SimpleDateFormat.format(*)",
                     "lineNumber": 179
                  },
                  {
                     "reference": "Method readTripChoice",
                     "match": "java.text.SimpleDateFormat.format(*)",
                     "lineNumber": 271
                  },
                  {
                     "reference": "Method readTripChoice",
                     "match": "java.text.SimpleDateFormat.format(*)",
                     "lineNumber": 271
                  },
                  {
                     "reference": "Method readTripChoice",
                     "match": "java.text.SimpleDateFormat.format(*)",
                     "lineNumber": 332
                  },
                  {
                     "reference": "Method readTripChoice",
                     "match": "java.text.SimpleDateFormat.format(*)",
                     "lineNumber": 332
                  },
                  {
                     "reference": "Method readTripChoice",
                     "match": "java.text.SimpleDateFormat.format(*)",
                     "lineNumber": 544
                  },
                  {
                     "reference": "Method readTripChoice",
                     "match": "java.text.SimpleDateFormat.format(*)",
                     "lineNumber": 544
                  },
                  {
                     "reference": "Method readTripChoice",
                     "match": "java.text.SimpleDateFormat.format(*)",
                     "lineNumber": 574
                  },
                  {
                     "reference": "Method readTripChoice",
                     "match": "java.text.SimpleDateFormat.format(*)",
                     "lineNumber": 574
                  }
               ]
            },
            {
               "fileName": "KioskDashboard1_war.ear/KioskDashboard1.war/WEB-INF/classes/services/ReadTripLogs.class",
               "details": [
                  {
                     "reference": "Method read",
                     "match": "java.text.SimpleDateFormat.format(*)",
                     "lineNumber": 21
                  },
                  {
                     "reference": "Method read",
                     "match": "java.text.SimpleDateFormat.format(*)",
                     "lineNumber": 21
                  },
                  {
                     "reference": "Method read",
                     "match": "java.text.SimpleDateFormat.format(*)",
                     "lineNumber": 30
                  },
                  {
                     "reference": "Method read",
                     "match": "java.text.SimpleDateFormat.format(*)",
                     "lineNumber": 42
                  },
                  {
                     "reference": "Method readTillDate",
                     "match": "java.text.SimpleDateFormat.format(*)",
                     "lineNumber": 77
                  },
                  {
                     "reference": "Method readTillDate",
                     "match": "java.text.SimpleDateFormat.format(*)",
                     "lineNumber": 94
                  },
                  {
                     "reference": "Method readTillDate",
                     "match": "java.text.SimpleDateFormat.format(*)",
                     "lineNumber": 106
                  },
                  {
                     "reference": "Method readTrips",
                     "match": "java.text.SimpleDateFormat.format(*)",
                     "lineNumber": 144
                  },
                  {
                     "reference": "Method readTrips",
                     "match": "java.text.SimpleDateFormat.format(*)",
                     "lineNumber": 144
                  },
                  {
                     "reference": "Method readTrips",
                     "match": "java.text.SimpleDateFormat.format(*)",
                     "lineNumber": 167
                  },
                  {
                     "reference": "Method readTrips",
                     "match": "java.text.SimpleDateFormat.format(*)",
                     "lineNumber": 167
                  },
                  {
                     "reference": "Method readTrips",
                     "match": "java.text.SimpleDateFormat.format(*)",
                     "lineNumber": 183
                  },
                  {
                     "reference": "Method readTrips",
                     "match": "java.text.SimpleDateFormat.format(*)",
                     "lineNumber": 183
                  }
               ]
            },
            {
               "fileName": "KioskDashboard1_war.ear/KioskDashboard1.war/WEB-INF/lib/jxl-2.6.10.jar/jxl/demo/Write.class",
               "details": [
                  {
                     "reference": "Method writeDateFormatSheet",
                     "match": "java.text.SimpleDateFormat.format(*)",
                     "lineNumber": 497
                  },
                  {
                     "reference": "Method writeDateFormatSheet",
                     "match": "java.text.SimpleDateFormat.format(*)",
                     "lineNumber": 617
                  },
                  {
                     "reference": "Method writeDateFormatSheet",
                     "match": "java.text.SimpleDateFormat.format(*)",
                     "lineNumber": 626
                  },
                  {
                     "reference": "Method writeDateFormatSheet",
                     "match": "java.text.SimpleDateFormat.format(*)",
                     "lineNumber": 635
                  },
                  {
                     "reference": "Method writeDateFormatSheet",
                     "match": "java.text.SimpleDateFormat.format(*)",
                     "lineNumber": 644
                  },
                  {
                     "reference": "Method writeDateFormatSheet",
                     "match": "java.text.SimpleDateFormat.format(*)",
                     "lineNumber": 653
                  },
                  {
                     "reference": "Method writeDateFormatSheet",
                     "match": "java.text.SimpleDateFormat.format(*)",
                     "lineNumber": 662
                  },
                  {
                     "reference": "Method writeDateFormatSheet",
                     "match": "java.text.SimpleDateFormat.format(*)",
                     "lineNumber": 671
                  },
                  {
                     "reference": "Method writeDateFormatSheet",
                     "match": "java.text.SimpleDateFormat.format(*)",
                     "lineNumber": 680
                  },
                  {
                     "reference": "Method writeDateFormatSheet",
                     "match": "java.text.SimpleDateFormat.format(*)",
                     "lineNumber": 689
                  },
                  {
                     "reference": "Method writeDateFormatSheet",
                     "match": "java.text.SimpleDateFormat.format(*)",
                     "lineNumber": 698
                  },
                  {
                     "reference": "Method writeDateFormatSheet",
                     "match": "java.text.SimpleDateFormat.format(*)",
                     "lineNumber": 707
                  },
                  {
                     "reference": "Method writeDateFormatSheet",
                     "match": "java.text.SimpleDateFormat.format(*)",
                     "lineNumber": 716
                  },
                  {
                     "reference": "Method writeDateFormatSheet",
                     "match": "java.text.SimpleDateFormat.format(*)",
                     "lineNumber": 725
                  }
               ]
            },
            {
               "fileName": "KioskDashboard1_war.ear/KioskDashboard1.war/WEB-INF/lib/jxl-2.6.10.jar/jxl/read/biff/DateRecord.class",
               "details": [
                  {
                     "reference": "Method getContents",
                     "match": "java.text.DateFormat.format(*)",
                     "lineNumber": 236
                  }
               ]
            },
            {
               "fileName": "KioskDashboard1_war.ear/KioskDashboard1.war/WEB-INF/lib/sapidoc3.jar/com/sap/conn/idoc/rt/ErrorTrace.class",
               "details": [
                  {
                     "reference": "Method trace",
                     "match": "java.text.DateFormat.format(*)",
                     "lineNumber": 147
                  }
               ]
            },
            {
               "fileName": "KioskDashboard1_war.ear/KioskDashboard1.war/WEB-INF/lib/sapidoc3.jar/com/sap/conn/idoc/rt/util/SyncDateFormat.class",
               "details": [
                  {
                     "reference": "Method format",
                     "match": "java.text.SimpleDateFormat.format(*)",
                     "lineNumber": 50
                  }
               ]
            }
         ]
      },
      {
         "ruleName": "Behavior change in rounding in NumberFormat and DecimalFormat format methods",
         "ruleId": "NumberFormatRounding",
         "severity": "Information",
         "category": "Java SE version migration / Java SE 8 compatibility impacts",
         "results": [
            {
               "fileName": "KioskDashboard1_war.ear/KioskDashboard1.war/WEB-INF/lib/jxl-2.6.10.jar/jxl/biff/DVParser.class",
               "details": [
                  {
                     "reference": "Constructor",
                     "match": "java.text.DecimalFormat.format(double)",
                     "lineNumber": 575
                  },
                  {
                     "reference": "Constructor",
                     "match": "java.text.DecimalFormat.format(double)",
                     "lineNumber": 579
                  }
               ]
            },
            {
               "fileName": "KioskDashboard1_war.ear/KioskDashboard1.war/WEB-INF/lib/jxl-2.6.10.jar/jxl/read/biff/NumberFormulaRecord.class",
               "details": [
                  {
                     "reference": "Method getContents",
                     "match": "java.text.NumberFormat.format(double)",
                     "lineNumber": 131
                  }
               ]
            },
            {
               "fileName": "KioskDashboard1_war.ear/KioskDashboard1.war/WEB-INF/lib/jxl-2.6.10.jar/jxl/read/biff/NumberRecord.class",
               "details": [
                  {
                     "reference": "Method getContents",
                     "match": "java.text.NumberFormat.format(double)",
                     "lineNumber": 97
                  }
               ]
            },
            {
               "fileName": "KioskDashboard1_war.ear/KioskDashboard1.war/WEB-INF/lib/jxl-2.6.10.jar/jxl/read/biff/NumberValue.class",
               "details": [
                  {
                     "reference": "Method getContents",
                     "match": "java.text.NumberFormat.format(double)",
                     "lineNumber": 168
                  }
               ]
            },
            {
               "fileName": "KioskDashboard1_war.ear/KioskDashboard1.war/WEB-INF/lib/jxl-2.6.10.jar/jxl/read/biff/RKRecord.class",
               "details": [
                  {
                     "reference": "Method getContents",
                     "match": "java.text.NumberFormat.format(double)",
                     "lineNumber": 96
                  }
               ]
            },
            {
               "fileName": "KioskDashboard1_war.ear/KioskDashboard1.war/WEB-INF/lib/jxl-2.6.10.jar/jxl/read/biff/SharedNumberFormulaRecord.class",
               "details": [
                  {
                     "reference": "Method getContents",
                     "match": "java.text.NumberFormat.format(double)",
                     "lineNumber": 127
                  }
               ]
            },
            {
               "fileName": "KioskDashboard1_war.ear/KioskDashboard1.war/WEB-INF/lib/jxl-2.6.10.jar/jxl/write/biff/NumberRecord.class",
               "details": [
                  {
                     "reference": "Method getContents",
                     "match": "java.text.NumberFormat.format(double)",
                     "lineNumber": 147
                  }
               ]
            }
         ]
      },
      {
         "ruleName": "Databases",
         "ruleId": "DatabasesSQLRule",
         "severity": "Warning",
         "category": "Technology connectivity considerations for IBM Cloud",
         "results": [
            {
               "fileName": "KioskDashboard1_war.ear/KioskDashboard1.war/WEB-INF/classes/GenerateReport.class",
               "details": [
                  {
                     "reference": "Method doPost",
                     "match": "java.sql",
                     "lineNumber": 412
                  }
               ]
            }
         ]
      },
      {
         "ruleName": "Handling application configuration in Docker containers",
         "ruleId": "DetectPropertiesFiles",
         "severity": "Warning",
         "category": "Docker (IBM Cloud Kubernetes Service)",
         "results": [
            {
               "fileName": "KioskDashboard1_war.ear/KioskDashboard1.war/WEB-INF/lib/httpclient-4.0.3.jar/META-INF/maven/org.apache.httpcomponents/httpclient/pom.properties",
               "details": [
                  {
                     "reference": null,
                     "match": "(.*)?\\.properties",
                     "lineNumber": 0
                  }
               ]
            },
            {
               "fileName": "KioskDashboard1_war.ear/KioskDashboard1.war/WEB-INF/lib/httpclient-4.0.3.jar/org/apache/http/client/version.properties",
               "details": [
                  {
                     "reference": null,
                     "match": "(.*)?\\.properties",
                     "lineNumber": 0
                  }
               ]
            },
            {
               "fileName": "KioskDashboard1_war.ear/KioskDashboard1.war/WEB-INF/lib/httpcore-4.1.1.jar/META-INF/maven/org.apache.httpcomponents/httpcore/pom.properties",
               "details": [
                  {
                     "reference": null,
                     "match": "(.*)?\\.properties",
                     "lineNumber": 0
                  }
               ]
            },
            {
               "fileName": "KioskDashboard1_war.ear/KioskDashboard1.war/WEB-INF/lib/httpcore-4.1.1.jar/org/apache/http/version.properties",
               "details": [
                  {
                     "reference": null,
                     "match": "(.*)?\\.properties",
                     "lineNumber": 0
                  }
               ]
            },
            {
               "fileName": "KioskDashboard1_war.ear/KioskDashboard1.war/WEB-INF/lib/json-simple-1.1.1.jar/META-INF/maven/com.googlecode.json-simple/json-simple/pom.properties",
               "details": [
                  {
                     "reference": null,
                     "match": "(.*)?\\.properties",
                     "lineNumber": 0
                  }
               ]
            },
            {
               "fileName": "KioskDashboard1_war.ear/KioskDashboard1.war/WEB-INF/lib/jtidy.jar/jtidy.properties",
               "details": [
                  {
                     "reference": null,
                     "match": "(.*)?\\.properties",
                     "lineNumber": 0
                  }
               ]
            },
            {
               "fileName": "KioskDashboard1_war.ear/KioskDashboard1.war/WEB-INF/lib/jtidy.jar/org/w3c/tidy/TidyMessages.properties",
               "details": [
                  {
                     "reference": null,
                     "match": "(.*)?\\.properties",
                     "lineNumber": 0
                  }
               ]
            },
            {
               "fileName": "KioskDashboard1_war.ear/KioskDashboard1.war/WEB-INF/lib/jtidy.jar/org/w3c/tidy/TidyMessages_de.properties",
               "details": [
                  {
                     "reference": null,
                     "match": "(.*)?\\.properties",
                     "lineNumber": 0
                  }
               ]
            },
            {
               "fileName": "KioskDashboard1_war.ear/KioskDashboard1.war/WEB-INF/lib/jtidy.jar/org/w3c/tidy/TidyMessages_es.properties",
               "details": [
                  {
                     "reference": null,
                     "match": "(.*)?\\.properties",
                     "lineNumber": 0
                  }
               ]
            },
            {
               "fileName": "KioskDashboard1_war.ear/KioskDashboard1.war/WEB-INF/lib/jxl-2.6.10.jar/functions.properties",
               "details": [
                  {
                     "reference": null,
                     "match": "(.*)?\\.properties",
                     "lineNumber": 0
                  }
               ]
            },
            {
               "fileName": "KioskDashboard1_war.ear/KioskDashboard1.war/WEB-INF/lib/jxl-2.6.10.jar/functions_da.properties",
               "details": [
                  {
                     "reference": null,
                     "match": "(.*)?\\.properties",
                     "lineNumber": 0
                  }
               ]
            },
            {
               "fileName": "KioskDashboard1_war.ear/KioskDashboard1.war/WEB-INF/lib/jxl-2.6.10.jar/functions_de.properties",
               "details": [
                  {
                     "reference": null,
                     "match": "(.*)?\\.properties",
                     "lineNumber": 0
                  }
               ]
            },
            {
               "fileName": "KioskDashboard1_war.ear/KioskDashboard1.war/WEB-INF/lib/jxl-2.6.10.jar/functions_en.properties",
               "details": [
                  {
                     "reference": null,
                     "match": "(.*)?\\.properties",
                     "lineNumber": 0
                  }
               ]
            },
            {
               "fileName": "KioskDashboard1_war.ear/KioskDashboard1.war/WEB-INF/lib/jxl-2.6.10.jar/functions_es.properties",
               "details": [
                  {
                     "reference": null,
                     "match": "(.*)?\\.properties",
                     "lineNumber": 0
                  }
               ]
            },
            {
               "fileName": "KioskDashboard1_war.ear/KioskDashboard1.war/WEB-INF/lib/jxl-2.6.10.jar/functions_fr.properties",
               "details": [
                  {
                     "reference": null,
                     "match": "(.*)?\\.properties",
                     "lineNumber": 0
                  }
               ]
            },
            {
               "fileName": "KioskDashboard1_war.ear/KioskDashboard1.war/WEB-INF/lib/jxl-2.6.10.jar/functions_nl.properties",
               "details": [
                  {
                     "reference": null,
                     "match": "(.*)?\\.properties",
                     "lineNumber": 0
                  }
               ]
            },
            {
               "fileName": "KioskDashboard1_war.ear/KioskDashboard1.war/WEB-INF/lib/ojdbc6.jar/oracle/jdbc/driver/Messages.properties",
               "details": [
                  {
                     "reference": null,
                     "match": "(.*)?\\.properties",
                     "lineNumber": 0
                  }
               ]
            },
            {
               "fileName": "KioskDashboard1_war.ear/KioskDashboard1.war/WEB-INF/lib/ojdbc6.jar/oracle/jdbc/driver/Messages_ar.properties",
               "details": [
                  {
                     "reference": null,
                     "match": "(.*)?\\.properties",
                     "lineNumber": 0
                  }
               ]
            },
            {
               "fileName": "KioskDashboard1_war.ear/KioskDashboard1.war/WEB-INF/lib/ojdbc6.jar/oracle/jdbc/driver/Messages_ca.properties",
               "details": [
                  {
                     "reference": null,
                     "match": "(.*)?\\.properties",
                     "lineNumber": 0
                  }
               ]
            },
            {
               "fileName": "KioskDashboard1_war.ear/KioskDashboard1.war/WEB-INF/lib/ojdbc6.jar/oracle/jdbc/driver/Messages_cs.properties",
               "details": [
                  {
                     "reference": null,
                     "match": "(.*)?\\.properties",
                     "lineNumber": 0
                  }
               ]
            },
            {
               "fileName": "KioskDashboard1_war.ear/KioskDashboard1.war/WEB-INF/lib/ojdbc6.jar/oracle/jdbc/driver/Messages_da.properties",
               "details": [
                  {
                     "reference": null,
                     "match": "(.*)?\\.properties",
                     "lineNumber": 0
                  }
               ]
            },
            {
               "fileName": "KioskDashboard1_war.ear/KioskDashboard1.war/WEB-INF/lib/ojdbc6.jar/oracle/jdbc/driver/Messages_de.properties",
               "details": [
                  {
                     "reference": null,
                     "match": "(.*)?\\.properties",
                     "lineNumber": 0
                  }
               ]
            },
            {
               "fileName": "KioskDashboard1_war.ear/KioskDashboard1.war/WEB-INF/lib/ojdbc6.jar/oracle/jdbc/driver/Messages_el.properties",
               "details": [
                  {
                     "reference": null,
                     "match": "(.*)?\\.properties",
                     "lineNumber": 0
                  }
               ]
            },
            {
               "fileName": "KioskDashboard1_war.ear/KioskDashboard1.war/WEB-INF/lib/ojdbc6.jar/oracle/jdbc/driver/Messages_es.properties",
               "details": [
                  {
                     "reference": null,
                     "match": "(.*)?\\.properties",
                     "lineNumber": 0
                  }
               ]
            },
            {
               "fileName": "KioskDashboard1_war.ear/KioskDashboard1.war/WEB-INF/lib/ojdbc6.jar/oracle/jdbc/driver/Messages_fi.properties",
               "details": [
                  {
                     "reference": null,
                     "match": "(.*)?\\.properties",
                     "lineNumber": 0
                  }
               ]
            },
            {
               "fileName": "KioskDashboard1_war.ear/KioskDashboard1.war/WEB-INF/lib/ojdbc6.jar/oracle/jdbc/driver/Messages_fr.properties",
               "details": [
                  {
                     "reference": null,
                     "match": "(.*)?\\.properties",
                     "lineNumber": 0
                  }
               ]
            },
            {
               "fileName": "KioskDashboard1_war.ear/KioskDashboard1.war/WEB-INF/lib/ojdbc6.jar/oracle/jdbc/driver/Messages_hu.properties",
               "details": [
                  {
                     "reference": null,
                     "match": "(.*)?\\.properties",
                     "lineNumber": 0
                  }
               ]
            },
            {
               "fileName": "KioskDashboard1_war.ear/KioskDashboard1.war/WEB-INF/lib/ojdbc6.jar/oracle/jdbc/driver/Messages_it.properties",
               "details": [
                  {
                     "reference": null,
                     "match": "(.*)?\\.properties",
                     "lineNumber": 0
                  }
               ]
            },
            {
               "fileName": "KioskDashboard1_war.ear/KioskDashboard1.war/WEB-INF/lib/ojdbc6.jar/oracle/jdbc/driver/Messages_iw.properties",
               "details": [
                  {
                     "reference": null,
                     "match": "(.*)?\\.properties",
                     "lineNumber": 0
                  }
               ]
            },
            {
               "fileName": "KioskDashboard1_war.ear/KioskDashboard1.war/WEB-INF/lib/ojdbc6.jar/oracle/jdbc/driver/Messages_ja.properties",
               "details": [
                  {
                     "reference": null,
                     "match": "(.*)?\\.properties",
                     "lineNumber": 0
                  }
               ]
            },
            {
               "fileName": "KioskDashboard1_war.ear/KioskDashboard1.war/WEB-INF/lib/ojdbc6.jar/oracle/jdbc/driver/Messages_ko.properties",
               "details": [
                  {
                     "reference": null,
                     "match": "(.*)?\\.properties",
                     "lineNumber": 0
                  }
               ]
            },
            {
               "fileName": "KioskDashboard1_war.ear/KioskDashboard1.war/WEB-INF/lib/ojdbc6.jar/oracle/jdbc/driver/Messages_nl.properties",
               "details": [
                  {
                     "reference": null,
                     "match": "(.*)?\\.properties",
                     "lineNumber": 0
                  }
               ]
            },
            {
               "fileName": "KioskDashboard1_war.ear/KioskDashboard1.war/WEB-INF/lib/ojdbc6.jar/oracle/jdbc/driver/Messages_no.properties",
               "details": [
                  {
                     "reference": null,
                     "match": "(.*)?\\.properties",
                     "lineNumber": 0
                  }
               ]
            },
            {
               "fileName": "KioskDashboard1_war.ear/KioskDashboard1.war/WEB-INF/lib/ojdbc6.jar/oracle/jdbc/driver/Messages_pl.properties",
               "details": [
                  {
                     "reference": null,
                     "match": "(.*)?\\.properties",
                     "lineNumber": 0
                  }
               ]
            },
            {
               "fileName": "KioskDashboard1_war.ear/KioskDashboard1.war/WEB-INF/lib/ojdbc6.jar/oracle/jdbc/driver/Messages_pt.properties",
               "details": [
                  {
                     "reference": null,
                     "match": "(.*)?\\.properties",
                     "lineNumber": 0
                  }
               ]
            },
            {
               "fileName": "KioskDashboard1_war.ear/KioskDashboard1.war/WEB-INF/lib/ojdbc6.jar/oracle/jdbc/driver/Messages_pt_BR.properties",
               "details": [
                  {
                     "reference": null,
                     "match": "(.*)?\\.properties",
                     "lineNumber": 0
                  }
               ]
            },
            {
               "fileName": "KioskDashboard1_war.ear/KioskDashboard1.war/WEB-INF/lib/ojdbc6.jar/oracle/jdbc/driver/Messages_ro.properties",
               "details": [
                  {
                     "reference": null,
                     "match": "(.*)?\\.properties",
                     "lineNumber": 0
                  }
               ]
            },
            {
               "fileName": "KioskDashboard1_war.ear/KioskDashboard1.war/WEB-INF/lib/ojdbc6.jar/oracle/jdbc/driver/Messages_ru.properties",
               "details": [
                  {
                     "reference": null,
                     "match": "(.*)?\\.properties",
                     "lineNumber": 0
                  }
               ]
            },
            {
               "fileName": "KioskDashboard1_war.ear/KioskDashboard1.war/WEB-INF/lib/ojdbc6.jar/oracle/jdbc/driver/Messages_sk.properties",
               "details": [
                  {
                     "reference": null,
                     "match": "(.*)?\\.properties",
                     "lineNumber": 0
                  }
               ]
            },
            {
               "fileName": "KioskDashboard1_war.ear/KioskDashboard1.war/WEB-INF/lib/ojdbc6.jar/oracle/jdbc/driver/Messages_sv.properties",
               "details": [
                  {
                     "reference": null,
                     "match": "(.*)?\\.properties",
                     "lineNumber": 0
                  }
               ]
            },
            {
               "fileName": "KioskDashboard1_war.ear/KioskDashboard1.war/WEB-INF/lib/ojdbc6.jar/oracle/jdbc/driver/Messages_th.properties",
               "details": [
                  {
                     "reference": null,
                     "match": "(.*)?\\.properties",
                     "lineNumber": 0
                  }
               ]
            },
            {
               "fileName": "KioskDashboard1_war.ear/KioskDashboard1.war/WEB-INF/lib/ojdbc6.jar/oracle/jdbc/driver/Messages_tr.properties",
               "details": [
                  {
                     "reference": null,
                     "match": "(.*)?\\.properties",
                     "lineNumber": 0
                  }
               ]
            },
            {
               "fileName": "KioskDashboard1_war.ear/KioskDashboard1.war/WEB-INF/lib/ojdbc6.jar/oracle/jdbc/driver/Messages_zh_CN.properties",
               "details": [
                  {
                     "reference": null,
                     "match": "(.*)?\\.properties",
                     "lineNumber": 0
                  }
               ]
            },
            {
               "fileName": "KioskDashboard1_war.ear/KioskDashboard1.war/WEB-INF/lib/ojdbc6.jar/oracle/jdbc/driver/Messages_zh_TW.properties",
               "details": [
                  {
                     "reference": null,
                     "match": "(.*)?\\.properties",
                     "lineNumber": 0
                  }
               ]
            },
            {
               "fileName": "KioskDashboard1_war.ear/KioskDashboard1.war/WEB-INF/lib/ojdbc6.jar/oracle/net/mesg/Message.properties",
               "details": [
                  {
                     "reference": null,
                     "match": "(.*)?\\.properties",
                     "lineNumber": 0
                  }
               ]
            },
            {
               "fileName": "KioskDashboard1_war.ear/KioskDashboard1.war/WEB-INF/lib/sapidoc3.jar/com/sap/conn/idoc/jco/package-version.properties",
               "details": [
                  {
                     "reference": null,
                     "match": "(.*)?\\.properties",
                     "lineNumber": 0
                  }
               ]
            },
            {
               "fileName": "KioskDashboard1_war.ear/KioskDashboard1.war/WEB-INF/lib/sapidoc3.jar/com/sap/conn/idoc/package-version.properties",
               "details": [
                  {
                     "reference": null,
                     "match": "(.*)?\\.properties",
                     "lineNumber": 0
                  }
               ]
            },
            {
               "fileName": "KioskDashboard1_war.ear/KioskDashboard1.war/WEB-INF/lib/sapidoc3.jar/com/sap/conn/idoc/rt/cp/package-version.properties",
               "details": [
                  {
                     "reference": null,
                     "match": "(.*)?\\.properties",
                     "lineNumber": 0
                  }
               ]
            },
            {
               "fileName": "KioskDashboard1_war.ear/KioskDashboard1.war/WEB-INF/lib/sapidoc3.jar/com/sap/conn/idoc/rt/package-version.properties",
               "details": [
                  {
                     "reference": null,
                     "match": "(.*)?\\.properties",
                     "lineNumber": 0
                  }
               ]
            },
            {
               "fileName": "KioskDashboard1_war.ear/KioskDashboard1.war/WEB-INF/lib/sapidoc3.jar/com/sap/conn/idoc/rt/record/impl/package-version.properties",
               "details": [
                  {
                     "reference": null,
                     "match": "(.*)?\\.properties",
                     "lineNumber": 0
                  }
               ]
            },
            {
               "fileName": "KioskDashboard1_war.ear/KioskDashboard1.war/WEB-INF/lib/sapidoc3.jar/com/sap/conn/idoc/rt/record/package-version.properties",
               "details": [
                  {
                     "reference": null,
                     "match": "(.*)?\\.properties",
                     "lineNumber": 0
                  }
               ]
            },
            {
               "fileName": "KioskDashboard1_war.ear/KioskDashboard1.war/WEB-INF/lib/sapidoc3.jar/com/sap/conn/idoc/rt/trace/package-version.properties",
               "details": [
                  {
                     "reference": null,
                     "match": "(.*)?\\.properties",
                     "lineNumber": 0
                  }
               ]
            },
            {
               "fileName": "KioskDashboard1_war.ear/KioskDashboard1.war/WEB-INF/lib/sapidoc3.jar/com/sap/conn/idoc/rt/util/package-version.properties",
               "details": [
                  {
                     "reference": null,
                     "match": "(.*)?\\.properties",
                     "lineNumber": 0
                  }
               ]
            },
            {
               "fileName": "KioskDashboard1_war.ear/KioskDashboard1.war/WEB-INF/lib/sapidoc3.jar/com/sap/conn/idoc/rt/xml/package-version.properties",
               "details": [
                  {
                     "reference": null,
                     "match": "(.*)?\\.properties",
                     "lineNumber": 0
                  }
               ]
            },
            {
               "fileName": "KioskDashboard1_war.ear/KioskDashboard1.war/WEB-INF/lib/servlet-api.jar/javax/servlet/LocalStrings.properties",
               "details": [
                  {
                     "reference": null,
                     "match": "(.*)?\\.properties",
                     "lineNumber": 0
                  }
               ]
            },
            {
               "fileName": "KioskDashboard1_war.ear/KioskDashboard1.war/WEB-INF/lib/servlet-api.jar/javax/servlet/http/LocalStrings.properties",
               "details": [
                  {
                     "reference": null,
                     "match": "(.*)?\\.properties",
                     "lineNumber": 0
                  }
               ]
            }
         ]
      },
      {
         "ruleName": "Java EE security",
         "ruleId": "ApplicationSecurityRule",
         "severity": "Warning",
         "category": "Technology connectivity considerations for IBM Cloud",
         "results": [
            {
               "fileName": "KioskDashboard1_war.ear/KioskDashboard1.war/WEB-INF/classes/GenerateReport.class",
               "details": [
                  {
                     "reference": "Method doPost",
                     "match": "javax.servlet.http.HttpServletRequest.getRemoteUser(*)",
                     "lineNumber": 404
                  }
               ]
            }
         ]
      },
      {
         "ruleName": "Managing data inside and between Docker containers",
         "ruleId": "FileSystemRule",
         "severity": "Warning",
         "category": "Docker (IBM Cloud Kubernetes Service)",
         "results": [
            {
               "fileName": "KioskDashboard1_war.ear/KioskDashboard1.war/WEB-INF/lib/jxl-2.6.10.jar/jxl/Workbook.class",
               "details": [
                  {
                     "reference": "Method createWorkbook",
                     "match": "java.io.FileOutputStream",
                     "lineNumber": 301
                  },
                  {
                     "reference": "Method createWorkbook",
                     "match": "java.io.FileOutputStream",
                     "lineNumber": 303
                  },
                  {
                     "reference": "Method createWorkbook",
                     "match": "java.io.FileOutputStream",
                     "lineNumber": 338
                  },
                  {
                     "reference": "Method createWorkbook",
                     "match": "java.io.FileOutputStream",
                     "lineNumber": 340
                  }
               ]
            },
            {
               "fileName": "KioskDashboard1_war.ear/KioskDashboard1.war/WEB-INF/lib/jxl-2.6.10.jar/jxl/demo/Demo.class",
               "details": [
                  {
                     "reference": "Method main",
                     "match": "java.io.FileOutputStream",
                     "lineNumber": 268
                  }
               ]
            },
            {
               "fileName": "KioskDashboard1_war.ear/KioskDashboard1.war/WEB-INF/lib/jxl-2.6.10.jar/jxl/write/biff/FileDataOutput.class",
               "details": [
                  {
                     "reference": "Method setData",
                     "match": "java.io.RandomAccessFile.write(*)",
                     "lineNumber": 94
                  },
                  {
                     "reference": "Method write",
                     "match": "java.io.RandomAccessFile.write(*)",
                     "lineNumber": 69
                  }
               ]
            },
            {
               "fileName": "KioskDashboard1_war.ear/KioskDashboard1.war/WEB-INF/lib/jxl-2.6.10.jar/jxl/write/biff/WritableWorkbookImpl.class",
               "details": [
                  {
                     "reference": "Method setOutputFile",
                     "match": "java.io.FileOutputStream",
                     "lineNumber": 469
                  },
                  {
                     "reference": "Method setOutputFile",
                     "match": "java.io.FileOutputStream",
                     "lineNumber": 471
                  }
               ]
            },
            {
               "fileName": "KioskDashboard1_war.ear/KioskDashboard1.war/WEB-INF/lib/sapidoc3.jar/com/sap/conn/idoc/rt/DefaultTrace.class",
               "details": [
                  {
                     "reference": "Method createNewFile",
                     "match": "java.io.FileOutputStream",
                     "lineNumber": 134
                  },
                  {
                     "reference": "Method createNewFile",
                     "match": "java.io.FileOutputStream",
                     "lineNumber": 137
                  },
                  {
                     "reference": "Method createNewFile",
                     "match": "java.io.FileOutputStream",
                     "lineNumber": 141
                  },
                  {
                     "reference": "Method createNewFile",
                     "match": "java.io.FileOutputStream",
                     "lineNumber": 147
                  }
               ]
            },
            {
               "fileName": "KioskDashboard1_war.ear/KioskDashboard1.war/WEB-INF/lib/sapidoc3.jar/com/sap/conn/idoc/rt/ErrorTrace.class",
               "details": [
                  {
                     "reference": "Method openFile",
                     "match": "java.io.FileOutputStream",
                     "lineNumber": 83
                  },
                  {
                     "reference": "Method openFile",
                     "match": "java.io.FileOutputStream",
                     "lineNumber": 86
                  },
                  {
                     "reference": "Method openFile",
                     "match": "java.io.FileOutputStream",
                     "lineNumber": 90
                  },
                  {
                     "reference": "Method openFile",
                     "match": "java.io.FileOutputStream",
                     "lineNumber": 95
                  }
               ]
            }
         ]
      },
      {
         "ruleName": "The use of java.sql.Driver and java.sql.DriverManager interfaces requires configuration ",
         "ruleId": "SqlDriverRule",
         "severity": "Severe",
         "category": "WebSphere traditional to Liberty",
         "results": [
            {
               "fileName": "KioskDashboard1_war.ear/KioskDashboard1.war/WEB-INF/classes/GenerateReport.class",
               "details": [
                  {
                     "reference": "Method doPost",
                     "match": "java.sql.DriverManager.getConnection(*)",
                     "lineNumber": 412
                  }
               ]
            },
            {
               "fileName": "KioskDashboard1_war.ear/KioskDashboard1.war/WEB-INF/classes/services/DBConnect.class",
               "details": [
                  {
                     "reference": "Method Connect",
                     "match": "java.sql.DriverManager.getConnection(*)",
                     "lineNumber": 33
                  }
               ]
            },
            {
               "fileName": "KioskDashboard1_war.ear/KioskDashboard1.war/WEB-INF/classes/services/DBConnectSMP.class",
               "details": [
                  {
                     "reference": "Method Connect",
                     "match": "java.sql.DriverManager.getConnection(*)",
                     "lineNumber": 33
                  }
               ]
            }
         ]
      },
      {
         "ruleName": "Validate the URL host and port for cloud access",
         "ruleId": "URLRuleDockerCloud",
         "severity": "Warning",
         "category": "Connectivity considerations for IBM Cloud (Docker and WebSphere in IBM Cloud)",
         "results": [
            {
               "fileName": "KioskDashboard1_war.ear/KioskDashboard1.war/WEB-INF/classes/Login.class",
               "details": [
                  {
                     "reference": "Method doPost",
                     "match": "ldap://192.168.40.15:389/DC=asianpaints,DC=com",
                     "lineNumber": 80
                  }
               ]
            },
            {
               "fileName": "KioskDashboard1_war.ear/KioskDashboard1.war/WEB-INF/lib/jxl-2.6.10.jar/jxl/demo/ReadWrite.class",
               "details": [
                  {
                     "reference": "Method modify",
                     "match": "http://www.andykhan.com/jexcelapi/index.html",
                     "lineNumber": 269
                  }
               ]
            },
            {
               "fileName": "KioskDashboard1_war.ear/KioskDashboard1.war/WEB-INF/lib/jxl-2.6.10.jar/jxl/demo/Write.class",
               "details": [
                  {
                     "reference": "Method writeLabelFormatSheet",
                     "match": "http://www.amazon.co.uk/exec/obidos/ASIN/0571058086/qid=1099836249/sr=1-3/ref=sr_1_11_3/202-6017285-1620664",
                     "lineNumber": 1083
                  },
                  {
                     "reference": "Method writeLabelFormatSheet",
                     "match": "http://www.andykhan.com/jexcelapi",
                     "lineNumber": 1055
                  }
               ]
            },
            {
               "fileName": "KioskDashboard1_war.ear/KioskDashboard1.war/WEB-INF/lib/jxl-2.6.10.jar/jxl/read/biff/HyperlinkRecord.class",
               "details": [
                  {
                     "reference": "Constructor",
                     "match": "http://www.andykhan.com/jexcelapi/index.html",
                     "lineNumber": 211
                  },
                  {
                     "reference": "Constructor",
                     "match": "http://www.andykhan.com/jexcelapi/index.html",
                     "lineNumber": 232
                  }
               ]
            }
         ]
      }
   ]
}