{
   "report": "inventory",
   "version": "2.4",
   "productVersion": "9.0",
   "productRelease": "19.0.0.2-TA1",
   "options": [
      "--excludePackages=com.ibm,com.informix,com.microsoft,com.sybase,com.sun,java,javax,net,oracle,org,sqlj,_ibmjsp"
   ],
   "applications": [
      "/opt/IBM/WebSphere/AppServer/profiles/Dmgr01/config/cells/apwasdevCell01/applications/Live_Retail_Complaints.ear/Live_Retail_Complaints.ear"
   ],
   "sharedLibraries": [
   ],
   "archives": {
      "ears": 1,
      "wars": 1,
      "rars": 0,
      "ejbs": 0,
      "webFragments": 0,
      "utilityJars": 6,
      "appClients": 0
   },
   "summary": {
      "servlets": 13,
      "jsps": 0,
      "jpaEntities": 0,
      "bmpEntityBeans": 0,
      "cmpEntityBeans": 0,
      "messageDrivenBeans": 0,
      "singletonSessionBeans": 0,
      "statefulSessionBeans": 0,
      "statelessSessionBeans": 0,
      "jaxrpcConsumers": 0,
      "jaxrpcProviders": 0,
      "jaxrsConsumers": 0,
      "jaxrsProviders": 0,
      "jaxwsConsumers": 0,
      "jaxwsProviders": 0
   },
   "archiveInventory": [
      {
         "archiveName": "/opt/IBM/WebSphere/AppServer/profiles/Dmgr01/config/cells/apwasdevCell01/applications/Live_Retail_Complaints.ear/Live_Retail_Complaints.ear",
         "moduleType": "Enterprise archive",
         "moduleVersion": "5",
         "metadataComplete": null,
         "moduleSize": 2543319,
         "archives": {
            "wars": 1,
            "rars": 0,
            "ejbs": 0,
            "utilityJars": 6,
            "appClients": 0
         },
         "summary": {
            "servlets": 13,
            "jsps": 0,
            "jpaEntities": 0,
            "bmpEntityBeans": 0,
            "cmpEntityBeans": 0,
            "messageDrivenBeans": 0,
            "singletonSessionBeans": 0,
            "statefulSessionBeans": 0,
            "statelessSessionBeans": 0,
            "jaxrpcConsumers": 0,
            "jaxrpcProviders": 0,
            "jaxrsConsumers": 0,
            "jaxrsProviders": 0,
            "jaxwsConsumers": 0,
            "jaxwsProviders": 0
         },
         "potentialDeploymentProblemsSummary": {
            "archivesContainingDuplicateClasses": 0,
            "archivesContainingJavaEEorSEClasses": 0,
            "archivesContainingConflictingOpenSourceSoftwareClasses": 1,
            "archivesContainingWebSphereClasses": 0,
            "archivesNotReferencedInTheApplication": 3,
            "archivesWithMissingDependenciesInTheApplication": 5,
            "classesWithSystemLevelJVMConfiguration": 0,
            "sharedLibrariesReferencingApplicationClasses": 0
         },
         "potentialDeploymentProblemsDetails": [
            {
               "duplicateClassesWithinClassLoader": [
               ]
            },
            {
               "duplicateClassesAcrossApplication": [
               ]
            },
            {
               "javaEEandSEClasses": [
               ]
            },
            {
               "duplicateWebSphereClasses": [
               ]
            },
            {
               "openSourceSoftwareClasses": [
                  {
                     "conflictingPackages": [
                        "org.apache.commons.logging",
                        "org.apache.commons.logging.impl"
                     ],
                     "packageLocation": [
                        "Live_Retail_Complaints.war/WEB-INF/lib/commons-logging-1.1.3.jar"
                     ],
                     "appliesTo": [
                        "V8.5.5",
                        "V9.0"
                     ]
                  }
               ]
            },
            {
               "archivesNotReferenced": [
                  {
                     "archive": "Live_Retail_Complaints.war/WEB-INF/lib/commons-logging-1.1.3.jar",
                     "referencedBy": ""
                  },
                  {
                     "archive": "Live_Retail_Complaints.war/WEB-INF/lib/jtidy.jar",
                     "referencedBy": ""
                  },
                  {
                     "archive": "Live_Retail_Complaints.war/WEB-INF/lib/ojdbc6.jar",
                     "referencedBy": ""
                  }
               ]
            },
            {
               "missingDependencies": [
                  {
                     "missingDependencies": [
                        "com.sap.conn.jco",
                        "org.apache.logging.log4j"
                     ],
                     "archive": [
                        "Live_Retail_Complaints.war"
                     ]
                  },
                  {
                     "missingDependencies": [
                        "com.sun.security.auth.module",
                        "oracle.i18n.text",
                        "oracle.i18n.text.converter",
                        "oracle.ons",
                        "oracle.security.pki",
                        "org.ietf.jgss"
                     ],
                     "archive": [
                        "Live_Retail_Complaints.war/WEB-INF/lib/ojdbc6.jar"
                     ]
                  },
                  {
                     "missingDependencies": [
                        "org.apache.avalon.framework.logger",
                        "org.apache.log",
                        "org.apache.log4j"
                     ],
                     "archive": [
                        "Live_Retail_Complaints.war/WEB-INF/lib/commons-logging-1.1.3.jar"
                     ]
                  },
                  {
                     "missingDependencies": [
                        "org.apache.commons.compress.archivers.arj",
                        "org.apache.commons.compress.archivers.sevenz"
                     ],
                     "archive": [
                        "Live_Retail_Complaints.war/WEB-INF/lib/jarchivelib-0.7.0(1).jar"
                     ]
                  },
                  {
                     "missingDependencies": [
                        "org.apache.tools.ant",
                        "org.apache.tools.ant.types",
                        "org.apache.tools.ant.util"
                     ],
                     "archive": [
                        "Live_Retail_Complaints.war/WEB-INF/lib/jtidy.jar"
                     ]
                  }
               ]
            },
            {
               "classesWithSystemLevelJVMConfiguration": [
               ]
            },
            {
               "sharedLibraryDependencies": [
               ]
            }
         ],
         "performanceConsiderations": {
            "archivesThatAreCandidatesForMetadataCompleteTrueAttribute": [
            ],
            "webModulesWithExcessiveClassFiles": [
            ],
            "webModulesWithExcessiveStaticResources": [
            ]
         },
         "containedArchiveInventory": [
            {
               "archiveName": "/opt/IBM/WebSphere/AppServer/profiles/Dmgr01/config/cells/apwasdevCell01/applications/Live_Retail_Complaints.ear/Live_Retail_Complaints.ear/Live_Retail_Complaints.war",
               "moduleType": "Web module",
               "moduleVersion": "2.5",
               "metadataComplete": "true",
               "archives": {
                  "ejbs": 0,
                  "webFragments": 0,
                  "utilityJars": 6
               },
               "summary": {
                  "servlets": 13,
                  "jsps": 0,
                  "jpaEntities": 0,
                  "bmpEntityBeans": 0,
                  "cmpEntityBeans": 0,
                  "messageDrivenBeans": 0,
                  "singletonSessionBeans": 0,
                  "statefulSessionBeans": 0,
                  "statelessSessionBeans": 0,
                  "jaxrpcConsumers": 0,
                  "jaxrpcProviders": 0,
                  "jaxrsConsumers": 0,
                  "jaxrsProviders": 0,
                  "jaxwsConsumers": 0,
                  "jaxwsProviders": 0
               },
               "containedArchiveInventory": [
                  {
                     "archiveName": "/opt/IBM/WebSphere/AppServer/profiles/Dmgr01/config/cells/apwasdevCell01/applications/Live_Retail_Complaints.ear/Live_Retail_Complaints.ear/Live_Retail_Complaints.war/WEB-INF/lib/commons-compress-1.2.jar",
                     "moduleType": "Utility JAR",
                     "containedPackages": [
                        "org.apache.commons"
                     ]
                  },
                  {
                     "archiveName": "/opt/IBM/WebSphere/AppServer/profiles/Dmgr01/config/cells/apwasdevCell01/applications/Live_Retail_Complaints.ear/Live_Retail_Complaints.ear/Live_Retail_Complaints.war/WEB-INF/lib/commons-logging-1.1.3.jar",
                     "moduleType": "Utility JAR",
                     "containedPackages": [
                        "org.apache.commons"
                     ]
                  },
                  {
                     "archiveName": "/opt/IBM/WebSphere/AppServer/profiles/Dmgr01/config/cells/apwasdevCell01/applications/Live_Retail_Complaints.ear/Live_Retail_Complaints.ear/Live_Retail_Complaints.war/WEB-INF/lib/jarchivelib-0.7.0 (1).jar",
                     "moduleType": "Utility JAR",
                     "containedPackages": [
                        "org.rauschig.jarchivelib"
                     ]
                  },
                  {
                     "archiveName": "/opt/IBM/WebSphere/AppServer/profiles/Dmgr01/config/cells/apwasdevCell01/applications/Live_Retail_Complaints.ear/Live_Retail_Complaints.ear/Live_Retail_Complaints.war/WEB-INF/lib/jtidy.jar",
                     "moduleType": "Utility JAR",
                     "containedPackages": [
                        "org.w3c.tidy"
                     ]
                  },
                  {
                     "archiveName": "/opt/IBM/WebSphere/AppServer/profiles/Dmgr01/config/cells/apwasdevCell01/applications/Live_Retail_Complaints.ear/Live_Retail_Complaints.ear/Live_Retail_Complaints.war/WEB-INF/lib/ojdbc6.jar",
                     "moduleType": "Utility JAR",
                     "containedPackages": [
                        "oracle.core.lmx",
                        "oracle.core.lvf",
                        "oracle.jdbc",
                        "oracle.jdbc.aq",
                        "oracle.jdbc.connector",
                        "oracle.jdbc.dcn",
                        "oracle.jdbc.driver",
                        "oracle.jdbc.internal",
                        "oracle.jdbc.oci",
                        "oracle.jdbc.oracore",
                        "oracle.jdbc.pool",
                        "oracle.jdbc.rowset",
                        "oracle.jdbc.util",
                        "oracle.jdbc.xa",
                        "oracle.jpub.runtime",
                        "oracle.net.ano",
                        "oracle.net.aso",
                        "oracle.net.jdbc",
                        "oracle.net.jndi",
                        "oracle.net.ns",
                        "oracle.net.nt",
                        "oracle.net.resolver",
                        "oracle.security.o3logon",
                        "oracle.security.o5logon",
                        "oracle.sql",
                        "oracle.sql.converter"
                     ]
                  },
                  {
                     "archiveName": "/opt/IBM/WebSphere/AppServer/profiles/Dmgr01/config/cells/apwasdevCell01/applications/Live_Retail_Complaints.ear/Live_Retail_Complaints.ear/Live_Retail_Complaints.war/WEB-INF/lib/org.json.jar",
                     "moduleType": "Utility JAR",
                     "containedPackages": [
                        "org.json"
                     ]
                  }
               ]
            }
         ]
      }
   ],
   "sharedLibraryDetails": [
   ]
}