{
   "report": "inventory",
   "version": "2.4",
   "productVersion": "9.0",
   "productRelease": "19.0.0.2-TA1",
   "options": [
      "--excludePackages=com.ibm,com.informix,com.microsoft,com.sybase,com.sun,java,javax,net,oracle,org,sqlj,_ibmjsp"
   ],
   "applications": [
      "/opt/IBM/WebSphere/AppServer/profiles/Dmgr01/config/cells/apwasdevCell01/applications/Live_Retail_Complaints_Xamarin_war.ear/Live_Retail_Complaints_Xamarin_war.ear"
   ],
   "sharedLibraries": [
   ],
   "archives": {
      "ears": 1,
      "wars": 1,
      "rars": 0,
      "ejbs": 0,
      "webFragments": 0,
      "utilityJars": 1,
      "appClients": 0
   },
   "summary": {
      "servlets": 20,
      "jsps": 0,
      "jpaEntities": 0,
      "bmpEntityBeans": 0,
      "cmpEntityBeans": 0,
      "messageDrivenBeans": 0,
      "singletonSessionBeans": 0,
      "statefulSessionBeans": 0,
      "statelessSessionBeans": 0,
      "jaxrpcConsumers": 0,
      "jaxrpcProviders": 0,
      "jaxrsConsumers": 0,
      "jaxrsProviders": 0,
      "jaxwsConsumers": 0,
      "jaxwsProviders": 0
   },
   "archiveInventory": [
      {
         "archiveName": "/opt/IBM/WebSphere/AppServer/profiles/Dmgr01/config/cells/apwasdevCell01/applications/Live_Retail_Complaints_Xamarin_war.ear/Live_Retail_Complaints_Xamarin_war.ear",
         "moduleType": "Enterprise archive",
         "moduleVersion": "5",
         "metadataComplete": null,
         "moduleSize": 2075707,
         "archives": {
            "wars": 1,
            "rars": 0,
            "ejbs": 0,
            "utilityJars": 1,
            "appClients": 0
         },
         "summary": {
            "servlets": 20,
            "jsps": 0,
            "jpaEntities": 0,
            "bmpEntityBeans": 0,
            "cmpEntityBeans": 0,
            "messageDrivenBeans": 0,
            "singletonSessionBeans": 0,
            "statefulSessionBeans": 0,
            "statelessSessionBeans": 0,
            "jaxrpcConsumers": 0,
            "jaxrpcProviders": 0,
            "jaxrsConsumers": 0,
            "jaxrsProviders": 0,
            "jaxwsConsumers": 0,
            "jaxwsProviders": 0
         },
         "potentialDeploymentProblemsSummary": {
            "archivesContainingDuplicateClasses": 0,
            "archivesContainingJavaEEorSEClasses": 0,
            "archivesContainingConflictingOpenSourceSoftwareClasses": 0,
            "archivesContainingWebSphereClasses": 0,
            "archivesNotReferencedInTheApplication": 0,
            "archivesWithMissingDependenciesInTheApplication": 2,
            "classesWithSystemLevelJVMConfiguration": 0,
            "sharedLibrariesReferencingApplicationClasses": 0
         },
         "potentialDeploymentProblemsDetails": [
            {
               "duplicateClassesWithinClassLoader": [
               ]
            },
            {
               "duplicateClassesAcrossApplication": [
               ]
            },
            {
               "javaEEandSEClasses": [
               ]
            },
            {
               "duplicateWebSphereClasses": [
               ]
            },
            {
               "openSourceSoftwareClasses": [
               ]
            },
            {
               "archivesNotReferenced": [
               ]
            },
            {
               "missingDependencies": [
                  {
                     "missingDependencies": [
                        "com.oreilly.servlet.multipart",
                        "com.sap.conn.idoc.rt.util",
                        "com.sap.conn.jco",
                        "com.sap.conn.jco.util",
                        "org.apache.commons.fileupload.servlet",
                        "org.apache.commons.io.output",
                        "org.apache.http",
                        "org.apache.http.client",
                        "org.apache.http.client.methods",
                        "org.apache.http.entity",
                        "org.apache.http.impl.client",
                        "org.apache.logging.log4j",
                        "org.json"
                     ],
                     "archive": [
                        "Customer_Complaints_Xamarin.war"
                     ]
                  },
                  {
                     "missingDependencies": [
                        "org.bouncycastle.asn1",
                        "org.bouncycastle.asn1.cmp",
                        "org.bouncycastle.asn1.cms",
                        "org.bouncycastle.asn1.ess",
                        "org.bouncycastle.asn1.ocsp",
                        "org.bouncycastle.asn1.pkcs",
                        "org.bouncycastle.asn1.tsp",
                        "org.bouncycastle.asn1.x500",
                        "org.bouncycastle.asn1.x509",
                        "org.bouncycastle.cert",
                        "org.bouncycastle.cert.jcajce",
                        "org.bouncycastle.cert.ocsp",
                        "org.bouncycastle.cms",
                        "org.bouncycastle.cms.jcajce",
                        "org.bouncycastle.crypto",
                        "org.bouncycastle.crypto.engines",
                        "org.bouncycastle.crypto.modes",
                        "org.bouncycastle.crypto.paddings",
                        "org.bouncycastle.crypto.params",
                        "org.bouncycastle.jcajce.provider.digest",
                        "org.bouncycastle.jce",
                        "org.bouncycastle.jce.provider",
                        "org.bouncycastle.ocsp",
                        "org.bouncycastle.operator",
                        "org.bouncycastle.operator.bc",
                        "org.bouncycastle.operator.jcajce",
                        "org.bouncycastle.tsp"
                     ],
                     "archive": [
                        "Customer_Complaints_Xamarin.war/WEB-INF/lib/itextpdf-5.4.0.jar"
                     ]
                  }
               ]
            },
            {
               "classesWithSystemLevelJVMConfiguration": [
               ]
            },
            {
               "sharedLibraryDependencies": [
               ]
            }
         ],
         "performanceConsiderations": {
            "archivesThatAreCandidatesForMetadataCompleteTrueAttribute": [
            ],
            "webModulesWithExcessiveClassFiles": [
            ],
            "webModulesWithExcessiveStaticResources": [
            ]
         },
         "containedArchiveInventory": [
            {
               "archiveName": "/opt/IBM/WebSphere/AppServer/profiles/Dmgr01/config/cells/apwasdevCell01/applications/Live_Retail_Complaints_Xamarin_war.ear/Live_Retail_Complaints_Xamarin_war.ear/Customer_Complaints_Xamarin.war",
               "moduleType": "Web module",
               "moduleVersion": "2.5",
               "metadataComplete": "Unspecified",
               "archives": {
                  "ejbs": 0,
                  "webFragments": 0,
                  "utilityJars": 1
               },
               "summary": {
                  "servlets": 20,
                  "jsps": 0,
                  "jpaEntities": 0,
                  "bmpEntityBeans": 0,
                  "cmpEntityBeans": 0,
                  "messageDrivenBeans": 0,
                  "singletonSessionBeans": 0,
                  "statefulSessionBeans": 0,
                  "statelessSessionBeans": 0,
                  "jaxrpcConsumers": 0,
                  "jaxrpcProviders": 0,
                  "jaxrsConsumers": 0,
                  "jaxrsProviders": 0,
                  "jaxwsConsumers": 0,
                  "jaxwsProviders": 0
               },
               "containedArchiveInventory": [
                  {
                     "archiveName": "/opt/IBM/WebSphere/AppServer/profiles/Dmgr01/config/cells/apwasdevCell01/applications/Live_Retail_Complaints_Xamarin_war.ear/Live_Retail_Complaints_Xamarin_war.ear/Customer_Complaints_Xamarin.war/WEB-INF/lib/itextpdf-5.4.0.jar",
                     "moduleType": "Utility JAR",
                     "containedPackages": [
                        "com.itextpdf.awt",
                        "com.itextpdf.text"
                     ]
                  }
               ]
            }
         ]
      }
   ],
   "sharedLibraryDetails": [
   ]
}