{
   "report": "analysis",
   "version": "1.2",
   "productVersion": "9.0",
   "productRelease": "19.0.0.2-TA1",
   "options": [
      "--sourceAppServer=was855",
      "--sourceJava=ibm7",
      "--sourceJavaEE=ee6",
      "--targetAppServer=liberty",
      "--targetJava=ibm8",
      "--targetCloud=dockerIBMCloud",
      "--excludePackages=com.ibm,com.informix,com.microsoft,com.sybase,com.sun,java,javax,net,oracle,org,sqlj,_ibmjsp"
   ],
   "totalRulesFlagged": 12,
   "filesAffected": 42,
   "totalResults": 256,
   "severitySummary": [
      {
         "severity": "Severe",
         "totalRulesFlagged": 3,
         "totalResults": 48
      },
      {
         "severity": "Warning",
         "totalRulesFlagged": 7,
         "totalResults": 187
      },
      {
         "severity": "Information",
         "totalRulesFlagged": 2,
         "totalResults": 21
      }
   ],
   "applications": [
      "/opt/IBM/WebSphere/AppServer/profiles/Dmgr01/config/cells/apwasdevCell01/applications/Live_Retail_Complaints_Xamarin_war.ear/Live_Retail_Complaints_Xamarin_war.ear"
   ],
   "rules": [
      {
         "ruleName": "Behavior change in java.lang.String and java.util.regex.Pattern split methods",
         "ruleId": "StringSplit",
         "severity": "Warning",
         "category": "Java SE version migration / Java SE 8 compatibility impacts",
         "results": [
            {
               "fileName": "Live_Retail_Complaints_Xamarin_war.ear/Customer_Complaints_Xamarin.war/WEB-INF/classes/MailPDF.class",
               "details": [
                  {
                     "reference": "Method doPost",
                     "match": "java.lang.String.split(*)",
                     "lineNumber": 173
                  }
               ]
            },
            {
               "fileName": "Live_Retail_Complaints_Xamarin_war.ear/Customer_Complaints_Xamarin.war/WEB-INF/classes/MailPDF1.class",
               "details": [
                  {
                     "reference": "Method doPost",
                     "match": "java.lang.String.split(*)",
                     "lineNumber": 146
                  }
               ]
            },
            {
               "fileName": "Live_Retail_Complaints_Xamarin_war.ear/Customer_Complaints_Xamarin.war/WEB-INF/classes/com/asianpaints/retailcomplaints/BPService.class",
               "details": [
                  {
                     "reference": "Method doPost",
                     "match": "java.lang.String.split(*)",
                     "lineNumber": 332
                  }
               ]
            },
            {
               "fileName": "Live_Retail_Complaints_Xamarin_war.ear/Customer_Complaints_Xamarin.war/WEB-INF/classes/com/asianpaints/retailcomplaints/CreateComplaint.class",
               "details": [
                  {
                     "reference": "Method doPost",
                     "match": "java.lang.String.split(*)",
                     "lineNumber": 92
                  }
               ]
            },
            {
               "fileName": "Live_Retail_Complaints_Xamarin_war.ear/Customer_Complaints_Xamarin.war/WEB-INF/classes/com/asianpaints/retailcomplaints/GetCNRequest.class",
               "details": [
                  {
                     "reference": "Method doGet",
                     "match": "java.lang.String.split(*)",
                     "lineNumber": 77
                  }
               ]
            },
            {
               "fileName": "Live_Retail_Complaints_Xamarin_war.ear/Customer_Complaints_Xamarin.war/WEB-INF/classes/com/asianpaints/retailcomplaints/GetComplaintCategory.class",
               "details": [
                  {
                     "reference": "Method doGet",
                     "match": "java.lang.String.split(*)",
                     "lineNumber": 62
                  }
               ]
            },
            {
               "fileName": "Live_Retail_Complaints_Xamarin_war.ear/Customer_Complaints_Xamarin.war/WEB-INF/classes/com/asianpaints/retailcomplaints/GetComplaints.class",
               "details": [
                  {
                     "reference": "Method doGet",
                     "match": "java.lang.String.split(*)",
                     "lineNumber": 81
                  }
               ]
            },
            {
               "fileName": "Live_Retail_Complaints_Xamarin_war.ear/Customer_Complaints_Xamarin.war/WEB-INF/classes/com/asianpaints/retailcomplaints/GetDetails.class",
               "details": [
                  {
                     "reference": "Method doGet",
                     "match": "java.lang.String.split(*)",
                     "lineNumber": 106
                  }
               ]
            },
            {
               "fileName": "Live_Retail_Complaints_Xamarin_war.ear/Customer_Complaints_Xamarin.war/WEB-INF/classes/com/asianpaints/retailcomplaints/GetFirDetails.class",
               "details": [
                  {
                     "reference": "Method doGet",
                     "match": "java.lang.String.split(*)",
                     "lineNumber": 76
                  }
               ]
            },
            {
               "fileName": "Live_Retail_Complaints_Xamarin_war.ear/Customer_Complaints_Xamarin.war/WEB-INF/classes/com/asianpaints/retailcomplaints/GetGenieData.class",
               "details": [
                  {
                     "reference": "Method doGet",
                     "match": "java.lang.String.split(*)",
                     "lineNumber": 63
                  }
               ]
            },
            {
               "fileName": "Live_Retail_Complaints_Xamarin_war.ear/Customer_Complaints_Xamarin.war/WEB-INF/classes/com/asianpaints/retailcomplaints/GetHLInfo.class",
               "details": [
                  {
                     "reference": "Method doGet",
                     "match": "java.lang.String.split(*)",
                     "lineNumber": 71
                  }
               ]
            },
            {
               "fileName": "Live_Retail_Complaints_Xamarin_war.ear/Customer_Complaints_Xamarin.war/WEB-INF/classes/com/asianpaints/retailcomplaints/GetReassignComp.class",
               "details": [
                  {
                     "reference": "Method doGet",
                     "match": "java.lang.String.split(*)",
                     "lineNumber": 66
                  }
               ]
            },
            {
               "fileName": "Live_Retail_Complaints_Xamarin_war.ear/Customer_Complaints_Xamarin.war/WEB-INF/classes/com/asianpaints/retailcomplaints/OLCUpdate.class",
               "details": [
                  {
                     "reference": "Method doPost",
                     "match": "java.lang.String.split(*)",
                     "lineNumber": 78
                  }
               ]
            },
            {
               "fileName": "Live_Retail_Complaints_Xamarin_war.ear/Customer_Complaints_Xamarin.war/WEB-INF/classes/com/asianpaints/retailcomplaints/ReassignTer.class",
               "details": [
                  {
                     "reference": "Method doPost",
                     "match": "java.lang.String.split(*)",
                     "lineNumber": 81
                  }
               ]
            },
            {
               "fileName": "Live_Retail_Complaints_Xamarin_war.ear/Customer_Complaints_Xamarin.war/WEB-INF/classes/com/asianpaints/retailcomplaints/UpdateAppointment.class",
               "details": [
                  {
                     "reference": "Method doPost",
                     "match": "java.lang.String.split(*)",
                     "lineNumber": 90
                  }
               ]
            },
            {
               "fileName": "Live_Retail_Complaints_Xamarin_war.ear/Customer_Complaints_Xamarin.war/WEB-INF/classes/com/asianpaints/retailcomplaints/UpdateCN.class",
               "details": [
                  {
                     "reference": "Method doPost",
                     "match": "java.lang.String.split(*)",
                     "lineNumber": 98
                  }
               ]
            },
            {
               "fileName": "Live_Retail_Complaints_Xamarin_war.ear/Customer_Complaints_Xamarin.war/WEB-INF/classes/com/asianpaints/retailcomplaints/UpdateFir.class",
               "details": [
                  {
                     "reference": "Method doPost",
                     "match": "java.lang.String.split(*)",
                     "lineNumber": 96
                  }
               ]
            },
            {
               "fileName": "Live_Retail_Complaints_Xamarin_war.ear/Customer_Complaints_Xamarin.war/WEB-INF/classes/com/asianpaints/retailcomplaints/login.class",
               "details": [
                  {
                     "reference": "Method doPost",
                     "match": "java.lang.String.split(*)",
                     "lineNumber": 229
                  }
               ]
            },
            {
               "fileName": "Live_Retail_Complaints_Xamarin_war.ear/Customer_Complaints_Xamarin.war/WEB-INF/lib/itextpdf-5.4.0.jar/com/itextpdf/text/pdf/CJKFont.class",
               "details": [
                  {
                     "reference": "Method loadRegistry",
                     "match": "java.lang.String.split(*)",
                     "lineNumber": 128
                  }
               ]
            }
         ]
      },
      {
         "ruleName": "Behavior change in month name formatting for some languages",
         "ruleId": "MonthFormattingNames",
         "severity": "Information",
         "category": "Java SE version migration / Java SE 8 compatibility impacts",
         "results": [
            {
               "fileName": "Live_Retail_Complaints_Xamarin_war.ear/Customer_Complaints_Xamarin.war/WEB-INF/classes/MailPDF.class",
               "details": [
                  {
                     "reference": "Method createPdf1",
                     "match": "java.text.SimpleDateFormat.format(*)",
                     "lineNumber": 1290
                  },
                  {
                     "reference": "Method doPost",
                     "match": "java.text.SimpleDateFormat.format(*)",
                     "lineNumber": 208
                  },
                  {
                     "reference": "Method getTable",
                     "match": "java.text.SimpleDateFormat.format(*)",
                     "lineNumber": 1858
                  }
               ]
            },
            {
               "fileName": "Live_Retail_Complaints_Xamarin_war.ear/Customer_Complaints_Xamarin.war/WEB-INF/classes/MailPDF1.class",
               "details": [
                  {
                     "reference": "Method doPost",
                     "match": "java.text.SimpleDateFormat.format(*)",
                     "lineNumber": 188
                  }
               ]
            },
            {
               "fileName": "Live_Retail_Complaints_Xamarin_war.ear/Customer_Complaints_Xamarin.war/WEB-INF/classes/com/asianpaints/retailcomplaints/CreateComplaint.class",
               "details": [
                  {
                     "reference": "Method doPost",
                     "match": "java.text.SimpleDateFormat.format(*)",
                     "lineNumber": 313
                  }
               ]
            },
            {
               "fileName": "Live_Retail_Complaints_Xamarin_war.ear/Customer_Complaints_Xamarin.war/WEB-INF/classes/com/asianpaints/retailcomplaints/OLCUpdate.class",
               "details": [
                  {
                     "reference": "Method doPost",
                     "match": "java.text.SimpleDateFormat.format(*)",
                     "lineNumber": 156
                  }
               ]
            },
            {
               "fileName": "Live_Retail_Complaints_Xamarin_war.ear/Customer_Complaints_Xamarin.war/WEB-INF/classes/com/asianpaints/retailcomplaints/UpdateAppointment.class",
               "details": [
                  {
                     "reference": "Method doPost",
                     "match": "java.text.SimpleDateFormat.format(*)",
                     "lineNumber": 141
                  },
                  {
                     "reference": "Method doPost",
                     "match": "java.text.SimpleDateFormat.format(*)",
                     "lineNumber": 143
                  },
                  {
                     "reference": "Method doPost",
                     "match": "java.text.SimpleDateFormat.format(*)",
                     "lineNumber": 148
                  },
                  {
                     "reference": "Method doPost",
                     "match": "java.text.SimpleDateFormat.format(*)",
                     "lineNumber": 150
                  }
               ]
            },
            {
               "fileName": "Live_Retail_Complaints_Xamarin_war.ear/Customer_Complaints_Xamarin.war/WEB-INF/classes/com/asianpaints/retailcomplaints/UpdateCN.class",
               "details": [
                  {
                     "reference": "Method doPost",
                     "match": "java.text.SimpleDateFormat.format(*)",
                     "lineNumber": 505
                  },
                  {
                     "reference": "Method doPost",
                     "match": "java.text.SimpleDateFormat.format(*)",
                     "lineNumber": 735
                  },
                  {
                     "reference": "Method doPost",
                     "match": "java.text.SimpleDateFormat.format(*)",
                     "lineNumber": 746
                  }
               ]
            },
            {
               "fileName": "Live_Retail_Complaints_Xamarin_war.ear/Customer_Complaints_Xamarin.war/WEB-INF/classes/com/asianpaints/retailcomplaints/UpdateFir.class",
               "details": [
                  {
                     "reference": "Method doPost",
                     "match": "java.text.SimpleDateFormat.format(*)",
                     "lineNumber": 601
                  }
               ]
            },
            {
               "fileName": "Live_Retail_Complaints_Xamarin_war.ear/Customer_Complaints_Xamarin.war/WEB-INF/classes/com/asianpaints/retailcomplaints/services/SAPCallService.class",
               "details": [
                  {
                     "reference": "Method executeRFC",
                     "match": "java.text.SimpleDateFormat.format(*)",
                     "lineNumber": 203
                  },
                  {
                     "reference": "Method executeRFC",
                     "match": "java.text.SimpleDateFormat.format(*)",
                     "lineNumber": 254
                  },
                  {
                     "reference": "Method executeRFC",
                     "match": "java.text.SimpleDateFormat.format(*)",
                     "lineNumber": 256
                  },
                  {
                     "reference": "Method executeRFC",
                     "match": "java.text.SimpleDateFormat.format(*)",
                     "lineNumber": 328
                  }
               ]
            },
            {
               "fileName": "Live_Retail_Complaints_Xamarin_war.ear/Customer_Complaints_Xamarin.war/WEB-INF/lib/itextpdf-5.4.0.jar/com/itextpdf/text/Document.class",
               "details": [
                  {
                     "reference": "Method addCreationDate",
                     "match": "java.text.SimpleDateFormat.format(*)",
                     "lineNumber": 558
                  }
               ]
            },
            {
               "fileName": "Live_Retail_Complaints_Xamarin_war.ear/Customer_Complaints_Xamarin.war/WEB-INF/lib/itextpdf-5.4.0.jar/com/itextpdf/text/pdf/PdfSignatureAppearance.class",
               "details": [
                  {
                     "reference": "Method getAppearance",
                     "match": "java.text.SimpleDateFormat.format(*)",
                     "lineNumber": 844
                  }
               ]
            }
         ]
      },
      {
         "ruleName": "Behavior change in rounding in NumberFormat and DecimalFormat format methods",
         "ruleId": "NumberFormatRounding",
         "severity": "Information",
         "category": "Java SE version migration / Java SE 8 compatibility impacts",
         "results": [
            {
               "fileName": "Live_Retail_Complaints_Xamarin_war.ear/Customer_Complaints_Xamarin.war/WEB-INF/lib/itextpdf-5.4.0.jar/com/itextpdf/text/pdf/ByteBuffer.class",
               "details": [
                  {
                     "reference": "Method formatDouble",
                     "match": "java.text.DecimalFormat.format(double)",
                     "lineNumber": 327
                  }
               ]
            }
         ]
      },
      {
         "ruleName": "Databases",
         "ruleId": "DatabasesSQLRule",
         "severity": "Warning",
         "category": "Technology connectivity considerations for IBM Cloud",
         "results": [
            {
               "fileName": "Live_Retail_Complaints_Xamarin_war.ear/Customer_Complaints_Xamarin.war/WEB-INF/classes/com/asianpaints/retailcomplaints/BPService.class",
               "details": [
                  {
                     "reference": "Method doGet",
                     "match": "java.sql",
                     "lineNumber": 205
                  }
               ]
            }
         ]
      },
      {
         "ruleName": "Handling application configuration in Docker containers",
         "ruleId": "DetectPropertiesFiles",
         "severity": "Warning",
         "category": "Docker (IBM Cloud Kubernetes Service)",
         "results": [
            {
               "fileName": "Live_Retail_Complaints_Xamarin_war.ear/Customer_Complaints_Xamarin.war/WEB-INF/lib/itextpdf-5.4.0.jar/META-INF/maven/com.itextpdf/itextpdf/pom.properties",
               "details": [
                  {
                     "reference": null,
                     "match": "(.*)?\\.properties",
                     "lineNumber": 0
                  }
               ]
            },
            {
               "fileName": "Live_Retail_Complaints_Xamarin_war.ear/Customer_Complaints_Xamarin.war/WEB-INF/lib/itextpdf-5.4.0.jar/com/itextpdf/text/pdf/CJKFont.class",
               "details": [
                  {
                     "reference": "Method loadRegistry",
                     "match": "java.util.Properties.load(*)",
                     "lineNumber": 124
                  },
                  {
                     "reference": "Method readFontProperties",
                     "match": "java.util.Properties.load(*)",
                     "lineNumber": 644
                  }
               ]
            }
         ]
      },
      {
         "ruleName": "Java EE security",
         "ruleId": "ApplicationSecurityRule",
         "severity": "Warning",
         "category": "Technology connectivity considerations for IBM Cloud",
         "results": [
            {
               "fileName": "Live_Retail_Complaints_Xamarin_war.ear/Customer_Complaints_Xamarin.war/WEB-INF/classes/MailPDF.class",
               "details": [
                  {
                     "reference": "Method doPost",
                     "match": "javax.servlet.http.HttpServletRequest.getRemoteUser(*)",
                     "lineNumber": 199
                  }
               ]
            }
         ]
      },
      {
         "ruleName": "JavaMail server",
         "ruleId": "MailServerRule",
         "severity": "Warning",
         "category": "Technology connectivity considerations for IBM Cloud",
         "results": [
            {
               "fileName": "Live_Retail_Complaints_Xamarin_war.ear/Customer_Complaints_Xamarin.war/WEB-INF/classes/MailPDF$1.class",
               "details": [
                  {
                     "reference": "Constructor",
                     "match": "javax.mail",
                     "lineNumber": 2020
                  }
               ]
            }
         ]
      },
      {
         "ruleName": "Managing data inside and between Docker containers",
         "ruleId": "FileSystemRule",
         "severity": "Warning",
         "category": "Docker (IBM Cloud Kubernetes Service)",
         "results": [
            {
               "fileName": "Live_Retail_Complaints_Xamarin_war.ear/Customer_Complaints_Xamarin.war/WEB-INF/classes/MailPDF.class",
               "details": [
                  {
                     "reference": "Method createPdf",
                     "match": "java.io.FileOutputStream",
                     "lineNumber": 1463
                  },
                  {
                     "reference": "Method createPdf1",
                     "match": "java.io.FileOutputStream",
                     "lineNumber": 1091
                  }
               ]
            },
            {
               "fileName": "Live_Retail_Complaints_Xamarin_war.ear/Customer_Complaints_Xamarin.war/WEB-INF/classes/MailPDF1.class",
               "details": [
                  {
                     "reference": "Method createPdf",
                     "match": "java.io.FileOutputStream",
                     "lineNumber": 627
                  }
               ]
            },
            {
               "fileName": "Live_Retail_Complaints_Xamarin_war.ear/Customer_Complaints_Xamarin.war/WEB-INF/classes/com/asianpaints/retailcomplaints/BPService.class",
               "details": [
                  {
                     "reference": "Method doPost",
                     "match": "java.io.FileWriter",
                     "lineNumber": 525
                  },
                  {
                     "reference": "Method doPost",
                     "match": "java.io.FileWriter",
                     "lineNumber": 529
                  },
                  {
                     "reference": "Method doPost",
                     "match": "java.io.FileWriter",
                     "lineNumber": 568
                  }
               ]
            },
            {
               "fileName": "Live_Retail_Complaints_Xamarin_war.ear/Customer_Complaints_Xamarin.war/WEB-INF/classes/com/asianpaints/retailcomplaints/CreateComplaint.class",
               "details": [
                  {
                     "reference": "Method doPost",
                     "match": "java.io.FileWriter",
                     "lineNumber": 340
                  },
                  {
                     "reference": "Method doPost",
                     "match": "java.io.FileWriter",
                     "lineNumber": 344
                  },
                  {
                     "reference": "Method doPost",
                     "match": "java.io.FileWriter",
                     "lineNumber": 389
                  }
               ]
            },
            {
               "fileName": "Live_Retail_Complaints_Xamarin_war.ear/Customer_Complaints_Xamarin.war/WEB-INF/classes/com/asianpaints/retailcomplaints/Fileread.class",
               "details": [
                  {
                     "reference": "Method main",
                     "match": "java.io.FileOutputStream",
                     "lineNumber": 96
                  },
                  {
                     "reference": "Method main",
                     "match": "java.io.FileOutputStream",
                     "lineNumber": 101
                  },
                  {
                     "reference": "Method main",
                     "match": "java.io.FileOutputStream",
                     "lineNumber": 115
                  },
                  {
                     "reference": "Method main",
                     "match": "java.io.FileOutputStream",
                     "lineNumber": 148
                  }
               ]
            },
            {
               "fileName": "Live_Retail_Complaints_Xamarin_war.ear/Customer_Complaints_Xamarin.war/WEB-INF/classes/com/asianpaints/retailcomplaints/GetDetails.class",
               "details": [
                  {
                     "reference": "Method doGet",
                     "match": "java.io.FileOutputStream",
                     "lineNumber": 208
                  },
                  {
                     "reference": "Method doGet",
                     "match": "java.io.FileOutputStream",
                     "lineNumber": 248
                  },
                  {
                     "reference": "Method doGet",
                     "match": "java.io.FileOutputStream",
                     "lineNumber": 254
                  },
                  {
                     "reference": "Method doGet",
                     "match": "java.io.FileOutputStream",
                     "lineNumber": 269
                  },
                  {
                     "reference": "Method doGet",
                     "match": "java.io.FileOutputStream",
                     "lineNumber": 276
                  },
                  {
                     "reference": "Method doGet",
                     "match": "java.io.FileOutputStream",
                     "lineNumber": 285
                  },
                  {
                     "reference": "Method doGet",
                     "match": "java.io.FileOutputStream",
                     "lineNumber": 318
                  },
                  {
                     "reference": "Method doGet",
                     "match": "java.io.FileOutputStream",
                     "lineNumber": 334
                  },
                  {
                     "reference": "Method doGet",
                     "match": "java.io.FileOutputStream",
                     "lineNumber": 338
                  },
                  {
                     "reference": "Method doGet",
                     "match": "java.io.FileOutputStream",
                     "lineNumber": 353
                  },
                  {
                     "reference": "Method doGet",
                     "match": "java.io.FileOutputStream",
                     "lineNumber": 412
                  },
                  {
                     "reference": "Method doGet",
                     "match": "java.io.FileOutputStream",
                     "lineNumber": 418
                  },
                  {
                     "reference": "Method doGet",
                     "match": "java.io.FileOutputStream",
                     "lineNumber": 432
                  },
                  {
                     "reference": "Method doGet",
                     "match": "java.io.FileOutputStream",
                     "lineNumber": 444
                  },
                  {
                     "reference": "Method doGet",
                     "match": "java.io.FileOutputStream",
                     "lineNumber": 478
                  },
                  {
                     "reference": "Method doGet",
                     "match": "java.io.FileOutputStream",
                     "lineNumber": 484
                  },
                  {
                     "reference": "Method doGet",
                     "match": "java.io.FileOutputStream",
                     "lineNumber": 494
                  },
                  {
                     "reference": "Method doGet",
                     "match": "java.io.FileOutputStream",
                     "lineNumber": 510
                  },
                  {
                     "reference": "Method doGet",
                     "match": "java.io.FileOutputStream",
                     "lineNumber": 542
                  },
                  {
                     "reference": "Method doGet",
                     "match": "java.io.FileOutputStream",
                     "lineNumber": 548
                  },
                  {
                     "reference": "Method doGet",
                     "match": "java.io.FileOutputStream",
                     "lineNumber": 557
                  },
                  {
                     "reference": "Method doGet",
                     "match": "java.io.FileOutputStream",
                     "lineNumber": 573
                  },
                  {
                     "reference": "Method doGet",
                     "match": "java.io.FileOutputStream",
                     "lineNumber": 604
                  },
                  {
                     "reference": "Method doGet",
                     "match": "java.io.FileOutputStream",
                     "lineNumber": 610
                  },
                  {
                     "reference": "Method doGet",
                     "match": "java.io.FileOutputStream",
                     "lineNumber": 621
                  },
                  {
                     "reference": "Method doGet",
                     "match": "java.io.FileOutputStream",
                     "lineNumber": 638
                  },
                  {
                     "reference": "Method doGet",
                     "match": "java.io.FileOutputStream",
                     "lineNumber": 667
                  },
                  {
                     "reference": "Method doGet",
                     "match": "java.io.FileOutputStream",
                     "lineNumber": 674
                  },
                  {
                     "reference": "Method doGet",
                     "match": "java.io.FileOutputStream",
                     "lineNumber": 684
                  },
                  {
                     "reference": "Method doGet",
                     "match": "java.io.FileOutputStream",
                     "lineNumber": 707
                  },
                  {
                     "reference": "Method doGet",
                     "match": "java.io.FileOutputStream",
                     "lineNumber": 722
                  },
                  {
                     "reference": "Method doGet",
                     "match": "java.io.FileOutputStream",
                     "lineNumber": 728
                  },
                  {
                     "reference": "Method doGet",
                     "match": "java.io.FileOutputStream",
                     "lineNumber": 739
                  },
                  {
                     "reference": "Method doGet",
                     "match": "java.io.FileOutputStream",
                     "lineNumber": 751
                  },
                  {
                     "reference": "Method doGet",
                     "match": "java.io.FileOutputStream",
                     "lineNumber": 779
                  },
                  {
                     "reference": "Method doGet",
                     "match": "java.io.FileOutputStream",
                     "lineNumber": 785
                  },
                  {
                     "reference": "Method doGet",
                     "match": "java.io.FileOutputStream",
                     "lineNumber": 796
                  },
                  {
                     "reference": "Method doGet",
                     "match": "java.io.FileOutputStream",
                     "lineNumber": 807
                  },
                  {
                     "reference": "Method doGet",
                     "match": "java.io.FileOutputStream",
                     "lineNumber": 837
                  },
                  {
                     "reference": "Method doGet",
                     "match": "java.io.FileOutputStream",
                     "lineNumber": 843
                  },
                  {
                     "reference": "Method doGet",
                     "match": "java.io.FileOutputStream",
                     "lineNumber": 854
                  },
                  {
                     "reference": "Method doGet",
                     "match": "java.io.FileOutputStream",
                     "lineNumber": 866
                  },
                  {
                     "reference": "Method doGet",
                     "match": "java.io.FileOutputStream",
                     "lineNumber": 894
                  },
                  {
                     "reference": "Method doGet",
                     "match": "java.io.FileOutputStream",
                     "lineNumber": 900
                  },
                  {
                     "reference": "Method doGet",
                     "match": "java.io.FileOutputStream",
                     "lineNumber": 912
                  },
                  {
                     "reference": "Method doGet",
                     "match": "java.io.FileOutputStream",
                     "lineNumber": 924
                  },
                  {
                     "reference": "Method doGet",
                     "match": "java.io.FileOutputStream",
                     "lineNumber": 954
                  },
                  {
                     "reference": "Method doGet",
                     "match": "java.io.FileOutputStream",
                     "lineNumber": 960
                  },
                  {
                     "reference": "Method doGet",
                     "match": "java.io.FileOutputStream",
                     "lineNumber": 972
                  },
                  {
                     "reference": "Method doGet",
                     "match": "java.io.FileOutputStream",
                     "lineNumber": 984
                  },
                  {
                     "reference": "Method doGet",
                     "match": "java.io.FileOutputStream",
                     "lineNumber": 1013
                  },
                  {
                     "reference": "Method doGet",
                     "match": "java.io.FileOutputStream",
                     "lineNumber": 1019
                  },
                  {
                     "reference": "Method doGet",
                     "match": "java.io.FileOutputStream",
                     "lineNumber": 1030
                  },
                  {
                     "reference": "Method doGet",
                     "match": "java.io.FileOutputStream",
                     "lineNumber": 1043
                  },
                  {
                     "reference": "Method doGet",
                     "match": "java.io.FileOutputStream",
                     "lineNumber": 1067
                  },
                  {
                     "reference": "Method doGet",
                     "match": "java.io.FileOutputStream",
                     "lineNumber": 1073
                  },
                  {
                     "reference": "Method doGet",
                     "match": "java.io.FileOutputStream",
                     "lineNumber": 1084
                  },
                  {
                     "reference": "Method doGet",
                     "match": "java.io.FileOutputStream",
                     "lineNumber": 1097
                  },
                  {
                     "reference": "Method doGet",
                     "match": "java.io.FileOutputStream",
                     "lineNumber": 1121
                  },
                  {
                     "reference": "Method doGet",
                     "match": "java.io.FileOutputStream",
                     "lineNumber": 1127
                  },
                  {
                     "reference": "Method doGet",
                     "match": "java.io.FileOutputStream",
                     "lineNumber": 1138
                  },
                  {
                     "reference": "Method doGet",
                     "match": "java.io.FileOutputStream",
                     "lineNumber": 1151
                  },
                  {
                     "reference": "Method doGet",
                     "match": "java.io.FileOutputStream",
                     "lineNumber": 1176
                  },
                  {
                     "reference": "Method doGet",
                     "match": "java.io.FileOutputStream",
                     "lineNumber": 1182
                  },
                  {
                     "reference": "Method doGet",
                     "match": "java.io.FileOutputStream",
                     "lineNumber": 1193
                  },
                  {
                     "reference": "Method doGet",
                     "match": "java.io.FileOutputStream",
                     "lineNumber": 1209
                  },
                  {
                     "reference": "Method doGet",
                     "match": "java.io.FileOutputStream",
                     "lineNumber": 1261
                  },
                  {
                     "reference": "Method doGet",
                     "match": "java.io.FileOutputStream",
                     "lineNumber": 1267
                  },
                  {
                     "reference": "Method doGet",
                     "match": "java.io.FileOutputStream",
                     "lineNumber": 1277
                  },
                  {
                     "reference": "Method doGet",
                     "match": "java.io.FileOutputStream",
                     "lineNumber": 1290
                  },
                  {
                     "reference": "Method doGet",
                     "match": "java.io.FileOutputStream",
                     "lineNumber": 1308
                  },
                  {
                     "reference": "Method doGet",
                     "match": "java.io.FileOutputStream",
                     "lineNumber": 1315
                  },
                  {
                     "reference": "Method doGet",
                     "match": "java.io.FileOutputStream",
                     "lineNumber": 1322
                  },
                  {
                     "reference": "Method doGet",
                     "match": "java.io.FileOutputStream",
                     "lineNumber": 1330
                  },
                  {
                     "reference": "Method doGet",
                     "match": "java.io.FileOutputStream",
                     "lineNumber": 1348
                  },
                  {
                     "reference": "Method doGet",
                     "match": "java.io.FileOutputStream",
                     "lineNumber": 1355
                  },
                  {
                     "reference": "Method doGet",
                     "match": "java.io.FileOutputStream",
                     "lineNumber": 1362
                  },
                  {
                     "reference": "Method doGet",
                     "match": "java.io.FileOutputStream",
                     "lineNumber": 1404
                  },
                  {
                     "reference": "Method doGet",
                     "match": "java.io.FileOutputStream",
                     "lineNumber": 1405
                  },
                  {
                     "reference": "Method doGet",
                     "match": "java.io.FileOutputStream",
                     "lineNumber": 1480
                  }
               ]
            },
            {
               "fileName": "Live_Retail_Complaints_Xamarin_war.ear/Customer_Complaints_Xamarin.war/WEB-INF/classes/com/asianpaints/retailcomplaints/UpdateCN.class",
               "details": [
                  {
                     "reference": "Method doPost",
                     "match": "java.io.FileWriter",
                     "lineNumber": 778
                  },
                  {
                     "reference": "Method doPost",
                     "match": "java.io.FileWriter",
                     "lineNumber": 782
                  },
                  {
                     "reference": "Method doPost",
                     "match": "java.io.FileWriter",
                     "lineNumber": 787
                  }
               ]
            },
            {
               "fileName": "Live_Retail_Complaints_Xamarin_war.ear/Customer_Complaints_Xamarin.war/WEB-INF/classes/com/asianpaints/retailcomplaints/UpdateFir.class",
               "details": [
                  {
                     "reference": "Method doPost",
                     "match": "java.io.FileWriter",
                     "lineNumber": 763
                  },
                  {
                     "reference": "Method doPost",
                     "match": "java.io.FileWriter",
                     "lineNumber": 767
                  },
                  {
                     "reference": "Method doPost",
                     "match": "java.io.FileWriter",
                     "lineNumber": 812
                  }
               ]
            },
            {
               "fileName": "Live_Retail_Complaints_Xamarin_war.ear/Customer_Complaints_Xamarin.war/WEB-INF/classes/com/asianpaints/retailcomplaints/Upload.class",
               "details": [
                  {
                     "reference": "Method doPost",
                     "match": "java.io.FileOutputStream",
                     "lineNumber": 145
                  },
                  {
                     "reference": "Method doPost",
                     "match": "java.io.FileOutputStream",
                     "lineNumber": 148
                  },
                  {
                     "reference": "Method doPost",
                     "match": "java.io.FileOutputStream",
                     "lineNumber": 164
                  },
                  {
                     "reference": "Method doPost",
                     "match": "java.io.FileOutputStream",
                     "lineNumber": 165
                  },
                  {
                     "reference": "Method doPost",
                     "match": "java.io.FileOutputStream",
                     "lineNumber": 203
                  },
                  {
                     "reference": "Method doPost",
                     "match": "java.io.FileOutputStream",
                     "lineNumber": 206
                  },
                  {
                     "reference": "Method doPost",
                     "match": "java.io.FileOutputStream",
                     "lineNumber": 239
                  },
                  {
                     "reference": "Method doPost",
                     "match": "java.io.FileWriter",
                     "lineNumber": 159
                  },
                  {
                     "reference": "Method doPost",
                     "match": "java.io.FileWriter",
                     "lineNumber": 163
                  },
                  {
                     "reference": "Method doPost",
                     "match": "java.io.FileWriter",
                     "lineNumber": 217
                  },
                  {
                     "reference": "Method doPost",
                     "match": "java.io.FileWriter",
                     "lineNumber": 221
                  },
                  {
                     "reference": "Method doPost",
                     "match": "java.io.FileWriter",
                     "lineNumber": 239
                  }
               ]
            },
            {
               "fileName": "Live_Retail_Complaints_Xamarin_war.ear/Customer_Complaints_Xamarin.war/WEB-INF/classes/com/asianpaints/retailcomplaints/services/LogToFile.class",
               "details": [
                  {
                     "reference": "Method error",
                     "match": "java.io.FileWriter",
                     "lineNumber": 53
                  },
                  {
                     "reference": "Method error",
                     "match": "java.io.FileWriter",
                     "lineNumber": 57
                  },
                  {
                     "reference": "Method error",
                     "match": "java.io.FileWriter",
                     "lineNumber": 65
                  },
                  {
                     "reference": "Method info",
                     "match": "java.io.FileWriter",
                     "lineNumber": 85
                  },
                  {
                     "reference": "Method info",
                     "match": "java.io.FileWriter",
                     "lineNumber": 89
                  },
                  {
                     "reference": "Method info",
                     "match": "java.io.FileWriter",
                     "lineNumber": 99
                  }
               ]
            },
            {
               "fileName": "Live_Retail_Complaints_Xamarin_war.ear/Customer_Complaints_Xamarin.war/WEB-INF/classes/com/asianpaints/retailcomplaints/services/SAPCallService.class",
               "details": [
                  {
                     "reference": "Method createDestinationDataFile",
                     "match": "java.io.FileOutputStream",
                     "lineNumber": 99
                  },
                  {
                     "reference": "Method createDestinationDataFile",
                     "match": "java.io.FileOutputStream",
                     "lineNumber": 101
                  },
                  {
                     "reference": "Method createDestinationDataFile",
                     "match": "java.io.FileOutputStream",
                     "lineNumber": 106
                  }
               ]
            },
            {
               "fileName": "Live_Retail_Complaints_Xamarin_war.ear/Customer_Complaints_Xamarin.war/WEB-INF/classes/com/asianpaints/retailcomplaints/services/SecureFile.class",
               "details": [
                  {
                     "reference": "Method decrypt",
                     "match": "java.io.FileOutputStream",
                     "lineNumber": 90
                  },
                  {
                     "reference": "Method decrypt",
                     "match": "java.io.FileOutputStream",
                     "lineNumber": 94
                  },
                  {
                     "reference": "Method decrypt",
                     "match": "java.io.FileOutputStream",
                     "lineNumber": 97
                  },
                  {
                     "reference": "Method decrypt",
                     "match": "java.io.FileOutputStream",
                     "lineNumber": 98
                  },
                  {
                     "reference": "Method decrypt",
                     "match": "java.io.FileOutputStream",
                     "lineNumber": 104
                  },
                  {
                     "reference": "Method encrypt",
                     "match": "java.io.FileOutputStream",
                     "lineNumber": 38
                  },
                  {
                     "reference": "Method encrypt",
                     "match": "java.io.FileOutputStream",
                     "lineNumber": 42
                  },
                  {
                     "reference": "Method encrypt",
                     "match": "java.io.FileOutputStream",
                     "lineNumber": 45
                  },
                  {
                     "reference": "Method encrypt",
                     "match": "java.io.FileOutputStream",
                     "lineNumber": 46
                  },
                  {
                     "reference": "Method encrypt",
                     "match": "java.io.FileOutputStream",
                     "lineNumber": 56
                  }
               ]
            },
            {
               "fileName": "Live_Retail_Complaints_Xamarin_war.ear/Customer_Complaints_Xamarin.war/WEB-INF/lib/itextpdf-5.4.0.jar/com/itextpdf/text/pdf/PdfSignatureAppearance.class",
               "details": [
                  {
                     "reference": "Method close",
                     "match": "java.io.RandomAccessFile.write(*)",
                     "lineNumber": 1376
                  },
                  {
                     "reference": "Method preClose",
                     "match": "java.io.RandomAccessFile.write(*)",
                     "lineNumber": 1281
                  }
               ]
            },
            {
               "fileName": "Live_Retail_Complaints_Xamarin_war.ear/Customer_Complaints_Xamarin.war/WEB-INF/lib/itextpdf-5.4.0.jar/com/itextpdf/text/pdf/PdfStamper.class",
               "details": [
                  {
                     "reference": "Method createSignature",
                     "match": "java.io.FileOutputStream",
                     "lineNumber": 643
                  },
                  {
                     "reference": "Method createSignature",
                     "match": "java.io.FileOutputStream",
                     "lineNumber": 657
                  }
               ]
            },
            {
               "fileName": "Live_Retail_Complaints_Xamarin_war.ear/Customer_Complaints_Xamarin.war/WEB-INF/lib/itextpdf-5.4.0.jar/com/itextpdf/text/pdf/codec/Base64.class",
               "details": [
                  {
                     "reference": "Method decodeFileToFile",
                     "match": "java.io.FileOutputStream",
                     "lineNumber": 1253
                  },
                  {
                     "reference": "Method decodeToFile",
                     "match": "java.io.FileOutputStream",
                     "lineNumber": 1104
                  },
                  {
                     "reference": "Method encodeFileToFile",
                     "match": "java.io.FileOutputStream",
                     "lineNumber": 1229
                  },
                  {
                     "reference": "Method encodeToFile",
                     "match": "java.io.FileOutputStream",
                     "lineNumber": 1074
                  }
               ]
            },
            {
               "fileName": "Live_Retail_Complaints_Xamarin_war.ear/Customer_Complaints_Xamarin.war/WEB-INF/lib/itextpdf-5.4.0.jar/com/itextpdf/text/pdf/parser/PdfContentReaderTool.class",
               "details": [
                  {
                     "reference": "Method main",
                     "match": "java.io.FileOutputStream",
                     "lineNumber": 238
                  }
               ]
            }
         ]
      },
      {
         "ruleName": "The Apache HTTP client API was removed",
         "ruleId": "ApacheHTTPRule",
         "severity": "Severe",
         "category": "WebSphere version migration / V8.0, V8.5 and V9.0 migration",
         "results": [
            {
               "fileName": "Live_Retail_Complaints_Xamarin_war.ear/Customer_Complaints_Xamarin.war/WEB-INF/classes/MailPDF.class",
               "details": [
                  {
                     "reference": "Method uploadPDF",
                     "match": "org.apache.http",
                     "lineNumber": 2113
                  },
                  {
                     "reference": "Method uploadPDF",
                     "match": "org.apache.http",
                     "lineNumber": 2115
                  },
                  {
                     "reference": "Method uploadPDF",
                     "match": "org.apache.http",
                     "lineNumber": 2116
                  },
                  {
                     "reference": "Method uploadPDF",
                     "match": "org.apache.http",
                     "lineNumber": 2117
                  },
                  {
                     "reference": "Method uploadPDF",
                     "match": "org.apache.http",
                     "lineNumber": 2119
                  },
                  {
                     "reference": "Method uploadPDF",
                     "match": "org.apache.http",
                     "lineNumber": 2166
                  },
                  {
                     "reference": "Method uploadPDF",
                     "match": "org.apache.http",
                     "lineNumber": 2168
                  },
                  {
                     "reference": "Method uploadPDF",
                     "match": "org.apache.http",
                     "lineNumber": 2169
                  },
                  {
                     "reference": "Method uploadPDF",
                     "match": "org.apache.http",
                     "lineNumber": 2170
                  },
                  {
                     "reference": "Method uploadPDF",
                     "match": "org.apache.http",
                     "lineNumber": 2172
                  },
                  {
                     "reference": "Method uploadPDF",
                     "match": "org.apache.http",
                     "lineNumber": 2184
                  },
                  {
                     "reference": "Method uploadPDF",
                     "match": "org.apache.http.client",
                     "lineNumber": 2115
                  },
                  {
                     "reference": "Method uploadPDF",
                     "match": "org.apache.http.client",
                     "lineNumber": 2168
                  },
                  {
                     "reference": "Method uploadPDF",
                     "match": "org.apache.http.client",
                     "lineNumber": 2184
                  },
                  {
                     "reference": "Method uploadPDF",
                     "match": "org.apache.http.client.methods",
                     "lineNumber": 2108
                  },
                  {
                     "reference": "Method uploadPDF",
                     "match": "org.apache.http.client.methods",
                     "lineNumber": 2109
                  },
                  {
                     "reference": "Method uploadPDF",
                     "match": "org.apache.http.client.methods",
                     "lineNumber": 2113
                  },
                  {
                     "reference": "Method uploadPDF",
                     "match": "org.apache.http.client.methods",
                     "lineNumber": 2115
                  },
                  {
                     "reference": "Method uploadPDF",
                     "match": "org.apache.http.client.methods",
                     "lineNumber": 2161
                  },
                  {
                     "reference": "Method uploadPDF",
                     "match": "org.apache.http.client.methods",
                     "lineNumber": 2162
                  },
                  {
                     "reference": "Method uploadPDF",
                     "match": "org.apache.http.client.methods",
                     "lineNumber": 2166
                  },
                  {
                     "reference": "Method uploadPDF",
                     "match": "org.apache.http.client.methods",
                     "lineNumber": 2168
                  },
                  {
                     "reference": "Method uploadPDF",
                     "match": "org.apache.http.client.methods",
                     "lineNumber": 2184
                  },
                  {
                     "reference": "Method uploadPDF",
                     "match": "org.apache.http.entity",
                     "lineNumber": 2112
                  },
                  {
                     "reference": "Method uploadPDF",
                     "match": "org.apache.http.entity",
                     "lineNumber": 2165
                  },
                  {
                     "reference": "Method uploadPDF",
                     "match": "org.apache.http.impl.client",
                     "lineNumber": 2095
                  },
                  {
                     "reference": "Method uploadPDF",
                     "match": "org.apache.http.impl.client",
                     "lineNumber": 2148
                  }
               ]
            },
            {
               "fileName": "Live_Retail_Complaints_Xamarin_war.ear/Customer_Complaints_Xamarin.war/WEB-INF/classes/MailPDF1.class",
               "details": [
                  {
                     "reference": "Method uploadPDF",
                     "match": "org.apache.http",
                     "lineNumber": 978
                  },
                  {
                     "reference": "Method uploadPDF",
                     "match": "org.apache.http",
                     "lineNumber": 980
                  },
                  {
                     "reference": "Method uploadPDF",
                     "match": "org.apache.http",
                     "lineNumber": 981
                  },
                  {
                     "reference": "Method uploadPDF",
                     "match": "org.apache.http",
                     "lineNumber": 982
                  },
                  {
                     "reference": "Method uploadPDF",
                     "match": "org.apache.http",
                     "lineNumber": 984
                  },
                  {
                     "reference": "Method uploadPDF",
                     "match": "org.apache.http",
                     "lineNumber": 998
                  },
                  {
                     "reference": "Method uploadPDF",
                     "match": "org.apache.http.client",
                     "lineNumber": 980
                  },
                  {
                     "reference": "Method uploadPDF",
                     "match": "org.apache.http.client",
                     "lineNumber": 998
                  },
                  {
                     "reference": "Method uploadPDF",
                     "match": "org.apache.http.client.methods",
                     "lineNumber": 974
                  },
                  {
                     "reference": "Method uploadPDF",
                     "match": "org.apache.http.client.methods",
                     "lineNumber": 975
                  },
                  {
                     "reference": "Method uploadPDF",
                     "match": "org.apache.http.client.methods",
                     "lineNumber": 978
                  },
                  {
                     "reference": "Method uploadPDF",
                     "match": "org.apache.http.client.methods",
                     "lineNumber": 980
                  },
                  {
                     "reference": "Method uploadPDF",
                     "match": "org.apache.http.client.methods",
                     "lineNumber": 998
                  },
                  {
                     "reference": "Method uploadPDF",
                     "match": "org.apache.http.entity",
                     "lineNumber": 977
                  },
                  {
                     "reference": "Method uploadPDF",
                     "match": "org.apache.http.impl.client",
                     "lineNumber": 970
                  }
               ]
            }
         ]
      },
      {
         "ruleName": "The use of java.sql.Driver and java.sql.DriverManager interfaces requires configuration ",
         "ruleId": "SqlDriverRule",
         "severity": "Severe",
         "category": "WebSphere traditional to Liberty",
         "results": [
            {
               "fileName": "Live_Retail_Complaints_Xamarin_war.ear/Customer_Complaints_Xamarin.war/WEB-INF/classes/com/asianpaints/retailcomplaints/GetComplaintCategory.class",
               "details": [
                  {
                     "reference": "Method doGet",
                     "match": "java.sql.DriverManager.getConnection(*)",
                     "lineNumber": 99
                  }
               ]
            },
            {
               "fileName": "Live_Retail_Complaints_Xamarin_war.ear/Customer_Complaints_Xamarin.war/WEB-INF/classes/com/asianpaints/retailcomplaints/GetDetails.class",
               "details": [
                  {
                     "reference": "Method doGet",
                     "match": "java.sql.DriverManager.getConnection(*)",
                     "lineNumber": 221
                  }
               ]
            },
            {
               "fileName": "Live_Retail_Complaints_Xamarin_war.ear/Customer_Complaints_Xamarin.war/WEB-INF/classes/com/asianpaints/retailcomplaints/GetGenieData.class",
               "details": [
                  {
                     "reference": "Method doGet",
                     "match": "java.sql.DriverManager.getConnection(*)",
                     "lineNumber": 105
                  }
               ]
            },
            {
               "fileName": "Live_Retail_Complaints_Xamarin_war.ear/Customer_Complaints_Xamarin.war/WEB-INF/classes/com/asianpaints/retailcomplaints/services/DBConnect.class",
               "details": [
                  {
                     "reference": "Method Connect",
                     "match": "java.sql.DriverManager.getConnection(*)",
                     "lineNumber": 36
                  }
               ]
            },
            {
               "fileName": "Live_Retail_Complaints_Xamarin_war.ear/Customer_Complaints_Xamarin.war/WEB-INF/classes/com/asianpaints/retailcomplaints/services/DBConnectGDATA.class",
               "details": [
                  {
                     "reference": "Method Connect",
                     "match": "java.sql.DriverManager.getConnection(*)",
                     "lineNumber": 40
                  }
               ]
            }
         ]
      },
      {
         "ruleName": "Validate the URL host and port for cloud access",
         "ruleId": "URLRuleDockerCloud",
         "severity": "Warning",
         "category": "Connectivity considerations for IBM Cloud (Docker and WebSphere in IBM Cloud)",
         "results": [
            {
               "fileName": "Live_Retail_Complaints_Xamarin_war.ear/Customer_Complaints_Xamarin.war/WEB-INF/classes/MailPDF.class",
               "details": [
                  {
                     "reference": "Method uploadPDF",
                     "match": "http://mserve.asianpaints.com/FUP/upload?FILENAME=",
                     "lineNumber": 2098
                  },
                  {
                     "reference": "Method uploadPDF",
                     "match": "http://mserve.asianpaints.com/FUP/upload?FILENAME=",
                     "lineNumber": 2151
                  }
               ]
            },
            {
               "fileName": "Live_Retail_Complaints_Xamarin_war.ear/Customer_Complaints_Xamarin.war/WEB-INF/classes/MailPDF1.class",
               "details": [
                  {
                     "reference": "Method uploadPDF",
                     "match": "http://mservedev.asianpaints.com/FUP/upload?FILENAME=",
                     "lineNumber": 972
                  }
               ]
            },
            {
               "fileName": "Live_Retail_Complaints_Xamarin_war.ear/Customer_Complaints_Xamarin.war/WEB-INF/classes/com/asianpaints/retailcomplaints/Fileread.class",
               "details": [
                  {
                     "reference": "Method main",
                     "match": "http://172.26.6.42:8080/Customer_Complaints_Xamarin/GetDetails",
                     "lineNumber": 52
                  }
               ]
            },
            {
               "fileName": "Live_Retail_Complaints_Xamarin_war.ear/Customer_Complaints_Xamarin.war/WEB-INF/classes/com/asianpaints/retailcomplaints/login.class",
               "details": [
                  {
                     "reference": "Method doPost",
                     "match": "ldap://192.168.40.115:389/DC=asianpaints,DC=com",
                     "lineNumber": 188
                  }
               ]
            },
            {
               "fileName": "Live_Retail_Complaints_Xamarin_war.ear/Customer_Complaints_Xamarin.war/WEB-INF/lib/itextpdf-5.4.0.jar/com/itextpdf/text/pdf/PdfStamperImp.class",
               "details": [
                  {
                     "reference": "Method close",
                     "match": "http://ns.adobe.com/pdf/1.3/",
                     "lineNumber": 283
                  },
                  {
                     "reference": "Method close",
                     "match": "http://ns.adobe.com/pdf/1.3/",
                     "lineNumber": 285
                  },
                  {
                     "reference": "Method close",
                     "match": "http://ns.adobe.com/xap/1.0/",
                     "lineNumber": 286
                  },
                  {
                     "reference": "Method close",
                     "match": "http://ns.adobe.com/xap/1.0/",
                     "lineNumber": 288
                  },
                  {
                     "reference": "Method close",
                     "match": "http://ns.adobe.com/xap/1.0/",
                     "lineNumber": 289
                  }
               ]
            },
            {
               "fileName": "Live_Retail_Complaints_Xamarin_war.ear/Customer_Complaints_Xamarin.war/WEB-INF/lib/itextpdf-5.4.0.jar/com/itextpdf/text/pdf/PdfWriter.class",
               "details": [
                  {
                     "reference": "Method completeExtraCatalog",
                     "match": "http://www.color.org",
                     "lineNumber": 3316
                  }
               ]
            },
            {
               "fileName": "Live_Retail_Complaints_Xamarin_war.ear/Customer_Complaints_Xamarin.war/WEB-INF/lib/itextpdf-5.4.0.jar/com/itextpdf/text/pdf/XfaForm$Xml2SomDatasets.class",
               "details": [
                  {
                     "reference": "Method hasChildren",
                     "match": "http://www.xfa.org/schema/xfa-data/1.0/",
                     "lineNumber": 827
                  },
                  {
                     "reference": "Method insertNode",
                     "match": "http://www.xfa.org/schema/xfa-data/1.0/",
                     "lineNumber": 814
                  }
               ]
            },
            {
               "fileName": "Live_Retail_Complaints_Xamarin_war.ear/Customer_Complaints_Xamarin.war/WEB-INF/lib/itextpdf-5.4.0.jar/com/itextpdf/text/pdf/XfaForm.class",
               "details": [
                  {
                     "reference": "Field XFA_DATA_SCHEMA",
                     "match": "http://www.xfa.org/schema/xfa-data/1.0/",
                     "lineNumber": 0
                  },
                  {
                     "reference": "Method createDatasetsNode",
                     "match": "http://www.xfa.org/schema/xfa-data/1.0/",
                     "lineNumber": 184
                  },
                  {
                     "reference": "Method fillXfaForm",
                     "match": "http://www.xfa.org/schema/xfa-data/1.0/",
                     "lineNumber": 1173
                  },
                  {
                     "reference": "Method fillXfaForm",
                     "match": "http://www.xfa.org/schema/xfa-data/1.0/",
                     "lineNumber": 1179
                  },
                  {
                     "reference": "Method setNodeText",
                     "match": "http://www.xfa.org/schema/xfa-data/1.0/",
                     "lineNumber": 365
                  },
                  {
                     "reference": "Method setNodeText",
                     "match": "http://www.xfa.org/schema/xfa-data/1.0/",
                     "lineNumber": 366
                  }
               ]
            },
            {
               "fileName": "Live_Retail_Complaints_Xamarin_war.ear/Customer_Complaints_Xamarin.war/WEB-INF/lib/itextpdf-5.4.0.jar/com/itextpdf/text/xml/xmp/DublinCoreSchema.class",
               "details": [
                  {
                     "reference": "Field DEFAULT_XPATH_URI",
                     "match": "http://purl.org/dc/elements/1.1/",
                     "lineNumber": 0
                  }
               ]
            },
            {
               "fileName": "Live_Retail_Complaints_Xamarin_war.ear/Customer_Complaints_Xamarin.war/WEB-INF/lib/itextpdf-5.4.0.jar/com/itextpdf/text/xml/xmp/PdfSchema.class",
               "details": [
                  {
                     "reference": "Field DEFAULT_XPATH_URI",
                     "match": "http://ns.adobe.com/pdf/1.3/",
                     "lineNumber": 0
                  }
               ]
            },
            {
               "fileName": "Live_Retail_Complaints_Xamarin_war.ear/Customer_Complaints_Xamarin.war/WEB-INF/lib/itextpdf-5.4.0.jar/com/itextpdf/text/xml/xmp/XmpBasicSchema.class",
               "details": [
                  {
                     "reference": "Field DEFAULT_XPATH_URI",
                     "match": "http://ns.adobe.com/xap/1.0/",
                     "lineNumber": 0
                  }
               ]
            },
            {
               "fileName": "Live_Retail_Complaints_Xamarin_war.ear/Customer_Complaints_Xamarin.war/WEB-INF/lib/itextpdf-5.4.0.jar/com/itextpdf/text/xml/xmp/XmpMMSchema.class",
               "details": [
                  {
                     "reference": "Field DEFAULT_XPATH_URI",
                     "match": "http://ns.adobe.com/xap/1.0/mm/",
                     "lineNumber": 0
                  }
               ]
            }
         ]
      },
      {
         "ruleName": "org.apache third-party APIs are unavailable on Liberty",
         "ruleId": "HiddenThirdPartyAPIInUseApache",
         "severity": "Severe",
         "category": "WebSphere traditional to Liberty",
         "results": [
            {
               "fileName": "Live_Retail_Complaints_Xamarin_war.ear/Customer_Complaints_Xamarin.war/WEB-INF/classes/MailPDF.class",
               "details": [
                  {
                     "reference": "Method doPost",
                     "match": "org.apache.commons.fileupload.servlet",
                     "lineNumber": 206
                  }
               ]
            }
         ]
      }
   ]
}