{
   "report": "analysis",
   "version": "1.2",
   "productVersion": "9.0",
   "productRelease": "19.0.0.2-TA1",
   "options": [
      "--sourceAppServer=was855",
      "--sourceJava=ibm7",
      "--sourceJavaEE=ee6",
      "--targetAppServer=was90",
      "--targetJava=ibm8",
      "--targetJavaEE=ee7",
      "--targetCloud=vmIBMCloud",
      "--excludePackages=com.ibm,com.informix,com.microsoft,com.sybase,com.sun,java,javax,net,oracle,org,sqlj,_ibmjsp"
   ],
   "totalRulesFlagged": 8,
   "filesAffected": 21,
   "totalResults": 38,
   "severitySummary": [
      {
         "severity": "Warning",
         "totalRulesFlagged": 5,
         "totalResults": 28
      },
      {
         "severity": "Information",
         "totalRulesFlagged": 3,
         "totalResults": 10
      }
   ],
   "applications": [
      "/opt/IBM/WebSphere/AppServer/profiles/Dmgr01/config/cells/apwasdevCell01/applications/MRS_war.ear/MRS_war.ear"
   ],
   "rules": [
      {
         "ruleName": "Behavior change in java.lang.String and java.util.regex.Pattern split methods",
         "ruleId": "StringSplit",
         "severity": "Warning",
         "category": "Java SE version migration / Java SE 8 compatibility impacts",
         "results": [
            {
               "fileName": "MRS_war.ear/MRS.war/WEB-INF/classes/mrs/ContractorsDataFetcher.class",
               "details": [
                  {
                     "reference": "Method doGet",
                     "match": "java.lang.String.split(*)",
                     "lineNumber": 73
                  }
               ]
            },
            {
               "fileName": "MRS_war.ear/MRS.war/WEB-INF/classes/mrs/DealersDataFetcher.class",
               "details": [
                  {
                     "reference": "Method doGet",
                     "match": "java.lang.String.split(*)",
                     "lineNumber": 80
                  }
               ]
            },
            {
               "fileName": "MRS_war.ear/MRS.war/WEB-INF/lib/ngdbc.jar/com/sap/db/jdbc/Driver.class",
               "details": [
                  {
                     "reference": "Method _getPreferredHosts",
                     "match": "java.lang.String.split(*)",
                     "lineNumber": 1609
                  }
               ]
            },
            {
               "fileName": "MRS_war.ear/MRS.war/WEB-INF/lib/ngdbc.jar/com/sap/db/util/DriverVersionInfo.class",
               "details": [
                  {
                     "reference": "Constructor",
                     "match": "java.lang.String.split(*)",
                     "lineNumber": 54
                  }
               ]
            },
            {
               "fileName": "MRS_war.ear/MRS.war/WEB-INF/lib/ngdbc.jar/com/sap/db/util/PlatformUtils.class",
               "details": [
                  {
                     "reference": "Method getWindowsSID",
                     "match": "java.lang.String.split(*)",
                     "lineNumber": 131
                  }
               ]
            },
            {
               "fileName": "MRS_war.ear/MRS.war/WEB-INF/lib/ngdbc.jar/com/sap/db/util/VersionInfo.class",
               "details": [
                  {
                     "reference": "Constructor",
                     "match": "java.lang.String.split(*)",
                     "lineNumber": 31
                  }
               ]
            }
         ]
      },
      {
         "ruleName": "Behavior change in month name formatting for some languages",
         "ruleId": "MonthFormattingNames",
         "severity": "Information",
         "category": "Java SE version migration / Java SE 8 compatibility impacts",
         "results": [
            {
               "fileName": "MRS_war.ear/MRS.war/WEB-INF/lib/ngdbc.jar/com/sap/db/jdbc/converters/AbstractDateTimeConverter.class",
               "details": [
                  {
                     "reference": "Method _formatAsUTCWithNanos",
                     "match": "java.text.DateFormat.format(*)",
                     "lineNumber": 585
                  },
                  {
                     "reference": "Method _formatAsUTCWithNanos",
                     "match": "java.text.DateFormat.format(*)",
                     "lineNumber": 587
                  }
               ]
            },
            {
               "fileName": "MRS_war.ear/MRS.war/WEB-INF/lib/ngdbc.jar/com/sap/db/jdbc/converters/CharacterConverter.class",
               "details": [
                  {
                     "reference": "Method setDate",
                     "match": "java.text.DateFormat.format(*)",
                     "lineNumber": 385
                  },
                  {
                     "reference": "Method setTime",
                     "match": "java.text.DateFormat.format(*)",
                     "lineNumber": 418
                  },
                  {
                     "reference": "Method setTimestamp",
                     "match": "java.text.DateFormat.format(*)",
                     "lineNumber": 451
                  }
               ]
            }
         ]
      },
      {
         "ruleName": "Behavior change in rounding in NumberFormat and DecimalFormat format methods",
         "ruleId": "NumberFormatRounding",
         "severity": "Information",
         "category": "Java SE version migration / Java SE 8 compatibility impacts",
         "results": [
            {
               "fileName": "MRS_war.ear/MRS.war/WEB-INF/lib/ngdbc.jar/com/sap/db/jdbc/converters/CharacterConverter.class",
               "details": [
                  {
                     "reference": "Method setDouble",
                     "match": "java.text.DecimalFormat.format(double)",
                     "lineNumber": 332
                  },
                  {
                     "reference": "Method setFloat",
                     "match": "java.text.DecimalFormat.format(double)",
                     "lineNumber": 308
                  }
               ]
            },
            {
               "fileName": "MRS_war.ear/MRS.war/WEB-INF/lib/ngdbc.jar/com/sap/db/jdbc/trace/Tracer.class",
               "details": [
                  {
                     "reference": "Method _getDisplayByteCount",
                     "match": "java.text.DecimalFormat.format(double)",
                     "lineNumber": 580
                  },
                  {
                     "reference": "Method _getDisplayCompressionRatio",
                     "match": "java.text.DecimalFormat.format(double)",
                     "lineNumber": 585
                  }
               ]
            }
         ]
      },
      {
         "ruleName": "Behavior change in the BigDecimal stripTrailingZeros method for a zero value",
         "ruleId": "BigDecimalStripTrailingZeros",
         "severity": "Information",
         "category": "Java SE version migration / Java SE 8 compatibility impacts",
         "results": [
            {
               "fileName": "MRS_war.ear/MRS.war/WEB-INF/lib/sqljdbc4.jar/microsoft/sql/DateTimeOffset.class",
               "details": [
                  {
                     "reference": "Method toString",
                     "match": "java.math.BigDecimal.stripTrailingZeros(*)",
                     "lineNumber": 127
                  }
               ]
            }
         ]
      },
      {
         "ruleName": "CDI scans for implicit beans when there is no beans.xml file",
         "ruleId": "MissingBeansFile",
         "severity": "Warning",
         "category": "Java EE 7 / CDI",
         "results": [
            {
               "fileName": "MRS_war.ear/MRS.war",
               "details": [
                  {
                     "reference": null,
                     "match": ".*(\\.war|\\.jar)",
                     "lineNumber": 0
                  }
               ]
            },
            {
               "fileName": "MRS_war.ear/MRS.war/WEB-INF/lib/apache-commons.jar",
               "details": [
                  {
                     "reference": null,
                     "match": ".*(\\.war|\\.jar)",
                     "lineNumber": 0
                  }
               ]
            },
            {
               "fileName": "MRS_war.ear/MRS.war/WEB-INF/lib/java-json.jar",
               "details": [
                  {
                     "reference": null,
                     "match": ".*(\\.war|\\.jar)",
                     "lineNumber": 0
                  }
               ]
            },
            {
               "fileName": "MRS_war.ear/MRS.war/WEB-INF/lib/ngdbc.jar",
               "details": [
                  {
                     "reference": null,
                     "match": ".*(\\.war|\\.jar)",
                     "lineNumber": 0
                  }
               ]
            },
            {
               "fileName": "MRS_war.ear/MRS.war/WEB-INF/lib/sqljdbc4.jar",
               "details": [
                  {
                     "reference": null,
                     "match": ".*(\\.war|\\.jar)",
                     "lineNumber": 0
                  }
               ]
            }
         ]
      },
      {
         "ruleName": "Check for compatibility when using system modules",
         "ruleId": "SystemLoadLibrary",
         "severity": "Warning",
         "category": "All application servers",
         "results": [
            {
               "fileName": "MRS_war.ear/MRS.war/WEB-INF/lib/ngdbc.jar/com/sap/db/jdbc/Driver.class",
               "details": [
                  {
                     "reference": "Method loadNativeAuthentication",
                     "match": "java.lang.System.loadLibrary(*)",
                     "lineNumber": 992
                  }
               ]
            }
         ]
      },
      {
         "ruleName": "Databases",
         "ruleId": "DatabasesSQLRule",
         "severity": "Warning",
         "category": "Technology connectivity considerations for IBM Cloud",
         "results": [
            {
               "fileName": "MRS_war.ear/MRS.war/WEB-INF/classes/mrs/Colorant_Fetcher.class",
               "details": [
                  {
                     "reference": "Method doGet",
                     "match": "java.sql",
                     "lineNumber": 74
                  }
               ]
            },
            {
               "fileName": "MRS_war.ear/MRS.war/WEB-INF/lib/ngdbc.jar/com/sap/db/jdbc/ArraySapDB.class",
               "details": [
                  {
                     "reference": "Class implements",
                     "match": "java.sql",
                     "lineNumber": 0
                  }
               ]
            },
            {
               "fileName": "MRS_war.ear/MRS.war/WEB-INF/lib/sqljdbc4.jar/microsoft/sql/DateTimeOffset$SerializationProxy.class",
               "details": [
                  {
                     "reference": "Method readResolve",
                     "match": "java.sql",
                     "lineNumber": 264
                  }
               ]
            }
         ]
      },
      {
         "ruleName": "Validate the URL host and port for cloud access",
         "ruleId": "URLRuleDockerCloud",
         "severity": "Warning",
         "category": "Connectivity considerations for IBM Cloud (Docker and WebSphere in IBM Cloud)",
         "results": [
            {
               "fileName": "MRS_war.ear/MRS.war/WEB-INF/classes/mrs/Colorant_Fetcher.class",
               "details": [
                  {
                     "reference": "Method doGet",
                     "match": "jdbc:sap://172.25.210.176:37615/?autocommit=true",
                     "lineNumber": 70
                  },
                  {
                     "reference": "Method doGet",
                     "match": "jdbc:sap://172.25.210.176:37615/?autocommit=true",
                     "lineNumber": 210
                  },
                  {
                     "reference": "Method doGet",
                     "match": "jdbc:sap://172.25.210.176:37615/?autocommit=true",
                     "lineNumber": 440
                  },
                  {
                     "reference": "Method doGet",
                     "match": "jdbc:sap://172.25.210.176:37615/?autocommit=true",
                     "lineNumber": 470
                  },
                  {
                     "reference": "Method doGet",
                     "match": "jdbc:sap://172.25.210.176:37615/?autocommit=true",
                     "lineNumber": 499
                  }
               ]
            },
            {
               "fileName": "MRS_war.ear/MRS.war/WEB-INF/classes/mrs/ContractorsDataFetcher.class",
               "details": [
                  {
                     "reference": "Method doGet",
                     "match": "jdbc:sqlserver://172.25.30.117;user=sa;password=sa;database=",
                     "lineNumber": 140
                  },
                  {
                     "reference": "Method doGet",
                     "match": "jdbc:sqlserver://172.25.30.117;user=sa;password=sa;database=APHS_CONSOLE_LIVE",
                     "lineNumber": 107
                  }
               ]
            },
            {
               "fileName": "MRS_war.ear/MRS.war/WEB-INF/classes/mrs/DealersDataFetcher.class",
               "details": [
                  {
                     "reference": "Method doGet",
                     "match": "jdbc:sqlserver://172.25.30.117;user=sa;password=sa;database=",
                     "lineNumber": 122
                  },
                  {
                     "reference": "Method doGet",
                     "match": "jdbc:sqlserver://172.25.30.117;user=sa;password=sa;database=APHS_CONSOLE_LIVE",
                     "lineNumber": 89
                  }
               ]
            },
            {
               "fileName": "MRS_war.ear/MRS.war/WEB-INF/classes/mrs/GetMRSDetail.class",
               "details": [
                  {
                     "reference": "Method doGet",
                     "match": "jdbc:sap://172.25.210.176:37615/?autocommit=true",
                     "lineNumber": 104
                  },
                  {
                     "reference": "Method doGet",
                     "match": "jdbc:sap://172.25.210.176:37615/?autocommit=true",
                     "lineNumber": 154
                  }
               ]
            },
            {
               "fileName": "MRS_war.ear/MRS.war/WEB-INF/classes/providers/HanaDBConnection.class",
               "details": [
                  {
                     "reference": "Constructor",
                     "match": "jdbc:sap://172.25.210.176:37615/?autocommit=true",
                     "lineNumber": 27
                  }
               ]
            },
            {
               "fileName": "MRS_war.ear/MRS.war/WEB-INF/classes/providers/SqlDBConnection.class",
               "details": [
                  {
                     "reference": "Constructor",
                     "match": "jdbc:sqlserver://172.25.30.173;user=aphsmcrm;password=aphsmcrm;database=SUP_CRM",
                     "lineNumber": 27
                  }
               ]
            }
         ]
      }
   ]
}