{
   "report": "analysis",
   "version": "1.2",
   "productVersion": "9.0",
   "productRelease": "19.0.0.2-TA1",
   "options": [
      "--sourceAppServer=was855",
      "--sourceJava=ibm7",
      "--sourceJavaEE=ee6",
      "--targetAppServer=was90",
      "--targetJava=ibm8",
      "--targetJavaEE=ee7",
      "--targetCloud=vmIBMCloud",
      "--excludePackages=com.ibm,com.informix,com.microsoft,com.sybase,com.sun,java,javax,net,oracle,org,sqlj,_ibmjsp"
   ],
   "totalRulesFlagged": 7,
   "filesAffected": 16,
   "totalResults": 68,
   "severitySummary": [
      {
         "severity": "Severe",
         "totalRulesFlagged": 1,
         "totalResults": 46
      },
      {
         "severity": "Warning",
         "totalRulesFlagged": 5,
         "totalResults": 15
      },
      {
         "severity": "Information",
         "totalRulesFlagged": 1,
         "totalResults": 7
      }
   ],
   "applications": [
      "/opt/IBM/WebSphere/AppServer/profiles/Dmgr01/config/cells/apwasdevCell01/applications/MSB_war.ear/MSB_war.ear"
   ],
   "rules": [
      {
         "ruleName": "Behavior change in java.lang.String and java.util.regex.Pattern split methods",
         "ruleId": "StringSplit",
         "severity": "Warning",
         "category": "Java SE version migration / Java SE 8 compatibility impacts",
         "results": [
            {
               "fileName": "MSB_war.ear/MSB.war/WEB-INF/classes/com/msb/consumer/SMSWrapper.class",
               "details": [
                  {
                     "reference": "Method doPost",
                     "match": "java.lang.String.split(*)",
                     "lineNumber": 139
                  }
               ]
            },
            {
               "fileName": "MSB_war.ear/MSB.war/WEB-INF/classes/com/msb/consumer/SMSWrapperInfobip.class",
               "details": [
                  {
                     "reference": "Method doPost",
                     "match": "java.lang.String.split(*)",
                     "lineNumber": 131
                  }
               ]
            }
         ]
      },
      {
         "ruleName": "Behavior change in month name formatting for some languages",
         "ruleId": "MonthFormattingNames",
         "severity": "Information",
         "category": "Java SE version migration / Java SE 8 compatibility impacts",
         "results": [
            {
               "fileName": "MSB_war.ear/MSB.war/WEB-INF/classes/com/msb/consumer/SMSWrapper.class",
               "details": [
                  {
                     "reference": "Method doPost",
                     "match": "java.text.DateFormat.format(*)",
                     "lineNumber": 202
                  }
               ]
            },
            {
               "fileName": "MSB_war.ear/MSB.war/WEB-INF/classes/com/msb/consumer/SendSMS.class",
               "details": [
                  {
                     "reference": "Method doPost",
                     "match": "java.text.DateFormat.format(*)",
                     "lineNumber": 170
                  },
                  {
                     "reference": "Method doPost",
                     "match": "java.text.DateFormat.format(*)",
                     "lineNumber": 180
                  }
               ]
            },
            {
               "fileName": "MSB_war.ear/MSB.war/WEB-INF/lib/gson-2.2.2.jar/com/google/gson/DefaultDateTypeAdapter.class",
               "details": [
                  {
                     "reference": "Method serialize",
                     "match": "java.text.DateFormat.format(*)",
                     "lineNumber": 72
                  }
               ]
            },
            {
               "fileName": "MSB_war.ear/MSB.war/WEB-INF/lib/gson-2.2.2.jar/com/google/gson/internal/bind/DateTypeAdapter.class",
               "details": [
                  {
                     "reference": "Method write",
                     "match": "java.text.DateFormat.format(*)",
                     "lineNumber": 90
                  }
               ]
            },
            {
               "fileName": "MSB_war.ear/MSB.war/WEB-INF/lib/gson-2.2.2.jar/com/google/gson/internal/bind/SqlDateTypeAdapter.class",
               "details": [
                  {
                     "reference": "Method write",
                     "match": "java.text.DateFormat.format(*)",
                     "lineNumber": 65
                  }
               ]
            },
            {
               "fileName": "MSB_war.ear/MSB.war/WEB-INF/lib/gson-2.2.2.jar/com/google/gson/internal/bind/TimeTypeAdapter.class",
               "details": [
                  {
                     "reference": "Method write",
                     "match": "java.text.DateFormat.format(*)",
                     "lineNumber": 64
                  }
               ]
            }
         ]
      },
      {
         "ruleName": "CDI scans for implicit beans when there is no beans.xml file",
         "ruleId": "MissingBeansFile",
         "severity": "Warning",
         "category": "Java EE 7 / CDI",
         "results": [
            {
               "fileName": "MSB_war.ear/MSB.war",
               "details": [
                  {
                     "reference": null,
                     "match": ".*(\\.war|\\.jar)",
                     "lineNumber": 0
                  }
               ]
            },
            {
               "fileName": "MSB_war.ear/MSB.war/WEB-INF/lib/com.sun.net.ssl.jar",
               "details": [
                  {
                     "reference": null,
                     "match": ".*(\\.war|\\.jar)",
                     "lineNumber": 0
                  }
               ]
            },
            {
               "fileName": "MSB_war.ear/MSB.war/WEB-INF/lib/gson-2.2.2.jar",
               "details": [
                  {
                     "reference": null,
                     "match": ".*(\\.war|\\.jar)",
                     "lineNumber": 0
                  }
               ]
            },
            {
               "fileName": "MSB_war.ear/MSB.war/WEB-INF/lib/jackson-core-asl-1.9.2.jar",
               "details": [
                  {
                     "reference": null,
                     "match": ".*(\\.war|\\.jar)",
                     "lineNumber": 0
                  }
               ]
            },
            {
               "fileName": "MSB_war.ear/MSB.war/WEB-INF/lib/jackson-mapper-asl-1.9.2.jar",
               "details": [
                  {
                     "reference": null,
                     "match": ".*(\\.war|\\.jar)",
                     "lineNumber": 0
                  }
               ]
            }
         ]
      },
      {
         "ruleName": "Check for compatibility when using system modules",
         "ruleId": "SystemLoadLibrary",
         "severity": "Warning",
         "category": "All application servers",
         "results": [
            {
               "fileName": "MSB_war.ear/MSB.war/WEB-INF/lib/com.sun.net.ssl.jar/COM/rsa/jsafe/ae.class",
               "details": [
                  {
                     "reference": "Method a",
                     "match": "java.lang.System.loadLibrary(*)",
                     "lineNumber": 0
                  }
               ]
            }
         ]
      },
      {
         "ruleName": "Databases",
         "ruleId": "DatabasesSQLRule",
         "severity": "Warning",
         "category": "Technology connectivity considerations for IBM Cloud",
         "results": [
            {
               "fileName": "MSB_war.ear/MSB.war/WEB-INF/classes/com/msb/consumer/InboundSMS.class",
               "details": [
                  {
                     "reference": "Method doGet",
                     "match": "java.sql",
                     "lineNumber": 211
                  }
               ]
            },
            {
               "fileName": "MSB_war.ear/MSB.war/WEB-INF/lib/gson-2.2.2.jar/com/google/gson/DefaultDateTypeAdapter.class",
               "details": [
                  {
                     "reference": "Method deserialize",
                     "match": "java.sql",
                     "lineNumber": 85
                  }
               ]
            }
         ]
      },
      {
         "ruleName": "The Apache HTTP client API was removed",
         "ruleId": "ApacheHTTPRule",
         "severity": "Severe",
         "category": "WebSphere version migration / V8.0, V8.5 and V9.0 migration",
         "results": [
            {
               "fileName": "MSB_war.ear/MSB.war/WEB-INF/classes/com/msb/consumer/SMSWrapperInfobip.class",
               "details": [
                  {
                     "reference": "Method doPost",
                     "match": "org.apache.http",
                     "lineNumber": 246
                  },
                  {
                     "reference": "Method doPost",
                     "match": "org.apache.http",
                     "lineNumber": 249
                  },
                  {
                     "reference": "Method doPost",
                     "match": "org.apache.http",
                     "lineNumber": 251
                  },
                  {
                     "reference": "Method doPost",
                     "match": "org.apache.http",
                     "lineNumber": 253
                  },
                  {
                     "reference": "Method doPost",
                     "match": "org.apache.http",
                     "lineNumber": 349
                  },
                  {
                     "reference": "Method doPost",
                     "match": "org.apache.http.client",
                     "lineNumber": 249
                  },
                  {
                     "reference": "Method doPost",
                     "match": "org.apache.http.client",
                     "lineNumber": 349
                  },
                  {
                     "reference": "Method doPost",
                     "match": "org.apache.http.client.methods",
                     "lineNumber": 237
                  },
                  {
                     "reference": "Method doPost",
                     "match": "org.apache.http.client.methods",
                     "lineNumber": 246
                  },
                  {
                     "reference": "Method doPost",
                     "match": "org.apache.http.client.methods",
                     "lineNumber": 247
                  },
                  {
                     "reference": "Method doPost",
                     "match": "org.apache.http.client.methods",
                     "lineNumber": 249
                  },
                  {
                     "reference": "Method doPost",
                     "match": "org.apache.http.client.methods",
                     "lineNumber": 349
                  },
                  {
                     "reference": "Method doPost",
                     "match": "org.apache.http.entity",
                     "lineNumber": 241
                  },
                  {
                     "reference": "Method doPost",
                     "match": "org.apache.http.impl.client",
                     "lineNumber": 236
                  },
                  {
                     "reference": "Method doPost",
                     "match": "org.apache.http.util",
                     "lineNumber": 251
                  }
               ]
            },
            {
               "fileName": "MSB_war.ear/MSB.war/WEB-INF/classes/com/msb/consumer/SendSMS.class",
               "details": [
                  {
                     "reference": "Method doPost",
                     "match": "org.apache.http",
                     "lineNumber": 218
                  },
                  {
                     "reference": "Method doPost",
                     "match": "org.apache.http",
                     "lineNumber": 221
                  },
                  {
                     "reference": "Method doPost",
                     "match": "org.apache.http",
                     "lineNumber": 223
                  },
                  {
                     "reference": "Method doPost",
                     "match": "org.apache.http",
                     "lineNumber": 226
                  },
                  {
                     "reference": "Method doPost",
                     "match": "org.apache.http",
                     "lineNumber": 327
                  },
                  {
                     "reference": "Method doPost",
                     "match": "org.apache.http.client",
                     "lineNumber": 221
                  },
                  {
                     "reference": "Method doPost",
                     "match": "org.apache.http.client",
                     "lineNumber": 327
                  },
                  {
                     "reference": "Method doPost",
                     "match": "org.apache.http.client.methods",
                     "lineNumber": 204
                  },
                  {
                     "reference": "Method doPost",
                     "match": "org.apache.http.client.methods",
                     "lineNumber": 205
                  },
                  {
                     "reference": "Method doPost",
                     "match": "org.apache.http.client.methods",
                     "lineNumber": 206
                  },
                  {
                     "reference": "Method doPost",
                     "match": "org.apache.http.client.methods",
                     "lineNumber": 218
                  },
                  {
                     "reference": "Method doPost",
                     "match": "org.apache.http.client.methods",
                     "lineNumber": 221
                  },
                  {
                     "reference": "Method doPost",
                     "match": "org.apache.http.client.methods",
                     "lineNumber": 327
                  },
                  {
                     "reference": "Method doPost",
                     "match": "org.apache.http.entity",
                     "lineNumber": 210
                  },
                  {
                     "reference": "Method doPost",
                     "match": "org.apache.http.impl.client",
                     "lineNumber": 203
                  },
                  {
                     "reference": "Method doPost",
                     "match": "org.apache.http.util",
                     "lineNumber": 223
                  }
               ]
            },
            {
               "fileName": "MSB_war.ear/MSB.war/WEB-INF/classes/com/msb/consumer/SendSMSInfobip.class",
               "details": [
                  {
                     "reference": "Method doPost",
                     "match": "org.apache.http",
                     "lineNumber": 199
                  },
                  {
                     "reference": "Method doPost",
                     "match": "org.apache.http",
                     "lineNumber": 202
                  },
                  {
                     "reference": "Method doPost",
                     "match": "org.apache.http",
                     "lineNumber": 204
                  },
                  {
                     "reference": "Method doPost",
                     "match": "org.apache.http",
                     "lineNumber": 206
                  },
                  {
                     "reference": "Method doPost",
                     "match": "org.apache.http",
                     "lineNumber": 295
                  },
                  {
                     "reference": "Method doPost",
                     "match": "org.apache.http.client",
                     "lineNumber": 202
                  },
                  {
                     "reference": "Method doPost",
                     "match": "org.apache.http.client",
                     "lineNumber": 295
                  },
                  {
                     "reference": "Method doPost",
                     "match": "org.apache.http.client.methods",
                     "lineNumber": 190
                  },
                  {
                     "reference": "Method doPost",
                     "match": "org.apache.http.client.methods",
                     "lineNumber": 199
                  },
                  {
                     "reference": "Method doPost",
                     "match": "org.apache.http.client.methods",
                     "lineNumber": 200
                  },
                  {
                     "reference": "Method doPost",
                     "match": "org.apache.http.client.methods",
                     "lineNumber": 202
                  },
                  {
                     "reference": "Method doPost",
                     "match": "org.apache.http.client.methods",
                     "lineNumber": 295
                  },
                  {
                     "reference": "Method doPost",
                     "match": "org.apache.http.entity",
                     "lineNumber": 194
                  },
                  {
                     "reference": "Method doPost",
                     "match": "org.apache.http.impl.client",
                     "lineNumber": 189
                  },
                  {
                     "reference": "Method doPost",
                     "match": "org.apache.http.util",
                     "lineNumber": 204
                  }
               ]
            }
         ]
      },
      {
         "ruleName": "Validate the URL host and port for cloud access",
         "ruleId": "URLRuleDockerCloud",
         "severity": "Warning",
         "category": "Connectivity considerations for IBM Cloud (Docker and WebSphere in IBM Cloud)",
         "results": [
            {
               "fileName": "MSB_war.ear/MSB.war/WEB-INF/classes/com/msb/commons/CommonData.class",
               "details": [
                  {
                     "reference": "Static initializer",
                     "match": "http://mngp.asianpaints.com/sap/opu/odata/sap/ZMSB_BARCODE_SCAN_SRV_04/zmsb_barcode_scanSet",
                     "lineNumber": 49
                  },
                  {
                     "reference": "Static initializer",
                     "match": "http://mservedev.asianpaints.com/MSB/SendSMS",
                     "lineNumber": 38
                  },
                  {
                     "reference": "Static initializer",
                     "match": "http://mservedev.asianpaints.com/MSB/SendSMSInfobip",
                     "lineNumber": 39
                  }
               ]
            },
            {
               "fileName": "MSB_war.ear/MSB.war/WEB-INF/classes/com/msb/consumer/SendSMS.class",
               "details": [
                  {
                     "reference": "Method doPost",
                     "match": "http://202.164.208.212/smsnet/bulk/api",
                     "lineNumber": 204
                  }
               ]
            },
            {
               "fileName": "MSB_war.ear/MSB.war/WEB-INF/classes/com/msb/consumer/SendSMSInfobip.class",
               "details": [
                  {
                     "reference": "Method doPost",
                     "match": "https://qrvvq.api.infobip.com/sms/2/text/single",
                     "lineNumber": 187
                  }
               ]
            }
         ]
      }
   ]
}