{
   "report": "inventory",
   "version": "2.4",
   "productVersion": "9.0",
   "productRelease": "19.0.0.2-TA1",
   "options": [
      "--excludePackages=com.ibm,com.informix,com.microsoft,com.sybase,com.sun,java,javax,net,oracle,org,sqlj,_ibmjsp"
   ],
   "applications": [
      "/opt/IBM/WebSphere/AppServer/profiles/Dmgr01/config/cells/apwasdevCell01/applications/MSB_war.ear/MSB_war.ear"
   ],
   "sharedLibraries": [
   ],
   "archives": {
      "ears": 1,
      "wars": 1,
      "rars": 0,
      "ejbs": 0,
      "webFragments": 0,
      "utilityJars": 4,
      "appClients": 0
   },
   "summary": {
      "servlets": 5,
      "jsps": 0,
      "jpaEntities": 0,
      "bmpEntityBeans": 0,
      "cmpEntityBeans": 0,
      "messageDrivenBeans": 0,
      "singletonSessionBeans": 0,
      "statefulSessionBeans": 0,
      "statelessSessionBeans": 0,
      "jaxrpcConsumers": 0,
      "jaxrpcProviders": 0,
      "jaxrsConsumers": 0,
      "jaxrsProviders": 0,
      "jaxwsConsumers": 0,
      "jaxwsProviders": 0
   },
   "archiveInventory": [
      {
         "archiveName": "/opt/IBM/WebSphere/AppServer/profiles/Dmgr01/config/cells/apwasdevCell01/applications/MSB_war.ear/MSB_war.ear",
         "moduleType": "Enterprise archive",
         "moduleVersion": "5",
         "metadataComplete": null,
         "moduleSize": 1544318,
         "archives": {
            "wars": 1,
            "rars": 0,
            "ejbs": 0,
            "utilityJars": 4,
            "appClients": 0
         },
         "summary": {
            "servlets": 5,
            "jsps": 0,
            "jpaEntities": 0,
            "bmpEntityBeans": 0,
            "cmpEntityBeans": 0,
            "messageDrivenBeans": 0,
            "singletonSessionBeans": 0,
            "statefulSessionBeans": 0,
            "statelessSessionBeans": 0,
            "jaxrpcConsumers": 0,
            "jaxrpcProviders": 0,
            "jaxrsConsumers": 0,
            "jaxrsProviders": 0,
            "jaxwsConsumers": 0,
            "jaxwsProviders": 0
         },
         "potentialDeploymentProblemsSummary": {
            "archivesContainingDuplicateClasses": 0,
            "archivesContainingJavaEEorSEClasses": 1,
            "archivesContainingConflictingOpenSourceSoftwareClasses": 2,
            "archivesContainingWebSphereClasses": 0,
            "archivesNotReferencedInTheApplication": 0,
            "archivesWithMissingDependenciesInTheApplication": 3,
            "classesWithSystemLevelJVMConfiguration": 0,
            "sharedLibrariesReferencingApplicationClasses": 0
         },
         "potentialDeploymentProblemsDetails": [
            {
               "duplicateClassesWithinClassLoader": [
               ]
            },
            {
               "duplicateClassesAcrossApplication": [
               ]
            },
            {
               "javaEEandSEClasses": [
                  {
                     "conflictingPackages": [
                        "javax.net",
                        "javax.net.ssl",
                        "javax.security.cert"
                     ],
                     "packageLocation": [
                        "MSB.war/WEB-INF/lib/com.sun.net.ssl.jar"
                     ]
                  }
               ]
            },
            {
               "duplicateWebSphereClasses": [
               ]
            },
            {
               "openSourceSoftwareClasses": [
                  {
                     "conflictingPackages": [
                        "org.codehaus.jackson",
                        "org.codehaus.jackson.annotate",
                        "org.codehaus.jackson.format",
                        "org.codehaus.jackson.impl",
                        "org.codehaus.jackson.io",
                        "org.codehaus.jackson.sym",
                        "org.codehaus.jackson.type",
                        "org.codehaus.jackson.util"
                     ],
                     "packageLocation": [
                        "MSB.war/WEB-INF/lib/jackson-core-asl-1.9.2.jar"
                     ],
                     "appliesTo": [
                        "V8.5.5",
                        "V9.0",
                        "Liberty"
                     ]
                  },
                  {
                     "conflictingPackages": [
                        "org.codehaus.jackson.map",
                        "org.codehaus.jackson.map.annotate",
                        "org.codehaus.jackson.map.deser",
                        "org.codehaus.jackson.map.deser.impl",
                        "org.codehaus.jackson.map.deser.std",
                        "org.codehaus.jackson.map.exc",
                        "org.codehaus.jackson.map.ext",
                        "org.codehaus.jackson.map.introspect",
                        "org.codehaus.jackson.map.jsontype",
                        "org.codehaus.jackson.map.jsontype.impl",
                        "org.codehaus.jackson.map.module",
                        "org.codehaus.jackson.map.ser",
                        "org.codehaus.jackson.map.ser.impl",
                        "org.codehaus.jackson.map.ser.std",
                        "org.codehaus.jackson.map.type",
                        "org.codehaus.jackson.map.util",
                        "org.codehaus.jackson.node",
                        "org.codehaus.jackson.schema"
                     ],
                     "packageLocation": [
                        "MSB.war/WEB-INF/lib/jackson-mapper-asl-1.9.2.jar"
                     ],
                     "appliesTo": [
                        "V8.5.5",
                        "V9.0",
                        "Liberty"
                     ]
                  }
               ]
            },
            {
               "archivesNotReferenced": [
               ]
            },
            {
               "missingDependencies": [
                  {
                     "missingDependencies": [
                        "org.apache.commons.codec.binary",
                        "org.apache.http",
                        "org.apache.http.client",
                        "org.apache.http.client.methods",
                        "org.apache.http.entity",
                        "org.apache.http.impl.client",
                        "org.apache.http.util",
                        "org.json"
                     ],
                     "archive": [
                        "MSB.war"
                     ]
                  },
                  {
                     "missingDependencies": [
                        "org.joda.time",
                        "org.joda.time.format"
                     ],
                     "archive": [
                        "MSB.war/WEB-INF/lib/jackson-mapper-asl-1.9.2.jar"
                     ]
                  },
                  {
                     "missingDependencies": [
                        "sun.misc",
                        "sun.security.action"
                     ],
                     "archive": [
                        "MSB.war/WEB-INF/lib/com.sun.net.ssl.jar"
                     ]
                  }
               ]
            },
            {
               "classesWithSystemLevelJVMConfiguration": [
               ]
            },
            {
               "sharedLibraryDependencies": [
               ]
            }
         ],
         "performanceConsiderations": {
            "archivesThatAreCandidatesForMetadataCompleteTrueAttribute": [
            ],
            "webModulesWithExcessiveClassFiles": [
            ],
            "webModulesWithExcessiveStaticResources": [
            ]
         },
         "containedArchiveInventory": [
            {
               "archiveName": "/opt/IBM/WebSphere/AppServer/profiles/Dmgr01/config/cells/apwasdevCell01/applications/MSB_war.ear/MSB_war.ear/MSB.war",
               "moduleType": "Web module",
               "moduleVersion": "2.5",
               "metadataComplete": "true",
               "archives": {
                  "ejbs": 0,
                  "webFragments": 0,
                  "utilityJars": 4
               },
               "summary": {
                  "servlets": 5,
                  "jsps": 0,
                  "jpaEntities": 0,
                  "bmpEntityBeans": 0,
                  "cmpEntityBeans": 0,
                  "messageDrivenBeans": 0,
                  "singletonSessionBeans": 0,
                  "statefulSessionBeans": 0,
                  "statelessSessionBeans": 0,
                  "jaxrpcConsumers": 0,
                  "jaxrpcProviders": 0,
                  "jaxrsConsumers": 0,
                  "jaxrsProviders": 0,
                  "jaxwsConsumers": 0,
                  "jaxwsProviders": 0
               },
               "containedArchiveInventory": [
                  {
                     "archiveName": "/opt/IBM/WebSphere/AppServer/profiles/Dmgr01/config/cells/apwasdevCell01/applications/MSB_war.ear/MSB_war.ear/MSB.war/WEB-INF/lib/com.sun.net.ssl.jar",
                     "moduleType": "Utility JAR",
                     "containedPackages": [
                        "COM.rsa.Intel",
                        "COM.rsa.asn1",
                        "COM.rsa.jsafe",
                        "com.sun.net",
                        "com.sun.security",
                        "javax.net",
                        "javax.net.ssl",
                        "javax.security.cert"
                     ]
                  },
                  {
                     "archiveName": "/opt/IBM/WebSphere/AppServer/profiles/Dmgr01/config/cells/apwasdevCell01/applications/MSB_war.ear/MSB_war.ear/MSB.war/WEB-INF/lib/gson-2.2.2.jar",
                     "moduleType": "Utility JAR",
                     "containedPackages": [
                        "com.google.gson"
                     ]
                  },
                  {
                     "archiveName": "/opt/IBM/WebSphere/AppServer/profiles/Dmgr01/config/cells/apwasdevCell01/applications/MSB_war.ear/MSB_war.ear/MSB.war/WEB-INF/lib/jackson-core-asl-1.9.2.jar",
                     "moduleType": "Utility JAR",
                     "containedPackages": [
                        "org.codehaus.jackson"
                     ]
                  },
                  {
                     "archiveName": "/opt/IBM/WebSphere/AppServer/profiles/Dmgr01/config/cells/apwasdevCell01/applications/MSB_war.ear/MSB_war.ear/MSB.war/WEB-INF/lib/jackson-mapper-asl-1.9.2.jar",
                     "moduleType": "Utility JAR",
                     "containedPackages": [
                        "org.codehaus.jackson"
                     ]
                  }
               ]
            }
         ]
      }
   ],
   "sharedLibraryDetails": [
   ]
}