{
   "report": "inventory",
   "version": "2.4",
   "productVersion": "9.0",
   "productRelease": "19.0.0.2-TA1",
   "options": [
      "--excludePackages=com.ibm,com.informix,com.microsoft,com.sybase,com.sun,java,javax,net,oracle,org,sqlj,_ibmjsp"
   ],
   "applications": [
      "/opt/IBM/WebSphere/AppServer/profiles/Dmgr01/config/cells/apwasdevCell01/applications/New_Visualizer_war.ear/New_Visualizer_war.ear"
   ],
   "sharedLibraries": [
   ],
   "archives": {
      "ears": 1,
      "wars": 1,
      "rars": 0,
      "ejbs": 0,
      "webFragments": 0,
      "utilityJars": 30,
      "appClients": 0
   },
   "summary": {
      "servlets": 6,
      "jsps": 0,
      "jpaEntities": 0,
      "bmpEntityBeans": 0,
      "cmpEntityBeans": 0,
      "messageDrivenBeans": 0,
      "singletonSessionBeans": 0,
      "statefulSessionBeans": 0,
      "statelessSessionBeans": 0,
      "jaxrpcConsumers": 0,
      "jaxrpcProviders": 0,
      "jaxrsConsumers": 0,
      "jaxrsProviders": 31,
      "jaxwsConsumers": 0,
      "jaxwsProviders": 0
   },
   "archiveInventory": [
      {
         "archiveName": "/opt/IBM/WebSphere/AppServer/profiles/Dmgr01/config/cells/apwasdevCell01/applications/New_Visualizer_war.ear/New_Visualizer_war.ear",
         "moduleType": "Enterprise archive",
         "moduleVersion": "5",
         "metadataComplete": null,
         "moduleSize": 9155785,
         "archives": {
            "wars": 1,
            "rars": 0,
            "ejbs": 0,
            "utilityJars": 30,
            "appClients": 0
         },
         "summary": {
            "servlets": 6,
            "jsps": 0,
            "jpaEntities": 0,
            "bmpEntityBeans": 0,
            "cmpEntityBeans": 0,
            "messageDrivenBeans": 0,
            "singletonSessionBeans": 0,
            "statefulSessionBeans": 0,
            "statelessSessionBeans": 0,
            "jaxrpcConsumers": 0,
            "jaxrpcProviders": 0,
            "jaxrsConsumers": 0,
            "jaxrsProviders": 31,
            "jaxwsConsumers": 0,
            "jaxwsProviders": 0
         },
         "potentialDeploymentProblemsSummary": {
            "archivesContainingDuplicateClasses": 8,
            "archivesContainingJavaEEorSEClasses": 3,
            "archivesContainingConflictingOpenSourceSoftwareClasses": 15,
            "archivesContainingWebSphereClasses": 0,
            "archivesNotReferencedInTheApplication": 11,
            "archivesWithMissingDependenciesInTheApplication": 10,
            "classesWithSystemLevelJVMConfiguration": 0,
            "sharedLibrariesReferencingApplicationClasses": 0
         },
         "potentialDeploymentProblemsDetails": [
            {
               "duplicateClassesWithinClassLoader": [
                  {
                     "conflictingPackages": [
                        "org.apache.commons.logging",
                        "org.apache.commons.logging.impl"
                     ],
                     "packageLocation": [
                        "New_Visualizer.war/WEB-INF/lib/commons-logging-1.1.1.jar",
                        "New_Visualizer.war/WEB-INF/lib/commons-logging-1.1.3.jar"
                     ]
                  },
                  {
                     "conflictingPackages": [
                        "org.apache.http",
                        "org.apache.http.entity",
                        "org.apache.http.impl",
                        "org.apache.http.impl.entity",
                        "org.apache.http.impl.io",
                        "org.apache.http.io",
                        "org.apache.http.message",
                        "org.apache.http.params",
                        "org.apache.http.protocol",
                        "org.apache.http.util"
                     ],
                     "packageLocation": [
                        "New_Visualizer.war/WEB-INF/lib/httpcore-4.1.1.jar",
                        "New_Visualizer.war/WEB-INF/lib/httpcore-4.3.2.jar"
                     ]
                  },
                  {
                     "conflictingPackages": [
                        "org.apache.http.annotation"
                     ],
                     "packageLocation": [
                        "New_Visualizer.war/WEB-INF/lib/httpclient-4.0.3.jar",
                        "New_Visualizer.war/WEB-INF/lib/httpcore-4.3.2.jar"
                     ]
                  },
                  {
                     "conflictingPackages": [
                        "org.apache.http.auth",
                        "org.apache.http.auth.params",
                        "org.apache.http.client",
                        "org.apache.http.client.entity",
                        "org.apache.http.client.methods",
                        "org.apache.http.client.params",
                        "org.apache.http.client.protocol",
                        "org.apache.http.client.utils",
                        "org.apache.http.conn",
                        "org.apache.http.conn.params",
                        "org.apache.http.conn.routing",
                        "org.apache.http.conn.scheme",
                        "org.apache.http.conn.ssl",
                        "org.apache.http.conn.util",
                        "org.apache.http.cookie",
                        "org.apache.http.cookie.params",
                        "org.apache.http.impl.auth",
                        "org.apache.http.impl.client",
                        "org.apache.http.impl.conn",
                        "org.apache.http.impl.conn.tsccm",
                        "org.apache.http.impl.cookie"
                     ],
                     "packageLocation": [
                        "New_Visualizer.war/WEB-INF/lib/httpclient-4.0.3.jar",
                        "New_Visualizer.war/WEB-INF/lib/httpclient-4.3.4.jar"
                     ]
                  },
                  {
                     "conflictingPackages": [
                        "org.apache.http.entity.mime",
                        "org.apache.http.entity.mime.content"
                     ],
                     "packageLocation": [
                        "New_Visualizer.war/WEB-INF/lib/httpmime-4.3.4.jar",
                        "New_Visualizer.war/WEB-INF/lib/httpmime.jar"
                     ]
                  }
               ]
            },
            {
               "duplicateClassesAcrossApplication": [
               ]
            },
            {
               "javaEEandSEClasses": [
                  {
                     "conflictingPackages": [
                        "javax.json",
                        "javax.json.spi",
                        "javax.json.stream"
                     ],
                     "packageLocation": [
                        "New_Visualizer.war/WEB-INF/lib/javax.json-1.0.jar"
                     ]
                  },
                  {
                     "conflictingPackages": [
                        "javax.servlet",
                        "javax.servlet.http"
                     ],
                     "packageLocation": [
                        "New_Visualizer.war/WEB-INF/lib/servlet-api.jar"
                     ]
                  },
                  {
                     "conflictingPackages": [
                        "javax.ws.rs",
                        "javax.ws.rs.core",
                        "javax.ws.rs.ext"
                     ],
                     "packageLocation": [
                        "New_Visualizer.war/WEB-INF/lib/jersey-core-1.18.jar"
                     ]
                  }
               ]
            },
            {
               "duplicateWebSphereClasses": [
               ]
            },
            {
               "openSourceSoftwareClasses": [
                  {
                     "conflictingPackages": [
                        "org.apache.commons.codec.binary"
                     ],
                     "packageLocation": [
                        "New_Visualizer.war/WEB-INF/lib/commons-codec-1.6.jar"
                     ],
                     "appliesTo": [
                        "V8.5.5",
                        "V9.0"
                     ]
                  },
                  {
                     "conflictingPackages": [
                        "org.apache.commons.fileupload",
                        "org.apache.commons.fileupload.disk",
                        "org.apache.commons.fileupload.portlet",
                        "org.apache.commons.fileupload.servlet",
                        "org.apache.commons.fileupload.util",
                        "org.apache.commons.fileupload.util.mime"
                     ],
                     "packageLocation": [
                        "New_Visualizer.war/WEB-INF/lib/commons-fileupload-1.3.1.jar"
                     ],
                     "appliesTo": [
                        "V8.5.5",
                        "V9.0"
                     ]
                  },
                  {
                     "conflictingPackages": [
                        "org.apache.commons.io",
                        "org.apache.commons.io.comparator",
                        "org.apache.commons.io.filefilter",
                        "org.apache.commons.io.input",
                        "org.apache.commons.io.monitor",
                        "org.apache.commons.io.output"
                     ],
                     "packageLocation": [
                        "New_Visualizer.war/WEB-INF/lib/commons-io-2.4.jar"
                     ],
                     "appliesTo": [
                        "V8.5.5",
                        "V9.0"
                     ]
                  },
                  {
                     "conflictingPackages": [
                        "org.apache.commons.logging",
                        "org.apache.commons.logging.impl"
                     ],
                     "packageLocation": [
                        "New_Visualizer.war/WEB-INF/lib/commons-logging-1.1.1.jar",
                        "New_Visualizer.war/WEB-INF/lib/commons-logging-1.1.3.jar"
                     ],
                     "appliesTo": [
                        "V8.5.5",
                        "V9.0"
                     ]
                  },
                  {
                     "conflictingPackages": [
                        "org.apache.http",
                        "org.apache.http.entity",
                        "org.apache.http.impl",
                        "org.apache.http.impl.entity",
                        "org.apache.http.impl.io",
                        "org.apache.http.io",
                        "org.apache.http.message",
                        "org.apache.http.params",
                        "org.apache.http.protocol",
                        "org.apache.http.util"
                     ],
                     "packageLocation": [
                        "New_Visualizer.war/WEB-INF/lib/httpcore-4.1.1.jar",
                        "New_Visualizer.war/WEB-INF/lib/httpcore-4.3.2.jar"
                     ],
                     "appliesTo": [
                        "V8.5.5"
                     ]
                  },
                  {
                     "conflictingPackages": [
                        "org.apache.http.annotation"
                     ],
                     "packageLocation": [
                        "New_Visualizer.war/WEB-INF/lib/httpclient-4.0.3.jar",
                        "New_Visualizer.war/WEB-INF/lib/httpcore-4.3.2.jar"
                     ],
                     "appliesTo": [
                        "V8.5.5"
                     ]
                  },
                  {
                     "conflictingPackages": [
                        "org.apache.http.auth",
                        "org.apache.http.auth.params",
                        "org.apache.http.client",
                        "org.apache.http.client.entity",
                        "org.apache.http.client.methods",
                        "org.apache.http.client.params",
                        "org.apache.http.client.protocol",
                        "org.apache.http.client.utils",
                        "org.apache.http.conn",
                        "org.apache.http.conn.params",
                        "org.apache.http.conn.routing",
                        "org.apache.http.conn.scheme",
                        "org.apache.http.conn.ssl",
                        "org.apache.http.conn.util",
                        "org.apache.http.cookie",
                        "org.apache.http.cookie.params",
                        "org.apache.http.impl.auth",
                        "org.apache.http.impl.client",
                        "org.apache.http.impl.conn",
                        "org.apache.http.impl.conn.tsccm",
                        "org.apache.http.impl.cookie"
                     ],
                     "packageLocation": [
                        "New_Visualizer.war/WEB-INF/lib/httpclient-4.0.3.jar",
                        "New_Visualizer.war/WEB-INF/lib/httpclient-4.3.4.jar"
                     ],
                     "appliesTo": [
                        "V8.5.5"
                     ]
                  },
                  {
                     "conflictingPackages": [
                        "org.apache.http.client.cache",
                        "org.apache.http.impl.client.cache",
                        "org.apache.http.impl.client.cache.ehcache",
                        "org.apache.http.impl.client.cache.memcached"
                     ],
                     "packageLocation": [
                        "New_Visualizer.war/WEB-INF/lib/httpclient-cache-4.3.4.jar"
                     ],
                     "appliesTo": [
                        "V8.5.5"
                     ]
                  },
                  {
                     "conflictingPackages": [
                        "org.apache.http.client.config",
                        "org.apache.http.conn.socket",
                        "org.apache.http.impl.execchain"
                     ],
                     "packageLocation": [
                        "New_Visualizer.war/WEB-INF/lib/httpclient-4.3.4.jar"
                     ],
                     "appliesTo": [
                        "V8.5.5"
                     ]
                  },
                  {
                     "conflictingPackages": [
                        "org.apache.http.client.fluent"
                     ],
                     "packageLocation": [
                        "New_Visualizer.war/WEB-INF/lib/fluent-hc-4.3.4.jar"
                     ],
                     "appliesTo": [
                        "V8.5.5"
                     ]
                  },
                  {
                     "conflictingPackages": [
                        "org.apache.http.concurrent",
                        "org.apache.http.config",
                        "org.apache.http.impl.pool",
                        "org.apache.http.pool"
                     ],
                     "packageLocation": [
                        "New_Visualizer.war/WEB-INF/lib/httpcore-4.3.2.jar"
                     ],
                     "appliesTo": [
                        "V8.5.5"
                     ]
                  },
                  {
                     "conflictingPackages": [
                        "org.apache.http.entity.mime",
                        "org.apache.http.entity.mime.content"
                     ],
                     "packageLocation": [
                        "New_Visualizer.war/WEB-INF/lib/httpmime-4.3.4.jar",
                        "New_Visualizer.war/WEB-INF/lib/httpmime.jar"
                     ],
                     "appliesTo": [
                        "V8.5.5"
                     ]
                  },
                  {
                     "conflictingPackages": [
                        "org.codehaus.jackson",
                        "org.codehaus.jackson.annotate",
                        "org.codehaus.jackson.format",
                        "org.codehaus.jackson.impl",
                        "org.codehaus.jackson.io",
                        "org.codehaus.jackson.jaxrs",
                        "org.codehaus.jackson.map",
                        "org.codehaus.jackson.map.annotate",
                        "org.codehaus.jackson.map.deser",
                        "org.codehaus.jackson.map.deser.impl",
                        "org.codehaus.jackson.map.deser.std",
                        "org.codehaus.jackson.map.exc",
                        "org.codehaus.jackson.map.ext",
                        "org.codehaus.jackson.map.introspect",
                        "org.codehaus.jackson.map.jsontype",
                        "org.codehaus.jackson.map.jsontype.impl",
                        "org.codehaus.jackson.map.module",
                        "org.codehaus.jackson.map.ser",
                        "org.codehaus.jackson.map.ser.impl",
                        "org.codehaus.jackson.map.ser.std",
                        "org.codehaus.jackson.map.type",
                        "org.codehaus.jackson.map.util",
                        "org.codehaus.jackson.mrbean",
                        "org.codehaus.jackson.node",
                        "org.codehaus.jackson.org.objectweb.asm",
                        "org.codehaus.jackson.org.objectweb.asm.signature",
                        "org.codehaus.jackson.schema",
                        "org.codehaus.jackson.smile",
                        "org.codehaus.jackson.sym",
                        "org.codehaus.jackson.type",
                        "org.codehaus.jackson.util",
                        "org.codehaus.jackson.xc"
                     ],
                     "packageLocation": [
                        "New_Visualizer.war/WEB-INF/lib/jackson-all-1.9.0.jar"
                     ],
                     "appliesTo": [
                        "V8.5.5",
                        "V9.0",
                        "Liberty"
                     ]
                  },
                  {
                     "conflictingPackages": [
                        "org.glassfish.json"
                     ],
                     "packageLocation": [
                        "New_Visualizer.war/WEB-INF/lib/javax.json-1.0.jar"
                     ],
                     "appliesTo": [
                        "V9.0"
                     ]
                  }
               ]
            },
            {
               "archivesNotReferenced": [
                  {
                     "archive": "New_Visualizer.war/WEB-INF/lib/commons-fileupload-1.3.1.jar",
                     "referencedBy": ""
                  },
                  {
                     "archive": "New_Visualizer.war/WEB-INF/lib/commons-io-2.4.jar",
                     "referencedBy": "New_Visualizer.war/WEB-INF/lib/commons-fileupload-1.3.1.jar"
                  },
                  {
                     "archive": "New_Visualizer.war/WEB-INF/lib/cors-filter-1.7.jar",
                     "referencedBy": ""
                  },
                  {
                     "archive": "New_Visualizer.war/WEB-INF/lib/fluent-hc-4.3.4.jar",
                     "referencedBy": ""
                  },
                  {
                     "archive": "New_Visualizer.war/WEB-INF/lib/gson-2.3.1.jar",
                     "referencedBy": ""
                  },
                  {
                     "archive": "New_Visualizer.war/WEB-INF/lib/httpclient-cache-4.3.4.jar",
                     "referencedBy": ""
                  },
                  {
                     "archive": "New_Visualizer.war/WEB-INF/lib/itextpdf-5.0.6.jar",
                     "referencedBy": ""
                  },
                  {
                     "archive": "New_Visualizer.war/WEB-INF/lib/java-property-utils-1.7.1.jar",
                     "referencedBy": "New_Visualizer.war/WEB-INF/lib/cors-filter-1.7.jar"
                  },
                  {
                     "archive": "New_Visualizer.war/WEB-INF/lib/jersey-multipart-1.18.1.jar",
                     "referencedBy": ""
                  },
                  {
                     "archive": "New_Visualizer.war/WEB-INF/lib/ojdbc14.jar",
                     "referencedBy": ""
                  },
                  {
                     "archive": "New_Visualizer.war/WEB-INF/lib/sanselan-0.97-incubator.jar",
                     "referencedBy": ""
                  }
               ]
            },
            {
               "missingDependencies": [
                  {
                     "missingDependencies": [
                        "com.sun.jersey.api.container",
                        "com.sun.jersey.api.core",
                        "com.sun.jersey.api.model",
                        "com.sun.jersey.server.impl.inject",
                        "com.sun.jersey.server.impl.model.method.dispatch",
                        "com.sun.jersey.server.impl.model.parameter.multivalued",
                        "com.sun.jersey.spi.container",
                        "com.sun.jersey.spi.dispatch",
                        "org.jvnet.mimepull"
                     ],
                     "archive": [
                        "New_Visualizer.war/WEB-INF/lib/jersey-multipart-1.18.1.jar"
                     ]
                  },
                  {
                     "missingDependencies": [
                        "net.sf.ehcache",
                        "net.spy.memcached"
                     ],
                     "archive": [
                        "New_Visualizer.war/WEB-INF/lib/httpclient-cache-4.3.4.jar"
                     ]
                  },
                  {
                     "missingDependencies": [
                        "oracle.gss.util",
                        "oracle.i18n.text.converter",
                        "oracle.ons"
                     ],
                     "archive": [
                        "New_Visualizer.war/WEB-INF/lib/ojdbc14.jar"
                     ]
                  },
                  {
                     "missingDependencies": [
                        "org.apache.avalon.framework.logger",
                        "org.apache.log",
                        "org.apache.log4j"
                     ],
                     "archive": [
                        "New_Visualizer.war/WEB-INF/lib/commons-logging-1.1.1.jar",
                        "New_Visualizer.war/WEB-INF/lib/commons-logging-1.1.3.jar"
                     ]
                  },
                  {
                     "missingDependencies": [
                        "org.apache.coyote",
                        "org.apache.coyote.ajp",
                        "org.apache.coyote.http11",
                        "org.apache.juli",
                        "org.apache.juli.logging",
                        "org.apache.tomcat.jni",
                        "org.apache.tomcat.util",
                        "org.apache.tomcat.util.buf",
                        "org.apache.tomcat.util.digester",
                        "org.apache.tomcat.util.http",
                        "org.apache.tomcat.util.http.fileupload",
                        "org.apache.tomcat.util.http.mapper",
                        "org.apache.tomcat.util.log",
                        "org.apache.tomcat.util.modeler",
                        "org.apache.tomcat.util.modeler.modules",
                        "org.apache.tomcat.util.net",
                        "org.apache.tomcat.util.res"
                     ],
                     "archive": [
                        "New_Visualizer.war/WEB-INF/lib/catalina.jar"
                     ]
                  },
                  {
                     "missingDependencies": [
                        "org.bouncycastle.asn1",
                        "org.bouncycastle.asn1.cmp",
                        "org.bouncycastle.asn1.cms",
                        "org.bouncycastle.asn1.ocsp",
                        "org.bouncycastle.asn1.pkcs",
                        "org.bouncycastle.asn1.tsp",
                        "org.bouncycastle.asn1.x509",
                        "org.bouncycastle.cms",
                        "org.bouncycastle.crypto",
                        "org.bouncycastle.crypto.engines",
                        "org.bouncycastle.crypto.modes",
                        "org.bouncycastle.crypto.paddings",
                        "org.bouncycastle.crypto.params",
                        "org.bouncycastle.jce",
                        "org.bouncycastle.jce.provider",
                        "org.bouncycastle.ocsp",
                        "org.bouncycastle.tsp"
                     ],
                     "archive": [
                        "New_Visualizer.war/WEB-INF/lib/itextpdf-5.0.6.jar"
                     ]
                  },
                  {
                     "missingDependencies": [
                        "org.ietf.jgss"
                     ],
                     "archive": [
                        "New_Visualizer.war/WEB-INF/lib/httpclient-4.3.4.jar"
                     ]
                  },
                  {
                     "missingDependencies": [
                        "org.joda.time",
                        "org.joda.time.format"
                     ],
                     "archive": [
                        "New_Visualizer.war/WEB-INF/lib/jackson-all-1.9.0.jar"
                     ]
                  },
                  {
                     "missingDependencies": [
                        "org.osgi.framework"
                     ],
                     "archive": [
                        "New_Visualizer.war/WEB-INF/lib/jersey-core-1.18.jar"
                     ]
                  }
               ]
            },
            {
               "classesWithSystemLevelJVMConfiguration": [
               ]
            },
            {
               "sharedLibraryDependencies": [
               ]
            }
         ],
         "performanceConsiderations": {
            "archivesThatAreCandidatesForMetadataCompleteTrueAttribute": [
            ],
            "webModulesWithExcessiveClassFiles": [
            ],
            "webModulesWithExcessiveStaticResources": [
            ]
         },
         "containedArchiveInventory": [
            {
               "archiveName": "/opt/IBM/WebSphere/AppServer/profiles/Dmgr01/config/cells/apwasdevCell01/applications/New_Visualizer_war.ear/New_Visualizer_war.ear/New_Visualizer.war",
               "moduleType": "Web module",
               "moduleVersion": "2.5",
               "metadataComplete": "true",
               "archives": {
                  "ejbs": 0,
                  "webFragments": 0,
                  "utilityJars": 30
               },
               "summary": {
                  "servlets": 6,
                  "jsps": 0,
                  "jpaEntities": 0,
                  "bmpEntityBeans": 0,
                  "cmpEntityBeans": 0,
                  "messageDrivenBeans": 0,
                  "singletonSessionBeans": 0,
                  "statefulSessionBeans": 0,
                  "statelessSessionBeans": 0,
                  "jaxrpcConsumers": 0,
                  "jaxrpcProviders": 0,
                  "jaxrsConsumers": 0,
                  "jaxrsProviders": 31,
                  "jaxwsConsumers": 0,
                  "jaxwsProviders": 0
               },
               "containedArchiveInventory": [
                  {
                     "archiveName": "/opt/IBM/WebSphere/AppServer/profiles/Dmgr01/config/cells/apwasdevCell01/applications/New_Visualizer_war.ear/New_Visualizer_war.ear/New_Visualizer.war/WEB-INF/lib/apache-mime4j.jar",
                     "moduleType": "Utility JAR",
                     "containedPackages": [
                        "org.apache.james"
                     ]
                  },
                  {
                     "archiveName": "/opt/IBM/WebSphere/AppServer/profiles/Dmgr01/config/cells/apwasdevCell01/applications/New_Visualizer_war.ear/New_Visualizer_war.ear/New_Visualizer.war/WEB-INF/lib/catalina.jar",
                     "moduleType": "Utility JAR",
                     "containedPackages": [
                        "org.apache",
                        "org.apache.catalina",
                        "org.apache.naming"
                     ]
                  },
                  {
                     "archiveName": "/opt/IBM/WebSphere/AppServer/profiles/Dmgr01/config/cells/apwasdevCell01/applications/New_Visualizer_war.ear/New_Visualizer_war.ear/New_Visualizer.war/WEB-INF/lib/commons-codec-1.6.jar",
                     "moduleType": "Utility JAR",
                     "containedPackages": [
                        "org.apache.commons"
                     ]
                  },
                  {
                     "archiveName": "/opt/IBM/WebSphere/AppServer/profiles/Dmgr01/config/cells/apwasdevCell01/applications/New_Visualizer_war.ear/New_Visualizer_war.ear/New_Visualizer.war/WEB-INF/lib/commons-fileupload-1.3.1.jar",
                     "moduleType": "Utility JAR",
                     "containedPackages": [
                        "org.apache.commons"
                     ]
                  },
                  {
                     "archiveName": "/opt/IBM/WebSphere/AppServer/profiles/Dmgr01/config/cells/apwasdevCell01/applications/New_Visualizer_war.ear/New_Visualizer_war.ear/New_Visualizer.war/WEB-INF/lib/commons-httpclient-3.1-rc1.jar",
                     "moduleType": "Utility JAR",
                     "containedPackages": [
                        "org.apache.commons"
                     ]
                  },
                  {
                     "archiveName": "/opt/IBM/WebSphere/AppServer/profiles/Dmgr01/config/cells/apwasdevCell01/applications/New_Visualizer_war.ear/New_Visualizer_war.ear/New_Visualizer.war/WEB-INF/lib/commons-io-2.4.jar",
                     "moduleType": "Utility JAR",
                     "containedPackages": [
                        "org.apache.commons"
                     ]
                  },
                  {
                     "archiveName": "/opt/IBM/WebSphere/AppServer/profiles/Dmgr01/config/cells/apwasdevCell01/applications/New_Visualizer_war.ear/New_Visualizer_war.ear/New_Visualizer.war/WEB-INF/lib/commons-logging-1.1.1.jar",
                     "moduleType": "Utility JAR",
                     "containedPackages": [
                        "org.apache.commons"
                     ]
                  },
                  {
                     "archiveName": "/opt/IBM/WebSphere/AppServer/profiles/Dmgr01/config/cells/apwasdevCell01/applications/New_Visualizer_war.ear/New_Visualizer_war.ear/New_Visualizer.war/WEB-INF/lib/commons-logging-1.1.3.jar",
                     "moduleType": "Utility JAR",
                     "containedPackages": [
                        "org.apache.commons"
                     ]
                  },
                  {
                     "archiveName": "/opt/IBM/WebSphere/AppServer/profiles/Dmgr01/config/cells/apwasdevCell01/applications/New_Visualizer_war.ear/New_Visualizer_war.ear/New_Visualizer.war/WEB-INF/lib/cors-filter-1.7.jar",
                     "moduleType": "Utility JAR",
                     "containedPackages": [
                        "com.thetransactioncompany.cors"
                     ]
                  },
                  {
                     "archiveName": "/opt/IBM/WebSphere/AppServer/profiles/Dmgr01/config/cells/apwasdevCell01/applications/New_Visualizer_war.ear/New_Visualizer_war.ear/New_Visualizer.war/WEB-INF/lib/fluent-hc-4.3.4.jar",
                     "moduleType": "Utility JAR",
                     "containedPackages": [
                        "org.apache.http"
                     ]
                  },
                  {
                     "archiveName": "/opt/IBM/WebSphere/AppServer/profiles/Dmgr01/config/cells/apwasdevCell01/applications/New_Visualizer_war.ear/New_Visualizer_war.ear/New_Visualizer.war/WEB-INF/lib/gson-2.3.1.jar",
                     "moduleType": "Utility JAR",
                     "containedPackages": [
                        "com.google.gson"
                     ]
                  },
                  {
                     "archiveName": "/opt/IBM/WebSphere/AppServer/profiles/Dmgr01/config/cells/apwasdevCell01/applications/New_Visualizer_war.ear/New_Visualizer_war.ear/New_Visualizer.war/WEB-INF/lib/httpclient-4.0.3.jar",
                     "moduleType": "Utility JAR",
                     "containedPackages": [
                        "org.apache.http"
                     ]
                  },
                  {
                     "archiveName": "/opt/IBM/WebSphere/AppServer/profiles/Dmgr01/config/cells/apwasdevCell01/applications/New_Visualizer_war.ear/New_Visualizer_war.ear/New_Visualizer.war/WEB-INF/lib/httpclient-4.3.4.jar",
                     "moduleType": "Utility JAR",
                     "containedPackages": [
                        "org.apache.http"
                     ]
                  },
                  {
                     "archiveName": "/opt/IBM/WebSphere/AppServer/profiles/Dmgr01/config/cells/apwasdevCell01/applications/New_Visualizer_war.ear/New_Visualizer_war.ear/New_Visualizer.war/WEB-INF/lib/httpclient-cache-4.3.4.jar",
                     "moduleType": "Utility JAR",
                     "containedPackages": [
                        "org.apache.http"
                     ]
                  },
                  {
                     "archiveName": "/opt/IBM/WebSphere/AppServer/profiles/Dmgr01/config/cells/apwasdevCell01/applications/New_Visualizer_war.ear/New_Visualizer_war.ear/New_Visualizer.war/WEB-INF/lib/httpcore-4.1.1.jar",
                     "moduleType": "Utility JAR",
                     "containedPackages": [
                        "org.apache.http"
                     ]
                  },
                  {
                     "archiveName": "/opt/IBM/WebSphere/AppServer/profiles/Dmgr01/config/cells/apwasdevCell01/applications/New_Visualizer_war.ear/New_Visualizer_war.ear/New_Visualizer.war/WEB-INF/lib/httpcore-4.3.2.jar",
                     "moduleType": "Utility JAR",
                     "containedPackages": [
                        "org.apache.http"
                     ]
                  },
                  {
                     "archiveName": "/opt/IBM/WebSphere/AppServer/profiles/Dmgr01/config/cells/apwasdevCell01/applications/New_Visualizer_war.ear/New_Visualizer_war.ear/New_Visualizer.war/WEB-INF/lib/httpmime-4.3.4.jar",
                     "moduleType": "Utility JAR",
                     "containedPackages": [
                        "org.apache.http"
                     ]
                  },
                  {
                     "archiveName": "/opt/IBM/WebSphere/AppServer/profiles/Dmgr01/config/cells/apwasdevCell01/applications/New_Visualizer_war.ear/New_Visualizer_war.ear/New_Visualizer.war/WEB-INF/lib/httpmime.jar",
                     "moduleType": "Utility JAR",
                     "containedPackages": [
                        "org.apache.http"
                     ]
                  },
                  {
                     "archiveName": "/opt/IBM/WebSphere/AppServer/profiles/Dmgr01/config/cells/apwasdevCell01/applications/New_Visualizer_war.ear/New_Visualizer_war.ear/New_Visualizer.war/WEB-INF/lib/itextpdf-5.0.6.jar",
                     "moduleType": "Utility JAR",
                     "containedPackages": [
                        "com.itextpdf.text"
                     ]
                  },
                  {
                     "archiveName": "/opt/IBM/WebSphere/AppServer/profiles/Dmgr01/config/cells/apwasdevCell01/applications/New_Visualizer_war.ear/New_Visualizer_war.ear/New_Visualizer.war/WEB-INF/lib/jackson-all-1.9.0.jar",
                     "moduleType": "Utility JAR",
                     "containedPackages": [
                        "org.codehaus.jackson"
                     ]
                  },
                  {
                     "archiveName": "/opt/IBM/WebSphere/AppServer/profiles/Dmgr01/config/cells/apwasdevCell01/applications/New_Visualizer_war.ear/New_Visualizer_war.ear/New_Visualizer.war/WEB-INF/lib/java-property-utils-1.7.1.jar",
                     "moduleType": "Utility JAR",
                     "containedPackages": [
                        "com.thetransactioncompany.util"
                     ]
                  },
                  {
                     "archiveName": "/opt/IBM/WebSphere/AppServer/profiles/Dmgr01/config/cells/apwasdevCell01/applications/New_Visualizer_war.ear/New_Visualizer_war.ear/New_Visualizer.war/WEB-INF/lib/javax.json-1.0.jar",
                     "moduleType": "Utility JAR",
                     "containedPackages": [
                        "javax.json",
                        "javax.json.spi",
                        "javax.json.stream",
                        "org.glassfish.json"
                     ]
                  },
                  {
                     "archiveName": "/opt/IBM/WebSphere/AppServer/profiles/Dmgr01/config/cells/apwasdevCell01/applications/New_Visualizer_war.ear/New_Visualizer_war.ear/New_Visualizer.war/WEB-INF/lib/jersey-client-1.18.jar",
                     "moduleType": "Utility JAR",
                     "containedPackages": [
                        "com.sun.jersey",
                        "com.sun.ws"
                     ]
                  },
                  {
                     "archiveName": "/opt/IBM/WebSphere/AppServer/profiles/Dmgr01/config/cells/apwasdevCell01/applications/New_Visualizer_war.ear/New_Visualizer_war.ear/New_Visualizer.war/WEB-INF/lib/jersey-core-1.18.jar",
                     "moduleType": "Utility JAR",
                     "containedPackages": [
                        "com.sun.jersey",
                        "javax.ws.rs"
                     ]
                  },
                  {
                     "archiveName": "/opt/IBM/WebSphere/AppServer/profiles/Dmgr01/config/cells/apwasdevCell01/applications/New_Visualizer_war.ear/New_Visualizer_war.ear/New_Visualizer.war/WEB-INF/lib/jersey-multipart-1.18.1.jar",
                     "moduleType": "Utility JAR",
                     "containedPackages": [
                        "com.sun.jersey"
                     ]
                  },
                  {
                     "archiveName": "/opt/IBM/WebSphere/AppServer/profiles/Dmgr01/config/cells/apwasdevCell01/applications/New_Visualizer_war.ear/New_Visualizer_war.ear/New_Visualizer.war/WEB-INF/lib/json-simple-1.1.1.jar",
                     "moduleType": "Utility JAR",
                     "containedPackages": [
                        "org.json.simple"
                     ]
                  },
                  {
                     "archiveName": "/opt/IBM/WebSphere/AppServer/profiles/Dmgr01/config/cells/apwasdevCell01/applications/New_Visualizer_war.ear/New_Visualizer_war.ear/New_Visualizer.war/WEB-INF/lib/ojdbc14.jar",
                     "moduleType": "Utility JAR",
                     "containedPackages": [
                        "oracle.core.lmx",
                        "oracle.core.lvf",
                        "oracle.jdbc",
                        "oracle.jdbc.connector",
                        "oracle.jdbc.driver",
                        "oracle.jdbc.internal",
                        "oracle.jdbc.oci",
                        "oracle.jdbc.oracore",
                        "oracle.jdbc.pool",
                        "oracle.jdbc.util",
                        "oracle.jdbc.xa",
                        "oracle.jpub.runtime",
                        "oracle.net.TNSAddress",
                        "oracle.net.ano",
                        "oracle.net.aso",
                        "oracle.net.jndi",
                        "oracle.net.nl",
                        "oracle.net.ns",
                        "oracle.net.nt",
                        "oracle.net.resolver",
                        "oracle.security.o3logon",
                        "oracle.sql",
                        "oracle.sql.converter"
                     ]
                  },
                  {
                     "archiveName": "/opt/IBM/WebSphere/AppServer/profiles/Dmgr01/config/cells/apwasdevCell01/applications/New_Visualizer_war.ear/New_Visualizer_war.ear/New_Visualizer.war/WEB-INF/lib/org.json.jar",
                     "moduleType": "Utility JAR",
                     "containedPackages": [
                        "org.json"
                     ]
                  },
                  {
                     "archiveName": "/opt/IBM/WebSphere/AppServer/profiles/Dmgr01/config/cells/apwasdevCell01/applications/New_Visualizer_war.ear/New_Visualizer_war.ear/New_Visualizer.war/WEB-INF/lib/sanselan-0.97-incubator.jar",
                     "moduleType": "Utility JAR",
                     "containedPackages": [
                        "org.apache.sanselan"
                     ]
                  },
                  {
                     "archiveName": "/opt/IBM/WebSphere/AppServer/profiles/Dmgr01/config/cells/apwasdevCell01/applications/New_Visualizer_war.ear/New_Visualizer_war.ear/New_Visualizer.war/WEB-INF/lib/servlet-api.jar",
                     "moduleType": "Utility JAR",
                     "containedPackages": [
                        "javax.servlet",
                        "javax.servlet.http"
                     ]
                  }
               ]
            }
         ]
      }
   ],
   "sharedLibraryDetails": [
   ]
}