{
   "report": "analysis",
   "version": "1.2",
   "productVersion": "9.0",
   "productRelease": "19.0.0.2-TA1",
   "options": [
      "--sourceAppServer=was855",
      "--sourceJava=ibm7",
      "--sourceJavaEE=ee6",
      "--targetAppServer=liberty",
      "--targetJava=ibm8",
      "--targetCloud=dockerIBMCloud",
      "--excludePackages=com.ibm,com.informix,com.microsoft,com.sybase,com.sun,java,javax,net,oracle,org,sqlj,_ibmjsp"
   ],
   "totalRulesFlagged": 10,
   "filesAffected": 110,
   "totalResults": 222,
   "severitySummary": [
      {
         "severity": "Severe",
         "totalRulesFlagged": 1,
         "totalResults": 3
      },
      {
         "severity": "Warning",
         "totalRulesFlagged": 8,
         "totalResults": 186
      },
      {
         "severity": "Information",
         "totalRulesFlagged": 1,
         "totalResults": 33
      }
   ],
   "applications": [
      "/opt/IBM/WebSphere/AppServer/profiles/Dmgr01/config/cells/apwasdevCell01/applications/NewWallpaperAppService.ear/NewWallpaperAppService.ear"
   ],
   "rules": [
      {
         "ruleName": "Behavior change in java.lang.String and java.util.regex.Pattern split methods",
         "ruleId": "StringSplit",
         "severity": "Warning",
         "category": "Java SE version migration / Java SE 8 compatibility impacts",
         "results": [
            {
               "fileName": "NewWallpaperAppService.ear/NewWallpaperAppService.war/WEB-INF/classes/DAMService/CustomDamServices.class",
               "details": [
                  {
                     "reference": "Method getFolderIdByPath",
                     "match": "java.lang.String.split(*)",
                     "lineNumber": 59
                  }
               ]
            },
            {
               "fileName": "NewWallpaperAppService.ear/NewWallpaperAppService.war/WEB-INF/classes/DAMService/FolderServices.class",
               "details": [
                  {
                     "reference": "Method getFolderIdByPath_old",
                     "match": "java.lang.String.split(*)",
                     "lineNumber": 80
                  }
               ]
            },
            {
               "fileName": "NewWallpaperAppService.ear/NewWallpaperAppService.war/WEB-INF/classes/DAMService/Upload_File_To_DAM_Service.class",
               "details": [
                  {
                     "reference": "Method upload_DAM",
                     "match": "java.lang.String.split(*)",
                     "lineNumber": 153
                  }
               ]
            },
            {
               "fileName": "NewWallpaperAppService.ear/NewWallpaperAppService.war/WEB-INF/classes/Login.class",
               "details": [
                  {
                     "reference": "Method doPost",
                     "match": "java.lang.String.split(*)",
                     "lineNumber": 148
                  }
               ]
            },
            {
               "fileName": "NewWallpaperAppService.ear/NewWallpaperAppService.war/WEB-INF/classes/PushMessage.class",
               "details": [
                  {
                     "reference": "Method doGet",
                     "match": "java.lang.String.split(*)",
                     "lineNumber": 46
                  }
               ]
            }
         ]
      },
      {
         "ruleName": "Behavior change in month name formatting for some languages",
         "ruleId": "MonthFormattingNames",
         "severity": "Information",
         "category": "Java SE version migration / Java SE 8 compatibility impacts",
         "results": [
            {
               "fileName": "NewWallpaperAppService.ear/NewWallpaperAppService.war/WEB-INF/classes/DAMService/LogToDB.class",
               "details": [
                  {
                     "reference": "Method logDB",
                     "match": "java.text.SimpleDateFormat.format(*)",
                     "lineNumber": 34
                  }
               ]
            },
            {
               "fileName": "NewWallpaperAppService.ear/NewWallpaperAppService.war/WEB-INF/classes/DAMService/UploadDAM.class",
               "details": [
                  {
                     "reference": "Method uplodPDF",
                     "match": "java.text.SimpleDateFormat.format(*)",
                     "lineNumber": 151
                  },
                  {
                     "reference": "Method uplodPDF",
                     "match": "java.text.SimpleDateFormat.format(*)",
                     "lineNumber": 156
                  }
               ]
            },
            {
               "fileName": "NewWallpaperAppService.ear/NewWallpaperAppService.war/WEB-INF/classes/GetStocks.class",
               "details": [
                  {
                     "reference": "Method doGet",
                     "match": "java.text.SimpleDateFormat.format(*)",
                     "lineNumber": 140
                  },
                  {
                     "reference": "Method doGet",
                     "match": "java.text.SimpleDateFormat.format(*)",
                     "lineNumber": 141
                  }
               ]
            },
            {
               "fileName": "NewWallpaperAppService.ear/NewWallpaperAppService.war/WEB-INF/classes/Login.class",
               "details": [
                  {
                     "reference": "Method doPost",
                     "match": "java.text.SimpleDateFormat.format(*)",
                     "lineNumber": 521
                  },
                  {
                     "reference": "Method doPost",
                     "match": "java.text.SimpleDateFormat.format(*)",
                     "lineNumber": 651
                  },
                  {
                     "reference": "Method doPost",
                     "match": "java.text.SimpleDateFormat.format(*)",
                     "lineNumber": 655
                  },
                  {
                     "reference": "Method doPost",
                     "match": "java.text.SimpleDateFormat.format(*)",
                     "lineNumber": 657
                  }
               ]
            },
            {
               "fileName": "NewWallpaperAppService.ear/NewWallpaperAppService.war/WEB-INF/classes/ServiceClass/PushNotification.class",
               "details": [
                  {
                     "reference": "Method sendAllNotification",
                     "match": "java.text.SimpleDateFormat.format(*)",
                     "lineNumber": 154
                  },
                  {
                     "reference": "Method sendAllNotification",
                     "match": "java.text.SimpleDateFormat.format(*)",
                     "lineNumber": 196
                  },
                  {
                     "reference": "Method sendAllNotification",
                     "match": "java.text.SimpleDateFormat.format(*)",
                     "lineNumber": 250
                  }
               ]
            },
            {
               "fileName": "NewWallpaperAppService.ear/NewWallpaperAppService.war/WEB-INF/classes/SyncRecords.class",
               "details": [
                  {
                     "reference": "Method doPost",
                     "match": "java.text.DateFormat.format(*)",
                     "lineNumber": 216
                  },
                  {
                     "reference": "Method doPost",
                     "match": "java.text.DateFormat.format(*)",
                     "lineNumber": 216
                  },
                  {
                     "reference": "Method doPost",
                     "match": "java.text.DateFormat.format(*)",
                     "lineNumber": 249
                  },
                  {
                     "reference": "Method doPost",
                     "match": "java.text.DateFormat.format(*)",
                     "lineNumber": 249
                  },
                  {
                     "reference": "Method doPost",
                     "match": "java.text.DateFormat.format(*)",
                     "lineNumber": 288
                  },
                  {
                     "reference": "Method doPost",
                     "match": "java.text.DateFormat.format(*)",
                     "lineNumber": 288
                  },
                  {
                     "reference": "Method doPost",
                     "match": "java.text.DateFormat.format(*)",
                     "lineNumber": 438
                  },
                  {
                     "reference": "Method doPost",
                     "match": "java.text.DateFormat.format(*)",
                     "lineNumber": 445
                  }
               ]
            },
            {
               "fileName": "NewWallpaperAppService.ear/NewWallpaperAppService.war/WEB-INF/classes/UploadPdf.class",
               "details": [
                  {
                     "reference": "Method doPost",
                     "match": "java.text.SimpleDateFormat.format(*)",
                     "lineNumber": 157
                  },
                  {
                     "reference": "Method doPost",
                     "match": "java.text.SimpleDateFormat.format(*)",
                     "lineNumber": 159
                  },
                  {
                     "reference": "Method doPost",
                     "match": "java.text.SimpleDateFormat.format(*)",
                     "lineNumber": 172
                  }
               ]
            },
            {
               "fileName": "NewWallpaperAppService.ear/NewWallpaperAppService.war/WEB-INF/classes/razuna/search/FolderCreation.class",
               "details": [
                  {
                     "reference": "Method main",
                     "match": "java.text.SimpleDateFormat.format(*)",
                     "lineNumber": 34
                  }
               ]
            },
            {
               "fileName": "NewWallpaperAppService.ear/NewWallpaperAppService.war/WEB-INF/lib/sapidoc3.jar/com/sap/conn/idoc/rt/ErrorTrace.class",
               "details": [
                  {
                     "reference": "Method trace",
                     "match": "java.text.DateFormat.format(*)",
                     "lineNumber": 147
                  }
               ]
            },
            {
               "fileName": "NewWallpaperAppService.ear/NewWallpaperAppService.war/WEB-INF/lib/sapidoc3.jar/com/sap/conn/idoc/rt/util/SyncDateFormat.class",
               "details": [
                  {
                     "reference": "Method format",
                     "match": "java.text.SimpleDateFormat.format(*)",
                     "lineNumber": 50
                  }
               ]
            },
            {
               "fileName": "NewWallpaperAppService.ear/NewWallpaperAppService.war/WEB-INF/lib/sapjco3.jar/com/sap/conn/jco/rt/JCoRuntime.class",
               "details": [
                  {
                     "reference": "Method setPropertyValue",
                     "match": "java.text.DateFormat.format(*)",
                     "lineNumber": 851
                  }
               ]
            },
            {
               "fileName": "NewWallpaperAppService.ear/NewWallpaperAppService.war/WEB-INF/lib/sapjco3.jar/com/sap/conn/jco/rt/MiddlewareJavaRfc.class",
               "details": [
                  {
                     "reference": "Method setProperty",
                     "match": "java.text.DateFormat.format(*)",
                     "lineNumber": 440
                  }
               ]
            },
            {
               "fileName": "NewWallpaperAppService.ear/NewWallpaperAppService.war/WEB-INF/lib/sapjco3.jar/com/sap/conn/jco/util/ErrorTrace.class",
               "details": [
                  {
                     "reference": "Method trace",
                     "match": "java.text.DateFormat.format(*)",
                     "lineNumber": 146
                  }
               ]
            },
            {
               "fileName": "NewWallpaperAppService.ear/NewWallpaperAppService.war/WEB-INF/lib/sapjco3.jar/com/sap/conn/jco/util/SyncDateFormat.class",
               "details": [
                  {
                     "reference": "Method format",
                     "match": "java.text.SimpleDateFormat.format(*)",
                     "lineNumber": 47
                  }
               ]
            },
            {
               "fileName": "NewWallpaperAppService.ear/NewWallpaperAppService.war/WEB-INF/lib/sapjco3.jar/com/sap/tc/logging/LogRecord.class",
               "details": [
                  {
                     "reference": "Method formatTime",
                     "match": "java.text.DateFormat.format(*)",
                     "lineNumber": 1242
                  }
               ]
            },
            {
               "fileName": "NewWallpaperAppService.ear/NewWallpaperAppService.war/WEB-INF/lib/sapjco3.jar/com/sap/tc/logging/tools/lv/LVFormatter.class",
               "details": [
                  {
                     "reference": "Method format",
                     "match": "java.text.SimpleDateFormat.format(*)",
                     "lineNumber": 53
                  },
                  {
                     "reference": "Method format",
                     "match": "java.text.SimpleDateFormat.format(*)",
                     "lineNumber": 57
                  }
               ]
            }
         ]
      },
      {
         "ruleName": "Check for compatibility when using system modules",
         "ruleId": "SystemLoadLibrary",
         "severity": "Warning",
         "category": "All application servers",
         "results": [
            {
               "fileName": "NewWallpaperAppService.ear/NewWallpaperAppService.war/WEB-INF/lib/sapjco3.jar/com/sap/conn/jco/rt/DefaultJCoRuntime.class",
               "details": [
                  {
                     "reference": "Method loadLibrary",
                     "match": "java.lang.System.loadLibrary(*)",
                     "lineNumber": 425
                  }
               ]
            },
            {
               "fileName": "NewWallpaperAppService.ear/NewWallpaperAppService.war/WEB-INF/lib/sapjco3.jar/com/sap/i18n/cp/ConverterJNI.class",
               "details": [
                  {
                     "reference": "Method loadLibrary",
                     "match": "java.lang.System.loadLibrary(*)",
                     "lineNumber": 554
                  }
               ]
            }
         ]
      },
      {
         "ruleName": "Databases",
         "ruleId": "DatabasesSQLRule",
         "severity": "Warning",
         "category": "Technology connectivity considerations for IBM Cloud",
         "results": [
            {
               "fileName": "NewWallpaperAppService.ear/NewWallpaperAppService.war/WEB-INF/classes/DAMService/LogToDB.class",
               "details": [
                  {
                     "reference": "Constructor",
                     "match": "java.sql",
                     "lineNumber": 14
                  }
               ]
            }
         ]
      },
      {
         "ruleName": "Do not start unmanaged threads within the web or EJB container",
         "ruleId": "CreateThreadMethodsInWebOrEjbProject",
         "severity": "Warning",
         "category": "All application servers",
         "results": [
            {
               "fileName": "NewWallpaperAppService.ear/NewWallpaperAppService.war/WEB-INF/classes/UploadPdf.class",
               "details": [
                  {
                     "reference": "Method doPost",
                     "match": "java.lang.Thread.start(*)",
                     "lineNumber": 211
                  }
               ]
            },
            {
               "fileName": "NewWallpaperAppService.ear/NewWallpaperAppService.war/WEB-INF/lib/sapjco3.jar/com/sap/conn/jco/rt/AutoJobRunner.class",
               "details": [
                  {
                     "reference": "Method initialize",
                     "match": "java.lang.Thread.start(*)",
                     "lineNumber": 23
                  }
               ]
            },
            {
               "fileName": "NewWallpaperAppService.ear/NewWallpaperAppService.war/WEB-INF/lib/sapjco3.jar/com/sap/conn/jco/rt/DefaultServerManager$DefaultRunnableStarter.class",
               "details": [
                  {
                     "reference": "Method start",
                     "match": "java.lang.Thread.start(*)",
                     "lineNumber": 338
                  }
               ]
            },
            {
               "fileName": "NewWallpaperAppService.ear/NewWallpaperAppService.war/WEB-INF/lib/sapjco3.jar/com/sap/conn/jco/rt/DefaultServerManager.class",
               "details": [
                  {
                     "reference": "Method addServer",
                     "match": "java.lang.Thread.start(*)",
                     "lineNumber": 140
                  }
               ]
            }
         ]
      },
      {
         "ruleName": "Handling application configuration in Docker containers",
         "ruleId": "DetectPropertiesFiles",
         "severity": "Warning",
         "category": "Docker (IBM Cloud Kubernetes Service)",
         "results": [
            {
               "fileName": "NewWallpaperAppService.ear/NewWallpaperAppService.war/WEB-INF/classes/Login.class",
               "details": [
                  {
                     "reference": "Method doPost",
                     "match": "java.util.Properties.load(*)",
                     "lineNumber": 156
                  }
               ]
            },
            {
               "fileName": "NewWallpaperAppService.ear/NewWallpaperAppService.war/WEB-INF/lib/apache-mime4j.jar/META-INF/maven/org.apache.james/apache-mime4j/pom.properties",
               "details": [
                  {
                     "reference": null,
                     "match": "(.*)?\\.properties",
                     "lineNumber": 0
                  }
               ]
            },
            {
               "fileName": "NewWallpaperAppService.ear/NewWallpaperAppService.war/WEB-INF/lib/commons-codec-1.6.jar/META-INF/maven/commons-codec/commons-codec/pom.properties",
               "details": [
                  {
                     "reference": null,
                     "match": "(.*)?\\.properties",
                     "lineNumber": 0
                  }
               ]
            },
            {
               "fileName": "NewWallpaperAppService.ear/NewWallpaperAppService.war/WEB-INF/lib/commons-fileupload-1.3.1.jar/META-INF/maven/commons-fileupload/commons-fileupload/pom.properties",
               "details": [
                  {
                     "reference": null,
                     "match": "(.*)?\\.properties",
                     "lineNumber": 0
                  }
               ]
            },
            {
               "fileName": "NewWallpaperAppService.ear/NewWallpaperAppService.war/WEB-INF/lib/commons-io-2.4.jar/META-INF/maven/commons-io/commons-io/pom.properties",
               "details": [
                  {
                     "reference": null,
                     "match": "(.*)?\\.properties",
                     "lineNumber": 0
                  }
               ]
            },
            {
               "fileName": "NewWallpaperAppService.ear/NewWallpaperAppService.war/WEB-INF/lib/commons-logging-1.1.1.jar/META-INF/maven/commons-logging/commons-logging/pom.properties",
               "details": [
                  {
                     "reference": null,
                     "match": "(.*)?\\.properties",
                     "lineNumber": 0
                  }
               ]
            },
            {
               "fileName": "NewWallpaperAppService.ear/NewWallpaperAppService.war/WEB-INF/lib/commons-logging-1.1.3.jar/META-INF/maven/commons-logging/commons-logging/pom.properties",
               "details": [
                  {
                     "reference": null,
                     "match": "(.*)?\\.properties",
                     "lineNumber": 0
                  }
               ]
            },
            {
               "fileName": "NewWallpaperAppService.ear/NewWallpaperAppService.war/WEB-INF/lib/fluent-hc-4.3.4.jar/META-INF/maven/org.apache.httpcomponents/fluent-hc/pom.properties",
               "details": [
                  {
                     "reference": null,
                     "match": "(.*)?\\.properties",
                     "lineNumber": 0
                  }
               ]
            },
            {
               "fileName": "NewWallpaperAppService.ear/NewWallpaperAppService.war/WEB-INF/lib/httpclient-4.0.3.jar/META-INF/maven/org.apache.httpcomponents/httpclient/pom.properties",
               "details": [
                  {
                     "reference": null,
                     "match": "(.*)?\\.properties",
                     "lineNumber": 0
                  }
               ]
            },
            {
               "fileName": "NewWallpaperAppService.ear/NewWallpaperAppService.war/WEB-INF/lib/httpclient-4.0.3.jar/org/apache/http/client/version.properties",
               "details": [
                  {
                     "reference": null,
                     "match": "(.*)?\\.properties",
                     "lineNumber": 0
                  }
               ]
            },
            {
               "fileName": "NewWallpaperAppService.ear/NewWallpaperAppService.war/WEB-INF/lib/httpclient-4.3.4.jar/META-INF/maven/org.apache.httpcomponents/httpclient/pom.properties",
               "details": [
                  {
                     "reference": null,
                     "match": "(.*)?\\.properties",
                     "lineNumber": 0
                  }
               ]
            },
            {
               "fileName": "NewWallpaperAppService.ear/NewWallpaperAppService.war/WEB-INF/lib/httpclient-4.3.4.jar/org/apache/http/client/version.properties",
               "details": [
                  {
                     "reference": null,
                     "match": "(.*)?\\.properties",
                     "lineNumber": 0
                  }
               ]
            },
            {
               "fileName": "NewWallpaperAppService.ear/NewWallpaperAppService.war/WEB-INF/lib/httpclient-cache-4.3.4.jar/META-INF/maven/org.apache.httpcomponents/httpclient-cache/pom.properties",
               "details": [
                  {
                     "reference": null,
                     "match": "(.*)?\\.properties",
                     "lineNumber": 0
                  }
               ]
            },
            {
               "fileName": "NewWallpaperAppService.ear/NewWallpaperAppService.war/WEB-INF/lib/httpcore-4.1.1.jar/META-INF/maven/org.apache.httpcomponents/httpcore/pom.properties",
               "details": [
                  {
                     "reference": null,
                     "match": "(.*)?\\.properties",
                     "lineNumber": 0
                  }
               ]
            },
            {
               "fileName": "NewWallpaperAppService.ear/NewWallpaperAppService.war/WEB-INF/lib/httpcore-4.1.1.jar/org/apache/http/version.properties",
               "details": [
                  {
                     "reference": null,
                     "match": "(.*)?\\.properties",
                     "lineNumber": 0
                  }
               ]
            },
            {
               "fileName": "NewWallpaperAppService.ear/NewWallpaperAppService.war/WEB-INF/lib/httpcore-4.3.2.jar/META-INF/maven/org.apache.httpcomponents/httpcore/pom.properties",
               "details": [
                  {
                     "reference": null,
                     "match": "(.*)?\\.properties",
                     "lineNumber": 0
                  }
               ]
            },
            {
               "fileName": "NewWallpaperAppService.ear/NewWallpaperAppService.war/WEB-INF/lib/httpcore-4.3.2.jar/org/apache/http/version.properties",
               "details": [
                  {
                     "reference": null,
                     "match": "(.*)?\\.properties",
                     "lineNumber": 0
                  }
               ]
            },
            {
               "fileName": "NewWallpaperAppService.ear/NewWallpaperAppService.war/WEB-INF/lib/httpmime-4.3.4.jar/META-INF/maven/org.apache.httpcomponents/httpmime/pom.properties",
               "details": [
                  {
                     "reference": null,
                     "match": "(.*)?\\.properties",
                     "lineNumber": 0
                  }
               ]
            },
            {
               "fileName": "NewWallpaperAppService.ear/NewWallpaperAppService.war/WEB-INF/lib/httpmime-4.3.4.jar/org/apache/http/entity/mime/version.properties",
               "details": [
                  {
                     "reference": null,
                     "match": "(.*)?\\.properties",
                     "lineNumber": 0
                  }
               ]
            },
            {
               "fileName": "NewWallpaperAppService.ear/NewWallpaperAppService.war/WEB-INF/lib/httpmime.jar/META-INF/maven/org.apache.httpcomponents/httpmime/pom.properties",
               "details": [
                  {
                     "reference": null,
                     "match": "(.*)?\\.properties",
                     "lineNumber": 0
                  }
               ]
            },
            {
               "fileName": "NewWallpaperAppService.ear/NewWallpaperAppService.war/WEB-INF/lib/httpmime.jar/org/apache/http/entity/mime/version.properties",
               "details": [
                  {
                     "reference": null,
                     "match": "(.*)?\\.properties",
                     "lineNumber": 0
                  }
               ]
            },
            {
               "fileName": "NewWallpaperAppService.ear/NewWallpaperAppService.war/WEB-INF/lib/jersey-client-1.18.jar/META-INF/maven/com.sun.jersey/jersey-client/pom.properties",
               "details": [
                  {
                     "reference": null,
                     "match": "(.*)?\\.properties",
                     "lineNumber": 0
                  }
               ]
            },
            {
               "fileName": "NewWallpaperAppService.ear/NewWallpaperAppService.war/WEB-INF/lib/jersey-core-1.18.jar/META-INF/maven/com.sun.jersey/jersey-core/pom.properties",
               "details": [
                  {
                     "reference": null,
                     "match": "(.*)?\\.properties",
                     "lineNumber": 0
                  }
               ]
            },
            {
               "fileName": "NewWallpaperAppService.ear/NewWallpaperAppService.war/WEB-INF/lib/jersey-core-1.18.jar/com/sun/jersey/impl/api.properties",
               "details": [
                  {
                     "reference": null,
                     "match": "(.*)?\\.properties",
                     "lineNumber": 0
                  }
               ]
            },
            {
               "fileName": "NewWallpaperAppService.ear/NewWallpaperAppService.war/WEB-INF/lib/jersey-core-1.18.jar/com/sun/jersey/impl/impl.properties",
               "details": [
                  {
                     "reference": null,
                     "match": "(.*)?\\.properties",
                     "lineNumber": 0
                  }
               ]
            },
            {
               "fileName": "NewWallpaperAppService.ear/NewWallpaperAppService.war/WEB-INF/lib/jersey-core-1.18.jar/com/sun/jersey/impl/spi.properties",
               "details": [
                  {
                     "reference": null,
                     "match": "(.*)?\\.properties",
                     "lineNumber": 0
                  }
               ]
            },
            {
               "fileName": "NewWallpaperAppService.ear/NewWallpaperAppService.war/WEB-INF/lib/jersey-multipart-1.18.1.jar/META-INF/maven/com.sun.jersey.contribs/jersey-multipart/pom.properties",
               "details": [
                  {
                     "reference": null,
                     "match": "(.*)?\\.properties",
                     "lineNumber": 0
                  }
               ]
            },
            {
               "fileName": "NewWallpaperAppService.ear/NewWallpaperAppService.war/WEB-INF/lib/json-simple-1.1.1.jar/META-INF/maven/com.googlecode.json-simple/json-simple/pom.properties",
               "details": [
                  {
                     "reference": null,
                     "match": "(.*)?\\.properties",
                     "lineNumber": 0
                  }
               ]
            },
            {
               "fileName": "NewWallpaperAppService.ear/NewWallpaperAppService.war/WEB-INF/lib/ojdbc6.jar/oracle/jdbc/driver/Messages.properties",
               "details": [
                  {
                     "reference": null,
                     "match": "(.*)?\\.properties",
                     "lineNumber": 0
                  }
               ]
            },
            {
               "fileName": "NewWallpaperAppService.ear/NewWallpaperAppService.war/WEB-INF/lib/ojdbc6.jar/oracle/jdbc/driver/Messages_ar.properties",
               "details": [
                  {
                     "reference": null,
                     "match": "(.*)?\\.properties",
                     "lineNumber": 0
                  }
               ]
            },
            {
               "fileName": "NewWallpaperAppService.ear/NewWallpaperAppService.war/WEB-INF/lib/ojdbc6.jar/oracle/jdbc/driver/Messages_ca.properties",
               "details": [
                  {
                     "reference": null,
                     "match": "(.*)?\\.properties",
                     "lineNumber": 0
                  }
               ]
            },
            {
               "fileName": "NewWallpaperAppService.ear/NewWallpaperAppService.war/WEB-INF/lib/ojdbc6.jar/oracle/jdbc/driver/Messages_cs.properties",
               "details": [
                  {
                     "reference": null,
                     "match": "(.*)?\\.properties",
                     "lineNumber": 0
                  }
               ]
            },
            {
               "fileName": "NewWallpaperAppService.ear/NewWallpaperAppService.war/WEB-INF/lib/ojdbc6.jar/oracle/jdbc/driver/Messages_da.properties",
               "details": [
                  {
                     "reference": null,
                     "match": "(.*)?\\.properties",
                     "lineNumber": 0
                  }
               ]
            },
            {
               "fileName": "NewWallpaperAppService.ear/NewWallpaperAppService.war/WEB-INF/lib/ojdbc6.jar/oracle/jdbc/driver/Messages_de.properties",
               "details": [
                  {
                     "reference": null,
                     "match": "(.*)?\\.properties",
                     "lineNumber": 0
                  }
               ]
            },
            {
               "fileName": "NewWallpaperAppService.ear/NewWallpaperAppService.war/WEB-INF/lib/ojdbc6.jar/oracle/jdbc/driver/Messages_el.properties",
               "details": [
                  {
                     "reference": null,
                     "match": "(.*)?\\.properties",
                     "lineNumber": 0
                  }
               ]
            },
            {
               "fileName": "NewWallpaperAppService.ear/NewWallpaperAppService.war/WEB-INF/lib/ojdbc6.jar/oracle/jdbc/driver/Messages_es.properties",
               "details": [
                  {
                     "reference": null,
                     "match": "(.*)?\\.properties",
                     "lineNumber": 0
                  }
               ]
            },
            {
               "fileName": "NewWallpaperAppService.ear/NewWallpaperAppService.war/WEB-INF/lib/ojdbc6.jar/oracle/jdbc/driver/Messages_fi.properties",
               "details": [
                  {
                     "reference": null,
                     "match": "(.*)?\\.properties",
                     "lineNumber": 0
                  }
               ]
            },
            {
               "fileName": "NewWallpaperAppService.ear/NewWallpaperAppService.war/WEB-INF/lib/ojdbc6.jar/oracle/jdbc/driver/Messages_fr.properties",
               "details": [
                  {
                     "reference": null,
                     "match": "(.*)?\\.properties",
                     "lineNumber": 0
                  }
               ]
            },
            {
               "fileName": "NewWallpaperAppService.ear/NewWallpaperAppService.war/WEB-INF/lib/ojdbc6.jar/oracle/jdbc/driver/Messages_hu.properties",
               "details": [
                  {
                     "reference": null,
                     "match": "(.*)?\\.properties",
                     "lineNumber": 0
                  }
               ]
            },
            {
               "fileName": "NewWallpaperAppService.ear/NewWallpaperAppService.war/WEB-INF/lib/ojdbc6.jar/oracle/jdbc/driver/Messages_it.properties",
               "details": [
                  {
                     "reference": null,
                     "match": "(.*)?\\.properties",
                     "lineNumber": 0
                  }
               ]
            },
            {
               "fileName": "NewWallpaperAppService.ear/NewWallpaperAppService.war/WEB-INF/lib/ojdbc6.jar/oracle/jdbc/driver/Messages_iw.properties",
               "details": [
                  {
                     "reference": null,
                     "match": "(.*)?\\.properties",
                     "lineNumber": 0
                  }
               ]
            },
            {
               "fileName": "NewWallpaperAppService.ear/NewWallpaperAppService.war/WEB-INF/lib/ojdbc6.jar/oracle/jdbc/driver/Messages_ja.properties",
               "details": [
                  {
                     "reference": null,
                     "match": "(.*)?\\.properties",
                     "lineNumber": 0
                  }
               ]
            },
            {
               "fileName": "NewWallpaperAppService.ear/NewWallpaperAppService.war/WEB-INF/lib/ojdbc6.jar/oracle/jdbc/driver/Messages_ko.properties",
               "details": [
                  {
                     "reference": null,
                     "match": "(.*)?\\.properties",
                     "lineNumber": 0
                  }
               ]
            },
            {
               "fileName": "NewWallpaperAppService.ear/NewWallpaperAppService.war/WEB-INF/lib/ojdbc6.jar/oracle/jdbc/driver/Messages_nl.properties",
               "details": [
                  {
                     "reference": null,
                     "match": "(.*)?\\.properties",
                     "lineNumber": 0
                  }
               ]
            },
            {
               "fileName": "NewWallpaperAppService.ear/NewWallpaperAppService.war/WEB-INF/lib/ojdbc6.jar/oracle/jdbc/driver/Messages_no.properties",
               "details": [
                  {
                     "reference": null,
                     "match": "(.*)?\\.properties",
                     "lineNumber": 0
                  }
               ]
            },
            {
               "fileName": "NewWallpaperAppService.ear/NewWallpaperAppService.war/WEB-INF/lib/ojdbc6.jar/oracle/jdbc/driver/Messages_pl.properties",
               "details": [
                  {
                     "reference": null,
                     "match": "(.*)?\\.properties",
                     "lineNumber": 0
                  }
               ]
            },
            {
               "fileName": "NewWallpaperAppService.ear/NewWallpaperAppService.war/WEB-INF/lib/ojdbc6.jar/oracle/jdbc/driver/Messages_pt.properties",
               "details": [
                  {
                     "reference": null,
                     "match": "(.*)?\\.properties",
                     "lineNumber": 0
                  }
               ]
            },
            {
               "fileName": "NewWallpaperAppService.ear/NewWallpaperAppService.war/WEB-INF/lib/ojdbc6.jar/oracle/jdbc/driver/Messages_pt_BR.properties",
               "details": [
                  {
                     "reference": null,
                     "match": "(.*)?\\.properties",
                     "lineNumber": 0
                  }
               ]
            },
            {
               "fileName": "NewWallpaperAppService.ear/NewWallpaperAppService.war/WEB-INF/lib/ojdbc6.jar/oracle/jdbc/driver/Messages_ro.properties",
               "details": [
                  {
                     "reference": null,
                     "match": "(.*)?\\.properties",
                     "lineNumber": 0
                  }
               ]
            },
            {
               "fileName": "NewWallpaperAppService.ear/NewWallpaperAppService.war/WEB-INF/lib/ojdbc6.jar/oracle/jdbc/driver/Messages_ru.properties",
               "details": [
                  {
                     "reference": null,
                     "match": "(.*)?\\.properties",
                     "lineNumber": 0
                  }
               ]
            },
            {
               "fileName": "NewWallpaperAppService.ear/NewWallpaperAppService.war/WEB-INF/lib/ojdbc6.jar/oracle/jdbc/driver/Messages_sk.properties",
               "details": [
                  {
                     "reference": null,
                     "match": "(.*)?\\.properties",
                     "lineNumber": 0
                  }
               ]
            },
            {
               "fileName": "NewWallpaperAppService.ear/NewWallpaperAppService.war/WEB-INF/lib/ojdbc6.jar/oracle/jdbc/driver/Messages_sv.properties",
               "details": [
                  {
                     "reference": null,
                     "match": "(.*)?\\.properties",
                     "lineNumber": 0
                  }
               ]
            },
            {
               "fileName": "NewWallpaperAppService.ear/NewWallpaperAppService.war/WEB-INF/lib/ojdbc6.jar/oracle/jdbc/driver/Messages_th.properties",
               "details": [
                  {
                     "reference": null,
                     "match": "(.*)?\\.properties",
                     "lineNumber": 0
                  }
               ]
            },
            {
               "fileName": "NewWallpaperAppService.ear/NewWallpaperAppService.war/WEB-INF/lib/ojdbc6.jar/oracle/jdbc/driver/Messages_tr.properties",
               "details": [
                  {
                     "reference": null,
                     "match": "(.*)?\\.properties",
                     "lineNumber": 0
                  }
               ]
            },
            {
               "fileName": "NewWallpaperAppService.ear/NewWallpaperAppService.war/WEB-INF/lib/ojdbc6.jar/oracle/jdbc/driver/Messages_zh_CN.properties",
               "details": [
                  {
                     "reference": null,
                     "match": "(.*)?\\.properties",
                     "lineNumber": 0
                  }
               ]
            },
            {
               "fileName": "NewWallpaperAppService.ear/NewWallpaperAppService.war/WEB-INF/lib/ojdbc6.jar/oracle/jdbc/driver/Messages_zh_TW.properties",
               "details": [
                  {
                     "reference": null,
                     "match": "(.*)?\\.properties",
                     "lineNumber": 0
                  }
               ]
            },
            {
               "fileName": "NewWallpaperAppService.ear/NewWallpaperAppService.war/WEB-INF/lib/ojdbc6.jar/oracle/net/mesg/Message.properties",
               "details": [
                  {
                     "reference": null,
                     "match": "(.*)?\\.properties",
                     "lineNumber": 0
                  }
               ]
            },
            {
               "fileName": "NewWallpaperAppService.ear/NewWallpaperAppService.war/WEB-INF/lib/sapidoc3.jar/com/sap/conn/idoc/jco/package-version.properties",
               "details": [
                  {
                     "reference": null,
                     "match": "(.*)?\\.properties",
                     "lineNumber": 0
                  }
               ]
            },
            {
               "fileName": "NewWallpaperAppService.ear/NewWallpaperAppService.war/WEB-INF/lib/sapidoc3.jar/com/sap/conn/idoc/package-version.properties",
               "details": [
                  {
                     "reference": null,
                     "match": "(.*)?\\.properties",
                     "lineNumber": 0
                  }
               ]
            },
            {
               "fileName": "NewWallpaperAppService.ear/NewWallpaperAppService.war/WEB-INF/lib/sapidoc3.jar/com/sap/conn/idoc/rt/cp/package-version.properties",
               "details": [
                  {
                     "reference": null,
                     "match": "(.*)?\\.properties",
                     "lineNumber": 0
                  }
               ]
            },
            {
               "fileName": "NewWallpaperAppService.ear/NewWallpaperAppService.war/WEB-INF/lib/sapidoc3.jar/com/sap/conn/idoc/rt/package-version.properties",
               "details": [
                  {
                     "reference": null,
                     "match": "(.*)?\\.properties",
                     "lineNumber": 0
                  }
               ]
            },
            {
               "fileName": "NewWallpaperAppService.ear/NewWallpaperAppService.war/WEB-INF/lib/sapidoc3.jar/com/sap/conn/idoc/rt/record/impl/package-version.properties",
               "details": [
                  {
                     "reference": null,
                     "match": "(.*)?\\.properties",
                     "lineNumber": 0
                  }
               ]
            },
            {
               "fileName": "NewWallpaperAppService.ear/NewWallpaperAppService.war/WEB-INF/lib/sapidoc3.jar/com/sap/conn/idoc/rt/record/package-version.properties",
               "details": [
                  {
                     "reference": null,
                     "match": "(.*)?\\.properties",
                     "lineNumber": 0
                  }
               ]
            },
            {
               "fileName": "NewWallpaperAppService.ear/NewWallpaperAppService.war/WEB-INF/lib/sapidoc3.jar/com/sap/conn/idoc/rt/trace/package-version.properties",
               "details": [
                  {
                     "reference": null,
                     "match": "(.*)?\\.properties",
                     "lineNumber": 0
                  }
               ]
            },
            {
               "fileName": "NewWallpaperAppService.ear/NewWallpaperAppService.war/WEB-INF/lib/sapidoc3.jar/com/sap/conn/idoc/rt/util/package-version.properties",
               "details": [
                  {
                     "reference": null,
                     "match": "(.*)?\\.properties",
                     "lineNumber": 0
                  }
               ]
            },
            {
               "fileName": "NewWallpaperAppService.ear/NewWallpaperAppService.war/WEB-INF/lib/sapidoc3.jar/com/sap/conn/idoc/rt/xml/package-version.properties",
               "details": [
                  {
                     "reference": null,
                     "match": "(.*)?\\.properties",
                     "lineNumber": 0
                  }
               ]
            },
            {
               "fileName": "NewWallpaperAppService.ear/NewWallpaperAppService.war/WEB-INF/lib/sapjco3.jar/com/sap/conn/jco/rt/FileDestinationsDataProvider.class",
               "details": [
                  {
                     "reference": "Method loadProperties",
                     "match": "java.util.Properties.load(*)",
                     "lineNumber": 98
                  }
               ]
            },
            {
               "fileName": "NewWallpaperAppService.ear/NewWallpaperAppService.war/WEB-INF/lib/sapjco3.jar/com/sap/conn/jco/support/SimpleDataProviderImpl.class",
               "details": [
                  {
                     "reference": "Method getDestinationProperties",
                     "match": "java.util.Properties.load(*)",
                     "lineNumber": 80
                  },
                  {
                     "reference": "Method getServerProperties",
                     "match": "java.util.Properties.load(*)",
                     "lineNumber": 117
                  }
               ]
            },
            {
               "fileName": "NewWallpaperAppService.ear/NewWallpaperAppService.war/WEB-INF/lib/sapjco3.jar/com/sap/tc/logging/PropertiesConfigurator.class",
               "details": [
                  {
                     "reference": "Method configure",
                     "match": "java.util.Properties.load(*)",
                     "lineNumber": 529
                  }
               ]
            },
            {
               "fileName": "NewWallpaperAppService.ear/NewWallpaperAppService.war/WEB-INF/lib/servlet-api.jar/javax/servlet/LocalStrings.properties",
               "details": [
                  {
                     "reference": null,
                     "match": "(.*)?\\.properties",
                     "lineNumber": 0
                  }
               ]
            },
            {
               "fileName": "NewWallpaperAppService.ear/NewWallpaperAppService.war/WEB-INF/lib/servlet-api.jar/javax/servlet/http/LocalStrings.properties",
               "details": [
                  {
                     "reference": null,
                     "match": "(.*)?\\.properties",
                     "lineNumber": 0
                  }
               ]
            }
         ]
      },
      {
         "ruleName": "Java EE security",
         "ruleId": "ApplicationSecurityRule",
         "severity": "Warning",
         "category": "Technology connectivity considerations for IBM Cloud",
         "results": [
            {
               "fileName": "NewWallpaperAppService.ear/NewWallpaperAppService.war/WEB-INF/classes/GetStocks.class",
               "details": [
                  {
                     "reference": "Method doGet",
                     "match": "javax.servlet.http.HttpServletRequest.getRemoteUser(*)",
                     "lineNumber": 415
                  }
               ]
            }
         ]
      },
      {
         "ruleName": "Managing data inside and between Docker containers",
         "ruleId": "FileSystemRule",
         "severity": "Warning",
         "category": "Docker (IBM Cloud Kubernetes Service)",
         "results": [
            {
               "fileName": "NewWallpaperAppService.ear/NewWallpaperAppService.war/WEB-INF/classes/DAMService/Upload_File_To_DAM_Service.class",
               "details": [
                  {
                     "reference": "Method upload_DAM",
                     "match": "java.io.FileOutputStream",
                     "lineNumber": 224
                  },
                  {
                     "reference": "Method upload_DAM",
                     "match": "java.io.FileOutputStream",
                     "lineNumber": 225
                  },
                  {
                     "reference": "Method upload_DAM",
                     "match": "java.io.FileOutputStream",
                     "lineNumber": 226
                  },
                  {
                     "reference": "Method upload_DAM",
                     "match": "java.io.FileOutputStream",
                     "lineNumber": 298
                  }
               ]
            },
            {
               "fileName": "NewWallpaperAppService.ear/NewWallpaperAppService.war/WEB-INF/classes/Login.class",
               "details": [
                  {
                     "reference": "Method doPost",
                     "match": "java.io.FileWriter",
                     "lineNumber": 663
                  },
                  {
                     "reference": "Method doPost",
                     "match": "java.io.FileWriter",
                     "lineNumber": 667
                  },
                  {
                     "reference": "Method doPost",
                     "match": "java.io.FileWriter",
                     "lineNumber": 688
                  },
                  {
                     "reference": "Static initializer",
                     "match": "java.io.FileOutputStream",
                     "lineNumber": 75
                  }
               ]
            },
            {
               "fileName": "NewWallpaperAppService.ear/NewWallpaperAppService.war/WEB-INF/classes/ServiceClass/SAPService.class",
               "details": [
                  {
                     "reference": "Method createDestinationDataFile",
                     "match": "java.io.FileOutputStream",
                     "lineNumber": 40
                  },
                  {
                     "reference": "Method createDestinationDataFile",
                     "match": "java.io.FileOutputStream",
                     "lineNumber": 42
                  },
                  {
                     "reference": "Method createDestinationDataFile",
                     "match": "java.io.FileOutputStream",
                     "lineNumber": 49
                  }
               ]
            },
            {
               "fileName": "NewWallpaperAppService.ear/NewWallpaperAppService.war/WEB-INF/classes/UploadPdf.class",
               "details": [
                  {
                     "reference": "Method doPost",
                     "match": "java.io.FileOutputStream",
                     "lineNumber": 174
                  },
                  {
                     "reference": "Method doPost",
                     "match": "java.io.FileOutputStream",
                     "lineNumber": 185
                  },
                  {
                     "reference": "Method doPost",
                     "match": "java.io.FileOutputStream",
                     "lineNumber": 186
                  },
                  {
                     "reference": "Method doPost",
                     "match": "java.io.FileOutputStream",
                     "lineNumber": 298
                  }
               ]
            },
            {
               "fileName": "NewWallpaperAppService.ear/NewWallpaperAppService.war/WEB-INF/classes/razuna/search/ZipCreation.class",
               "details": [
                  {
                     "reference": "Method zip",
                     "match": "java.io.FileOutputStream",
                     "lineNumber": 32
                  },
                  {
                     "reference": "Method zip",
                     "match": "java.io.FileOutputStream",
                     "lineNumber": 57
                  }
               ]
            },
            {
               "fileName": "NewWallpaperAppService.ear/NewWallpaperAppService.war/WEB-INF/lib/sapidoc3.jar/com/sap/conn/idoc/rt/DefaultTrace.class",
               "details": [
                  {
                     "reference": "Method createNewFile",
                     "match": "java.io.FileOutputStream",
                     "lineNumber": 134
                  },
                  {
                     "reference": "Method createNewFile",
                     "match": "java.io.FileOutputStream",
                     "lineNumber": 137
                  },
                  {
                     "reference": "Method createNewFile",
                     "match": "java.io.FileOutputStream",
                     "lineNumber": 141
                  },
                  {
                     "reference": "Method createNewFile",
                     "match": "java.io.FileOutputStream",
                     "lineNumber": 147
                  }
               ]
            },
            {
               "fileName": "NewWallpaperAppService.ear/NewWallpaperAppService.war/WEB-INF/lib/sapidoc3.jar/com/sap/conn/idoc/rt/ErrorTrace.class",
               "details": [
                  {
                     "reference": "Method openFile",
                     "match": "java.io.FileOutputStream",
                     "lineNumber": 83
                  },
                  {
                     "reference": "Method openFile",
                     "match": "java.io.FileOutputStream",
                     "lineNumber": 86
                  },
                  {
                     "reference": "Method openFile",
                     "match": "java.io.FileOutputStream",
                     "lineNumber": 90
                  },
                  {
                     "reference": "Method openFile",
                     "match": "java.io.FileOutputStream",
                     "lineNumber": 95
                  }
               ]
            },
            {
               "fileName": "NewWallpaperAppService.ear/NewWallpaperAppService.war/WEB-INF/lib/sapjco3.jar/com/sap/conn/jco/support/SimpleDataProviderImpl.class",
               "details": [
                  {
                     "reference": "Method saveAll",
                     "match": "java.io.FileOutputStream",
                     "lineNumber": 196
                  },
                  {
                     "reference": "Method saveAll",
                     "match": "java.io.FileOutputStream",
                     "lineNumber": 208
                  },
                  {
                     "reference": "Method saveAll",
                     "match": "java.io.FileOutputStream",
                     "lineNumber": 216
                  }
               ]
            },
            {
               "fileName": "NewWallpaperAppService.ear/NewWallpaperAppService.war/WEB-INF/lib/sapjco3.jar/com/sap/conn/jco/support/TidManager.class",
               "details": [
                  {
                     "reference": "Constructor",
                     "match": "java.io.RandomAccessFile.write(*)",
                     "lineNumber": 32
                  },
                  {
                     "reference": "Method update_TID",
                     "match": "java.io.RandomAccessFile.write(*)",
                     "lineNumber": 98
                  },
                  {
                     "reference": "Method update_TID",
                     "match": "java.io.RandomAccessFile.write(*)",
                     "lineNumber": 104
                  }
               ]
            },
            {
               "fileName": "NewWallpaperAppService.ear/NewWallpaperAppService.war/WEB-INF/lib/sapjco3.jar/com/sap/conn/jco/util/DefaultTrace.class",
               "details": [
                  {
                     "reference": "Method createNewFile",
                     "match": "java.io.FileOutputStream",
                     "lineNumber": 92
                  },
                  {
                     "reference": "Method createNewFile",
                     "match": "java.io.FileOutputStream",
                     "lineNumber": 95
                  },
                  {
                     "reference": "Method createNewFile",
                     "match": "java.io.FileOutputStream",
                     "lineNumber": 99
                  },
                  {
                     "reference": "Method createNewFile",
                     "match": "java.io.FileOutputStream",
                     "lineNumber": 105
                  }
               ]
            },
            {
               "fileName": "NewWallpaperAppService.ear/NewWallpaperAppService.war/WEB-INF/lib/sapjco3.jar/com/sap/conn/jco/util/ErrorTrace.class",
               "details": [
                  {
                     "reference": "Method openFile",
                     "match": "java.io.FileOutputStream",
                     "lineNumber": 97
                  },
                  {
                     "reference": "Method openFile",
                     "match": "java.io.FileOutputStream",
                     "lineNumber": 100
                  },
                  {
                     "reference": "Method openFile",
                     "match": "java.io.FileOutputStream",
                     "lineNumber": 103
                  },
                  {
                     "reference": "Method openFile",
                     "match": "java.io.FileOutputStream",
                     "lineNumber": 108
                  }
               ]
            },
            {
               "fileName": "NewWallpaperAppService.ear/NewWallpaperAppService.war/WEB-INF/lib/sapjco3.jar/com/sap/conn/rfc/engine/DefaultRfcTraceWriter$TraceWriterFactory.class",
               "details": [
                  {
                     "reference": "Constructor",
                     "match": "java.io.FileWriter",
                     "lineNumber": 279
                  },
                  {
                     "reference": "Field currentFileWriter",
                     "match": "java.io.FileWriter",
                     "lineNumber": 0
                  },
                  {
                     "reference": "Method closeTrace",
                     "match": "java.io.FileWriter",
                     "lineNumber": 374
                  },
                  {
                     "reference": "Method closeTrace",
                     "match": "java.io.FileWriter",
                     "lineNumber": 376
                  },
                  {
                     "reference": "Method closeTrace",
                     "match": "java.io.FileWriter",
                     "lineNumber": 377
                  },
                  {
                     "reference": "Method getWriter",
                     "match": "java.io.FileWriter",
                     "lineNumber": 343
                  },
                  {
                     "reference": "Method getWriter",
                     "match": "java.io.FileWriter",
                     "lineNumber": 344
                  },
                  {
                     "reference": "Method getWriter",
                     "match": "java.io.FileWriter",
                     "lineNumber": 345
                  },
                  {
                     "reference": "Method getWriter",
                     "match": "java.io.FileWriter",
                     "lineNumber": 349
                  },
                  {
                     "reference": "Method getWriter",
                     "match": "java.io.FileWriter",
                     "lineNumber": 351
                  },
                  {
                     "reference": "Method getWriter",
                     "match": "java.io.FileWriter",
                     "lineNumber": 352
                  },
                  {
                     "reference": "Method getWriter",
                     "match": "java.io.FileWriter",
                     "lineNumber": 355
                  },
                  {
                     "reference": "Method getWriter - Method return type",
                     "match": "java.io.FileWriter",
                     "lineNumber": 0
                  },
                  {
                     "reference": "Method write",
                     "match": "java.io.FileWriter",
                     "lineNumber": 388
                  },
                  {
                     "reference": "Method write",
                     "match": "java.io.FileWriter",
                     "lineNumber": 394
                  },
                  {
                     "reference": "Method write",
                     "match": "java.io.FileWriter",
                     "lineNumber": 395
                  },
                  {
                     "reference": "Method write",
                     "match": "java.io.FileWriter",
                     "lineNumber": 401
                  }
               ]
            },
            {
               "fileName": "NewWallpaperAppService.ear/NewWallpaperAppService.war/WEB-INF/lib/sapjco3.jar/com/sap/conn/rfc/engine/DefaultRfcTraceWriter.class",
               "details": [
                  {
                     "reference": "Field m_errorTraceFile",
                     "match": "java.io.FileWriter",
                     "lineNumber": 0
                  },
                  {
                     "reference": "Method criticalTrace",
                     "match": "java.io.FileWriter",
                     "lineNumber": 98
                  },
                  {
                     "reference": "Method openErrorTrace",
                     "match": "java.io.FileWriter",
                     "lineNumber": 108
                  },
                  {
                     "reference": "Method openErrorTrace",
                     "match": "java.io.FileWriter",
                     "lineNumber": 135
                  },
                  {
                     "reference": "Method openErrorTrace",
                     "match": "java.io.FileWriter",
                     "lineNumber": 136
                  },
                  {
                     "reference": "Method openErrorTrace",
                     "match": "java.io.FileWriter",
                     "lineNumber": 137
                  },
                  {
                     "reference": "Method openErrorTrace",
                     "match": "java.io.FileWriter",
                     "lineNumber": 142
                  },
                  {
                     "reference": "Method writeInErrorTrace",
                     "match": "java.io.FileWriter",
                     "lineNumber": 164
                  },
                  {
                     "reference": "Method writeInErrorTrace",
                     "match": "java.io.FileWriter",
                     "lineNumber": 166
                  },
                  {
                     "reference": "Method writeInErrorTrace",
                     "match": "java.io.FileWriter",
                     "lineNumber": 167
                  },
                  {
                     "reference": "Method writeInErrorTrace",
                     "match": "java.io.FileWriter",
                     "lineNumber": 168
                  },
                  {
                     "reference": "Method writeInErrorTrace",
                     "match": "java.io.FileWriter",
                     "lineNumber": 243
                  },
                  {
                     "reference": "Method writeInErrorTrace",
                     "match": "java.io.FileWriter",
                     "lineNumber": 245
                  },
                  {
                     "reference": "Method writeInErrorTrace",
                     "match": "java.io.FileWriter",
                     "lineNumber": 246
                  }
               ]
            },
            {
               "fileName": "NewWallpaperAppService.ear/NewWallpaperAppService.war/WEB-INF/lib/sapjco3.jar/com/sap/tc/logging/FileLog.class",
               "details": [
                  {
                     "reference": "Method openFileInt",
                     "match": "java.io.FileOutputStream",
                     "lineNumber": 1198
                  }
               ]
            },
            {
               "fileName": "NewWallpaperAppService.ear/NewWallpaperAppService.war/WEB-INF/lib/sapjco3.jar/com/sap/tc/logging/tools/lv/LVReader.class",
               "details": [
                  {
                     "reference": "Method init",
                     "match": "java.io.FileWriter",
                     "lineNumber": 107
                  }
               ]
            }
         ]
      },
      {
         "ruleName": "The use of java.sql.Driver and java.sql.DriverManager interfaces requires configuration ",
         "ruleId": "SqlDriverRule",
         "severity": "Severe",
         "category": "WebSphere traditional to Liberty",
         "results": [
            {
               "fileName": "NewWallpaperAppService.ear/NewWallpaperAppService.war/WEB-INF/classes/UploadPdf.class",
               "details": [
                  {
                     "reference": "Method doPost",
                     "match": "java.sql.DriverManager.getConnection(*)",
                     "lineNumber": 115
                  }
               ]
            },
            {
               "fileName": "NewWallpaperAppService.ear/NewWallpaperAppService.war/WEB-INF/classes/razuna/search/FolderCreation.class",
               "details": [
                  {
                     "reference": "Method main",
                     "match": "java.sql.DriverManager.getConnection(*)",
                     "lineNumber": 23
                  },
                  {
                     "reference": "Method main",
                     "match": "java.sql.DriverManager.getConnection(*)",
                     "lineNumber": 24
                  }
               ]
            }
         ]
      },
      {
         "ruleName": "Validate the URL host and port for cloud access",
         "ruleId": "URLRuleDockerCloud",
         "severity": "Warning",
         "category": "Connectivity considerations for IBM Cloud (Docker and WebSphere in IBM Cloud)",
         "results": [
            {
               "fileName": "NewWallpaperAppService.ear/NewWallpaperAppService.war/WEB-INF/classes/DAMService/AssetServices.class",
               "details": [
                  {
                     "reference": "Method main",
                     "match": "http://digital.razuna.org",
                     "lineNumber": 21
                  }
               ]
            },
            {
               "fileName": "NewWallpaperAppService.ear/NewWallpaperAppService.war/WEB-INF/classes/DAMService/CustomDamServices.class",
               "details": [
                  {
                     "reference": "Field LINK",
                     "match": "http://digital.razuna.org",
                     "lineNumber": 0
                  }
               ]
            },
            {
               "fileName": "NewWallpaperAppService.ear/NewWallpaperAppService.war/WEB-INF/classes/DAMService/UploadDAM.class",
               "details": [
                  {
                     "reference": "Method run",
                     "match": "http://digital.razuna.org/index.cfm",
                     "lineNumber": 104
                  }
               ]
            },
            {
               "fileName": "NewWallpaperAppService.ear/NewWallpaperAppService.war/WEB-INF/classes/DAMService/Upload_File_To_DAM_Service.class",
               "details": [
                  {
                     "reference": "Constructor",
                     "match": "http://digital.razuna.org",
                     "lineNumber": 31
                  },
                  {
                     "reference": "Field LINK",
                     "match": "http://digital.razuna.org",
                     "lineNumber": 0
                  },
                  {
                     "reference": "Method upload_DAM",
                     "match": "http://digital.razuna.org",
                     "lineNumber": 108
                  },
                  {
                     "reference": "Method upload_DAM",
                     "match": "http://digital.razuna.org",
                     "lineNumber": 109
                  },
                  {
                     "reference": "Method upload_DAM",
                     "match": "http://digital.razuna.org",
                     "lineNumber": 123
                  },
                  {
                     "reference": "Method upload_DAM",
                     "match": "http://digital.razuna.org",
                     "lineNumber": 134
                  },
                  {
                     "reference": "Method upload_DAM",
                     "match": "http://digital.razuna.org",
                     "lineNumber": 145
                  },
                  {
                     "reference": "Method upload_DAM",
                     "match": "http://digital.razuna.org",
                     "lineNumber": 168
                  },
                  {
                     "reference": "Method upload_DAM",
                     "match": "http://digital.razuna.org",
                     "lineNumber": 170
                  },
                  {
                     "reference": "Method upload_DAM",
                     "match": "http://digital.razuna.org",
                     "lineNumber": 181
                  },
                  {
                     "reference": "Method upload_DAM",
                     "match": "http://digital.razuna.org",
                     "lineNumber": 191
                  },
                  {
                     "reference": "Method upload_DAM",
                     "match": "http://digital.razuna.org",
                     "lineNumber": 200
                  },
                  {
                     "reference": "Method upload_DAM",
                     "match": "http://digital.razuna.org",
                     "lineNumber": 269
                  },
                  {
                     "reference": "Method upload_DAM",
                     "match": "http://digital.razuna.org/index.cfm",
                     "lineNumber": 232
                  }
               ]
            },
            {
               "fileName": "NewWallpaperAppService.ear/NewWallpaperAppService.war/WEB-INF/classes/Login.class",
               "details": [
                  {
                     "reference": "Static initializer",
                     "match": "ldap://192.168.40.15:389/DC=asianpaints,DC=com",
                     "lineNumber": 64
                  }
               ]
            },
            {
               "fileName": "NewWallpaperAppService.ear/NewWallpaperAppService.war/WEB-INF/classes/ServiceClass/QueryStock.class",
               "details": [
                  {
                     "reference": "Method fetchStock",
                     "match": "http://PWallpaperService/IStockValues",
                     "lineNumber": 79
                  }
               ]
            },
            {
               "fileName": "NewWallpaperAppService.ear/NewWallpaperAppService.war/WEB-INF/classes/UploadPdf.class",
               "details": [
                  {
                     "reference": "Method doPost",
                     "match": "http://digital.razuna.org",
                     "lineNumber": 64
                  }
               ]
            },
            {
               "fileName": "NewWallpaperAppService.ear/NewWallpaperAppService.war/WEB-INF/classes/razuna/search/AssetUpload.class",
               "details": [
                  {
                     "reference": "Method getAssestInfo",
                     "match": "http://digital.razuna.org/global/api2/asset.cfc?method=getasset&api_key=",
                     "lineNumber": 155
                  },
                  {
                     "reference": "Method main",
                     "match": "http://digital.razuna.org//index.cfm",
                     "lineNumber": 41
                  }
               ]
            },
            {
               "fileName": "NewWallpaperAppService.ear/NewWallpaperAppService.war/WEB-INF/classes/razuna/search/FolderCreation.class",
               "details": [
                  {
                     "reference": "Method createFolder",
                     "match": "http://digital.razuna.org/global/api2/folder.cfc?method=setfolder&api_key=",
                     "lineNumber": 55
                  },
                  {
                     "reference": "Method createFolder",
                     "match": "http://digital.razuna.org/global/api2/folder.cfc?method=setfolder&api_key=",
                     "lineNumber": 61
                  }
               ]
            },
            {
               "fileName": "NewWallpaperAppService.ear/NewWallpaperAppService.war/WEB-INF/classes/razuna/search/FolderSearch.class",
               "details": [
                  {
                     "reference": "Method SearchRazuna",
                     "match": "http://digital.razuna.org/global/api2/folder.cfc?method=getfolders&api_key=",
                     "lineNumber": 35
                  },
                  {
                     "reference": "Method SearchRazuna",
                     "match": "http://digital.razuna.org/global/api2/folder.cfc?method=getfolders&api_key=",
                     "lineNumber": 45
                  }
               ]
            },
            {
               "fileName": "NewWallpaperAppService.ear/NewWallpaperAppService.war/WEB-INF/classes/razuna/webservicecall/WebService.class",
               "details": [
                  {
                     "reference": "Method main",
                     "match": "http://digital.razuna.org/global/api2/folder.cfc?method=getfolders&api_key=BEDAB24F80064841A967E8FBA260C37&folderid=8028E97AFE824A5AA7C03ACD2290D34D",
                     "lineNumber": 15
                  }
               ]
            },
            {
               "fileName": "NewWallpaperAppService.ear/NewWallpaperAppService.war/WEB-INF/lib/sapjco3.jar/com/sap/conn/jco/rt/BasXMLWriter.class",
               "details": [
                  {
                     "reference": "Static initializer",
                     "match": "http://www.sap.com/abapxml",
                     "lineNumber": 53
                  },
                  {
                     "reference": "Static initializer",
                     "match": "http://www.sap.com/abapxml/hint",
                     "lineNumber": 54
                  }
               ]
            }
         ]
      }
   ]
}