{
   "report": "inventory",
   "version": "2.4",
   "productVersion": "9.0",
   "productRelease": "19.0.0.2-TA1",
   "options": [
      "--excludePackages=com.ibm,com.informix,com.microsoft,com.sybase,com.sun,java,javax,net,oracle,org,sqlj,_ibmjsp"
   ],
   "applications": [
      "/opt/IBM/WebSphere/AppServer/profiles/Dmgr01/config/cells/apwasdevCell01/applications/OilBiddingTC_war.ear/OilBiddingTC_war.ear"
   ],
   "sharedLibraries": [
   ],
   "archives": {
      "ears": 1,
      "wars": 1,
      "rars": 0,
      "ejbs": 0,
      "webFragments": 0,
      "utilityJars": 4,
      "appClients": 0
   },
   "summary": {
      "servlets": 2,
      "jsps": 0,
      "jpaEntities": 0,
      "bmpEntityBeans": 0,
      "cmpEntityBeans": 0,
      "messageDrivenBeans": 0,
      "singletonSessionBeans": 0,
      "statefulSessionBeans": 0,
      "statelessSessionBeans": 0,
      "jaxrpcConsumers": 0,
      "jaxrpcProviders": 0,
      "jaxrsConsumers": 0,
      "jaxrsProviders": 0,
      "jaxwsConsumers": 0,
      "jaxwsProviders": 0
   },
   "archiveInventory": [
      {
         "archiveName": "/opt/IBM/WebSphere/AppServer/profiles/Dmgr01/config/cells/apwasdevCell01/applications/OilBiddingTC_war.ear/OilBiddingTC_war.ear",
         "moduleType": "Enterprise archive",
         "moduleVersion": "5",
         "metadataComplete": null,
         "moduleSize": 8003562,
         "archives": {
            "wars": 1,
            "rars": 0,
            "ejbs": 0,
            "utilityJars": 4,
            "appClients": 0
         },
         "summary": {
            "servlets": 2,
            "jsps": 0,
            "jpaEntities": 0,
            "bmpEntityBeans": 0,
            "cmpEntityBeans": 0,
            "messageDrivenBeans": 0,
            "singletonSessionBeans": 0,
            "statefulSessionBeans": 0,
            "statelessSessionBeans": 0,
            "jaxrpcConsumers": 0,
            "jaxrpcProviders": 0,
            "jaxrsConsumers": 0,
            "jaxrsProviders": 0,
            "jaxwsConsumers": 0,
            "jaxwsProviders": 0
         },
         "potentialDeploymentProblemsSummary": {
            "archivesContainingDuplicateClasses": 0,
            "archivesContainingJavaEEorSEClasses": 1,
            "archivesContainingConflictingOpenSourceSoftwareClasses": 2,
            "archivesContainingWebSphereClasses": 0,
            "archivesNotReferencedInTheApplication": 1,
            "archivesWithMissingDependenciesInTheApplication": 3,
            "classesWithSystemLevelJVMConfiguration": 0,
            "sharedLibrariesReferencingApplicationClasses": 0
         },
         "potentialDeploymentProblemsDetails": [
            {
               "duplicateClassesWithinClassLoader": [
               ]
            },
            {
               "duplicateClassesAcrossApplication": [
               ]
            },
            {
               "javaEEandSEClasses": [
                  {
                     "conflictingPackages": [
                        "javax.mail",
                        "javax.mail.event",
                        "javax.mail.internet",
                        "javax.mail.search",
                        "javax.mail.util"
                     ],
                     "packageLocation": [
                        "OilBiddingTC.war/WEB-INF/lib/javax.mail-1.5.3.jar"
                     ]
                  }
               ]
            },
            {
               "duplicateWebSphereClasses": [
               ]
            },
            {
               "openSourceSoftwareClasses": [
                  {
                     "conflictingPackages": [
                        "com.sun.mail.auth",
                        "com.sun.mail.handlers",
                        "com.sun.mail.iap",
                        "com.sun.mail.imap",
                        "com.sun.mail.imap.protocol",
                        "com.sun.mail.pop3",
                        "com.sun.mail.smtp",
                        "com.sun.mail.util",
                        "com.sun.mail.util.logging"
                     ],
                     "packageLocation": [
                        "OilBiddingTC.war/WEB-INF/lib/javax.mail-1.5.3.jar"
                     ],
                     "appliesTo": [
                        "V8.5.5",
                        "V9.0",
                        "Liberty"
                     ]
                  },
                  {
                     "conflictingPackages": [
                        "org.apache.commons.logging",
                        "org.apache.commons.logging.impl",
                        "org.apache.http",
                        "org.apache.http.annotation",
                        "org.apache.http.auth",
                        "org.apache.http.auth.params",
                        "org.apache.http.client",
                        "org.apache.http.client.config",
                        "org.apache.http.client.entity",
                        "org.apache.http.client.methods",
                        "org.apache.http.client.params",
                        "org.apache.http.client.protocol",
                        "org.apache.http.client.utils",
                        "org.apache.http.concurrent",
                        "org.apache.http.config",
                        "org.apache.http.conn",
                        "org.apache.http.conn.params",
                        "org.apache.http.conn.routing",
                        "org.apache.http.conn.scheme",
                        "org.apache.http.conn.socket",
                        "org.apache.http.conn.ssl",
                        "org.apache.http.conn.util",
                        "org.apache.http.cookie",
                        "org.apache.http.cookie.params",
                        "org.apache.http.entity",
                        "org.apache.http.impl",
                        "org.apache.http.impl.auth",
                        "org.apache.http.impl.client",
                        "org.apache.http.impl.conn",
                        "org.apache.http.impl.conn.tsccm",
                        "org.apache.http.impl.cookie",
                        "org.apache.http.impl.entity",
                        "org.apache.http.impl.execchain",
                        "org.apache.http.impl.io",
                        "org.apache.http.impl.pool",
                        "org.apache.http.io",
                        "org.apache.http.message",
                        "org.apache.http.params",
                        "org.apache.http.pool",
                        "org.apache.http.protocol",
                        "org.apache.http.util"
                     ],
                     "packageLocation": [
                        "OilBiddingTC.war/WEB-INF/lib/teamchat-client-sdk.2.1.jar"
                     ],
                     "appliesTo": [
                        "V8.5.5"
                     ]
                  }
               ]
            },
            {
               "archivesNotReferenced": [
                  {
                     "archive": "OilBiddingTC.war/WEB-INF/lib/ojdbc7.jar",
                     "referencedBy": ""
                  }
               ]
            },
            {
               "missingDependencies": [
                  {
                     "missingDependencies": [
                        "com.amazonaws.auth",
                        "com.amazonaws.event",
                        "com.amazonaws.regions",
                        "com.amazonaws.services.s3",
                        "com.amazonaws.services.s3.model",
                        "com.amazonaws.services.s3.transfer",
                        "com.fasterxml.jackson.annotation",
                        "com.fasterxml.jackson.core",
                        "com.fasterxml.jackson.core.io",
                        "com.fasterxml.jackson.core.type",
                        "com.fasterxml.jackson.core.util",
                        "com.fasterxml.jackson.databind",
                        "com.fasterxml.jackson.databind.annotation",
                        "com.fasterxml.jackson.databind.deser.std",
                        "com.fasterxml.jackson.databind.module",
                        "com.fasterxml.jackson.databind.node",
                        "com.fasterxml.jackson.databind.ser",
                        "com.fasterxml.jackson.databind.ser.impl",
                        "com.fasterxml.jackson.databind.ser.std",
                        "com.fasterxml.jackson.dataformat.xml",
                        "com.fasterxml.jackson.dataformat.xml.annotation",
                        "com.fasterxml.jackson.dataformat.xml.util",
                        "com.fasterxml.jackson.dataformat.yaml",
                        "com.lmax.disruptor",
                        "com.lmax.disruptor.dsl",
                        "com.mchange.v2.c3p0",
                        "net.sf.cglib.proxy",
                        "org.apache.avalon.framework.logger",
                        "org.apache.commons.codec.binary",
                        "org.apache.log",
                        "org.apache.log4j",
                        "org.hibernate.service.jdbc.connections.spi",
                        "org.jboss.resource.adapter.jdbc",
                        "org.jboss.resource.adapter.jdbc.vendor",
                        "org.osgi.framework",
                        "org.osgi.framework.wiring",
                        "org.slf4j"
                     ],
                     "archive": [
                        "OilBiddingTC.war/WEB-INF/lib/teamchat-client-sdk.2.1.jar"
                     ]
                  },
                  {
                     "missingDependencies": [
                        "com.sap.bc.krn.perf",
                        "com.sap.i18n.verify.intf",
                        "com.sap.jdsr.writer",
                        "com.sap.util.monitor.jarm"
                     ],
                     "archive": [
                        "OilBiddingTC.war/WEB-INF/lib/sapjco3.jar"
                     ]
                  },
                  {
                     "missingDependencies": [
                        "com.sun.security.auth.module",
                        "oracle.i18n.text",
                        "oracle.i18n.text.converter",
                        "oracle.ons",
                        "oracle.security.pki",
                        "oracle.xdb",
                        "oracle.xml.util",
                        "org.objectweb.asm",
                        "sun.security.krb5",
                        "sun.security.krb5.internal",
                        "sun.security.util"
                     ],
                     "archive": [
                        "OilBiddingTC.war/WEB-INF/lib/ojdbc7.jar"
                     ]
                  },
                  {
                     "missingDependencies": [
                        "org.ietf.jgss"
                     ],
                     "archive": [
                        "OilBiddingTC.war/WEB-INF/lib/teamchat-client-sdk.2.1.jar",
                        "OilBiddingTC.war/WEB-INF/lib/ojdbc7.jar"
                     ]
                  }
               ]
            },
            {
               "classesWithSystemLevelJVMConfiguration": [
               ]
            },
            {
               "sharedLibraryDependencies": [
               ]
            }
         ],
         "performanceConsiderations": {
            "archivesThatAreCandidatesForMetadataCompleteTrueAttribute": [
            ],
            "webModulesWithExcessiveClassFiles": [
            ],
            "webModulesWithExcessiveStaticResources": [
            ]
         },
         "containedArchiveInventory": [
            {
               "archiveName": "/opt/IBM/WebSphere/AppServer/profiles/Dmgr01/config/cells/apwasdevCell01/applications/OilBiddingTC_war.ear/OilBiddingTC_war.ear/OilBiddingTC.war",
               "moduleType": "Web module",
               "moduleVersion": "2.5",
               "metadataComplete": "true",
               "archives": {
                  "ejbs": 0,
                  "webFragments": 0,
                  "utilityJars": 4
               },
               "summary": {
                  "servlets": 2,
                  "jsps": 0,
                  "jpaEntities": 0,
                  "bmpEntityBeans": 0,
                  "cmpEntityBeans": 0,
                  "messageDrivenBeans": 0,
                  "singletonSessionBeans": 0,
                  "statefulSessionBeans": 0,
                  "statelessSessionBeans": 0,
                  "jaxrpcConsumers": 0,
                  "jaxrpcProviders": 0,
                  "jaxrsConsumers": 0,
                  "jaxrsProviders": 0,
                  "jaxwsConsumers": 0,
                  "jaxwsProviders": 0
               },
               "containedArchiveInventory": [
                  {
                     "archiveName": "/opt/IBM/WebSphere/AppServer/profiles/Dmgr01/config/cells/apwasdevCell01/applications/OilBiddingTC_war.ear/OilBiddingTC_war.ear/OilBiddingTC.war/WEB-INF/lib/javax.mail-1.5.3.jar",
                     "moduleType": "Utility JAR",
                     "containedPackages": [
                        "com.sun.mail",
                        "javax.mail",
                        "javax.mail.event",
                        "javax.mail.internet",
                        "javax.mail.search",
                        "javax.mail.util"
                     ]
                  },
                  {
                     "archiveName": "/opt/IBM/WebSphere/AppServer/profiles/Dmgr01/config/cells/apwasdevCell01/applications/OilBiddingTC_war.ear/OilBiddingTC_war.ear/OilBiddingTC.war/WEB-INF/lib/ojdbc7.jar",
                     "moduleType": "Utility JAR",
                     "containedPackages": [
                        "oracle.core.lmx",
                        "oracle.core.lvf",
                        "oracle.jdbc",
                        "oracle.jdbc.aq",
                        "oracle.jdbc.babelfish",
                        "oracle.jdbc.connector",
                        "oracle.jdbc.dcn",
                        "oracle.jdbc.diagnostics",
                        "oracle.jdbc.driver",
                        "oracle.jdbc.internal",
                        "oracle.jdbc.oci",
                        "oracle.jdbc.oracore",
                        "oracle.jdbc.pool",
                        "oracle.jdbc.proxy",
                        "oracle.jdbc.replay",
                        "oracle.jdbc.rowset",
                        "oracle.jdbc.util",
                        "oracle.jdbc.xa",
                        "oracle.jpub.runtime",
                        "oracle.net.ano",
                        "oracle.net.aso",
                        "oracle.net.jdbc",
                        "oracle.net.jndi",
                        "oracle.net.ns",
                        "oracle.net.nt",
                        "oracle.net.resolver",
                        "oracle.security.o3logon",
                        "oracle.security.o5logon",
                        "oracle.sql",
                        "oracle.sql.converter"
                     ]
                  },
                  {
                     "archiveName": "/opt/IBM/WebSphere/AppServer/profiles/Dmgr01/config/cells/apwasdevCell01/applications/OilBiddingTC_war.ear/OilBiddingTC_war.ear/OilBiddingTC.war/WEB-INF/lib/sapjco3.jar",
                     "moduleType": "Utility JAR",
                     "containedPackages": [
                        "com.sap.conn",
                        "com.sap.i18n",
                        "com.sap.tc"
                     ]
                  },
                  {
                     "archiveName": "/opt/IBM/WebSphere/AppServer/profiles/Dmgr01/config/cells/apwasdevCell01/applications/OilBiddingTC_war.ear/OilBiddingTC_war.ear/OilBiddingTC.war/WEB-INF/lib/teamchat-client-sdk.2.1.jar",
                     "moduleType": "Utility JAR",
                     "containedPackages": [
                        "com.mysql.fabric",
                        "com.mysql.jdbc",
                        "com.teamchat.client",
                        "com.teamchat.server",
                        "org.apache.commons",
                        "org.apache.http",
                        "org.apache.logging",
                        "org.gjt.mm",
                        "org.json",
                        "org.json.zip"
                     ]
                  }
               ]
            }
         ]
      }
   ],
   "sharedLibraryDetails": [
   ]
}