<?xml version="1.0" encoding="UTF-8"?><server>
<!--These elements have been identified from this application's configuration.-->
<featureManager>
<feature>jdbc-4.3</feature>
<feature>jndi-1.0</feature>
<feature>localConnector-1.0</feature>
<feature>servlet-4.0</feature>
</featureManager>
<!-- <variable name="DB2UNIVERSAL_JDBC_DRIVER_PATH" value="/opt/ibm/db2/V9.7/java"/> -->
<httpEndpoint host="*" httpPort="9080" httpsPort="9443" id="defaultHttpEndpoint"/>
<!-- <variable name="ORACLE_JDBC_DRIVER_PATH" value="/opt/IBM"/> -->
<variable name="DB2UNIVERSAL_JDBC_DRIVER_PATH" value="${shared.config.dir}/lib/global"/>
<!-- <variable name="WAS_INSTALL_ROOT" value="!{WAS_INSTALL_ROOT}"/> -->
<variable name="ORACLE_JDBC_DRIVER_PATH" value="${shared.config.dir}/lib/global"/>
<!-- <variable name="DERBY_JDBC_DRIVER_PATH" value="${WAS_INSTALL_ROOT}/derby/lib"/> -->
<variable name="WAS_INSTALL_ROOT" value="${shared.config.dir}/lib/global"/>
<!-- <variable name="UNIVERSAL_JDBC_DRIVER_PATH" value="${WAS_INSTALL_ROOT}/universalDriver/lib"/> -->
<variable name="DERBY_JDBC_DRIVER_PATH" value="${shared.config.dir}/lib/global"/>
<!-- <variable name="DB2UNIVERSAL_JDBC_DRIVER_NATIVEPATH" value="/opt/IBM/db2"/> -->
<variable name="UNIVERSAL_JDBC_DRIVER_PATH" value="${shared.config.dir}/lib/global"/>
<variable name="DB2UNIVERSAL_JDBC_DRIVER_NATIVEPATH" value="${shared.config.dir}/lib/global"/>
<applicationManager autoExpand="true"/>
<!--These elements are from the profile level configuration. Not all of them may be necessary for your application.-->
<!--<jmsQueueConnectionFactory id="SAP_CMQ" jndiName="SAP_CMQ">
        <properties.wasJms/>
    </jmsQueueConnectionFactory>--><!--<dataSource id="CMS_DS" jdbcDriverRef="Oracle_JDBC_Driver_(XA)_-_Cluster" jndiName="CMS_DS">
        <properties.oracle URL="jdbc:oracle:thin:@172.25.10.11:1521:ora2" beginTranForResultSetScrollingAPIs="false" beginTranForVendorAPIs="false" connectionSharing="1" enableClientInformation="false" enableMultithreadedAccessDetection="false" errorDetectionModel="ExceptionMapping" freeResourcesOnClose="false" name="CMS_DS" nonTransactionalDataSource="false" oracleLogFileCount="1" oracleLogFileSizeLimit="0" oracleLogFormat="SimpleFormat" oracleLogPackageName="oracle.jdbc.driver" oracleLogTraceLevel="INFO" oracleRACXARecoveryDelay="0" portNumber="1521" preTestSQLString="SELECT 1 FROM DUAL" reauthentication="false" validateNewConnection="false" validateNewConnectionRetryCount="100" validateNewConnectionRetryInterval="3"/>
        <connectionManager agedTimeout="0" connectionTimeout="180" maxIdleTime="1800" maxPoolSize="10" minPoolSize="1" reapTime="180"/>
    </dataSource>--><!--<dataSource id="CCH_PRD" jdbcDriverRef="Oracle_JDBC_Driver_(XA)_-_Cluster" jndiName="CCH_PRD">
        <properties.oracle URL="jdbc:oracle:thin:@172.25.10.9:1521:ora1" beginTranForResultSetScrollingAPIs="false" beginTranForVendorAPIs="false" connectionSharing="1" enableClientInformation="false" enableMultithreadedAccessDetection="false" errorDetectionModel="ExceptionMapping" freeResourcesOnClose="false" name="CCH_PRD" nonTransactionalDataSource="false" oracleLogFileCount="1" oracleLogFileSizeLimit="0" oracleLogFormat="SimpleFormat" oracleLogPackageName="oracle.jdbc.driver" oracleLogTraceLevel="INFO" oracleRACXARecoveryDelay="0" portNumber="1521" preTestSQLString="SELECT 1 FROM DUAL" reauthentication="false" validateNewConnection="false" validateNewConnectionRetryCount="100" validateNewConnectionRetryInterval="3"/>
        <connectionManager agedTimeout="0" connectionTimeout="180" maxIdleTime="300" maxPoolSize="10" minPoolSize="1" reapTime="180"/>
    </dataSource>--><!--<dataSource id="CMS_DS_PRD" jdbcDriverRef="Oracle_JDBC_Driver_(XA)_-_Cluster" jndiName="CMS_DS_PRD">
        <properties.oracle URL="jdbc:oracle:thin:@172.25.10.9:1521:ora1" beginTranForResultSetScrollingAPIs="false" beginTranForVendorAPIs="false" connectionSharing="1" enableClientInformation="false" enableMultithreadedAccessDetection="false" errorDetectionModel="ExceptionMapping" freeResourcesOnClose="false" name="CMS_DS_PRD" nonTransactionalDataSource="false" oracleLogFileCount="1" oracleLogFileSizeLimit="0" oracleLogFormat="SimpleFormat" oracleLogPackageName="oracle.jdbc.driver" oracleLogTraceLevel="INFO" oracleRACXARecoveryDelay="0" portNumber="1521" preTestSQLString="SELECT 1 FROM DUAL" reauthentication="false" validateNewConnection="false" validateNewConnectionRetryCount="100" validateNewConnectionRetryInterval="3"/>
        <connectionManager agedTimeout="0" connectionTimeout="180" maxIdleTime="1800" maxPoolSize="10" minPoolSize="1" reapTime="180"/>
    </dataSource>--><!--<dataSource id="SUP_PRD" jdbcDriverRef="Oracle_JDBC_Driver_(XA)_-_Cluster" jndiName="SUP_PRD">
        <properties.oracle URL="jdbc:oracle:thin:@172.25.10.9:1521:ora1" beginTranForResultSetScrollingAPIs="false" beginTranForVendorAPIs="false" connectionSharing="1" enableClientInformation="false" enableMultithreadedAccessDetection="false" errorDetectionModel="ExceptionMapping" freeResourcesOnClose="false" name="SUP_PRD" nonTransactionalDataSource="false" oracleLogFileCount="1" oracleLogFileSizeLimit="0" oracleLogFormat="SimpleFormat" oracleLogPackageName="oracle.jdbc.driver" oracleLogTraceLevel="INFO" oracleRACXARecoveryDelay="0" portNumber="1521" preTestSQLString="SELECT 1 FROM DUAL" reauthentication="false" validateNewConnection="false" validateNewConnectionRetryCount="100" validateNewConnectionRetryInterval="3"/>
        <connectionManager agedTimeout="0" connectionTimeout="180" maxIdleTime="1800" maxPoolSize="10" minPoolSize="1" reapTime="180"/>
    </dataSource>--><!--<dataSource id="GDATA_PRD" jdbcDriverRef="Oracle_JDBC_Driver_(XA)_-_Cluster" jndiName="GDATA_PRD">
        <properties.oracle URL="jdbc:oracle:thin:@172.25.10.9:1521:ora1" beginTranForResultSetScrollingAPIs="false" beginTranForVendorAPIs="false" connectionSharing="1" enableClientInformation="false" enableMultithreadedAccessDetection="false" errorDetectionModel="ExceptionMapping" freeResourcesOnClose="false" name="GDATA_PRD" nonTransactionalDataSource="false" oracleLogFileCount="1" oracleLogFileSizeLimit="0" oracleLogFormat="SimpleFormat" oracleLogPackageName="oracle.jdbc.driver" oracleLogTraceLevel="INFO" oracleRACXARecoveryDelay="0" portNumber="1521" preTestSQLString="SELECT 1 FROM DUAL" reauthentication="false" validateNewConnection="false" validateNewConnectionRetryCount="100" validateNewConnectionRetryInterval="3"/>
        <connectionManager agedTimeout="0" connectionTimeout="180" maxIdleTime="300" maxPoolSize="10" minPoolSize="1" reapTime="180"/>
    </dataSource>--><!--<dataSource id="SUP_DEV" jdbcDriverRef="Oracle_JDBC_Driver_(XA)_-_Cluster" jndiName="SUP_DEV">
        <properties.oracle URL="jdbc:oracle:thin:@172.25.10.11:1521:ora2" beginTranForResultSetScrollingAPIs="false" beginTranForVendorAPIs="false" connectionSharing="1" enableClientInformation="false" enableMultithreadedAccessDetection="false" errorDetectionModel="ExceptionMapping" freeResourcesOnClose="false" name="SUP_DEV" nonTransactionalDataSource="false" oracleLogFileCount="1" oracleLogFileSizeLimit="0" oracleLogFormat="SimpleFormat" oracleLogPackageName="oracle.jdbc.driver" oracleLogTraceLevel="INFO" oracleRACXARecoveryDelay="0" portNumber="1521" preTestSQLString="SELECT 1 FROM DUAL" reauthentication="false" validateNewConnection="false" validateNewConnectionRetryCount="100" validateNewConnectionRetryInterval="3"/>
        <connectionManager agedTimeout="0" connectionTimeout="180" maxIdleTime="1800" maxPoolSize="10" minPoolSize="1" reapTime="180"/>
    </dataSource>--><!--<dataSource id="SUPDEV_TEST" jdbcDriverRef="Oracle_JDBC_Driver_(XA)_-_Cluster" jndiName="SUPDEVTEST">
        <properties.oracle URL="jdbc:oracle:thin:@172.25.10.11:1521:ora2" beginTranForResultSetScrollingAPIs="false" beginTranForVendorAPIs="false" connectionSharing="1" enableClientInformation="false" enableMultithreadedAccessDetection="false" errorDetectionModel="ExceptionMapping" freeResourcesOnClose="false" name="SUPDEV_TEST" nonTransactionalDataSource="false" oracleLogFileCount="1" oracleLogFileSizeLimit="0" oracleLogFormat="SimpleFormat" oracleLogPackageName="oracle.jdbc.driver" oracleLogTraceLevel="INFO" oracleRACXARecoveryDelay="0" portNumber="1521" preTestSQLString="SELECT 1 FROM DUAL" reauthentication="false" validateNewConnection="false" validateNewConnectionRetryCount="100" validateNewConnectionRetryInterval="3"/>
        <connectionManager agedTimeout="0" connectionTimeout="180" maxIdleTime="1800" maxPoolSize="10" minPoolSize="1" reapTime="180"/>
    </dataSource>--><!--<dataSource id="apwdb" jdbcDriverRef="DB2_Universal_JDBC_Driver_Provider_(XA)" jndiName="jdbc/apwdb">
        <properties.db2.jcc beginTranForResultSetScrollingAPIs="false" beginTranForVendorAPIs="false" connectionSharing="1" databaseName="apwdb" enableClientInformation="false" enableMultithreadedAccessDetection="false" errorDetectionModel="ExceptionMapping" name="apwdb" nonTransactionalDataSource="false" portNumber="50000" preTestSQLString="SELECT CURRENT SQLID FROM SYSIBM.SYSDUMMY1" propagateClientIdentityUsingTrustedContext="false" reauthentication="false" retrieveMessagesFromServerOnGetMessage="false" serverName="172.25.110.137" traceLevel="-1" unbindClientRerouteListFromJndi="false" useTransactionRedirect="false" validateNewConnection="false" validateNewConnectionRetryCount="100" validateNewConnectionRetryInterval="3"/>
        <connectionManager agedTimeout="0" connectionTimeout="180" maxIdleTime="1800" maxPoolSize="10" minPoolSize="1" reapTime="180"/>
    </dataSource>--><!--<dataSource id="SchemePrd" jdbcDriverRef="DB2_Universal_JDBC_Driver_Provider_(XA)" jndiName="SchemePrd">
        <properties.db2.jcc beginTranForResultSetScrollingAPIs="false" beginTranForVendorAPIs="false" connectionSharing="1" databaseName="IRIS" enableClientInformation="false" enableMultithreadedAccessDetection="false" errorDetectionModel="ExceptionMapping" name="SchemePrd" nonTransactionalDataSource="false" portNumber="50000" preTestSQLString="SELECT CURRENT SQLID FROM SYSIBM.SYSDUMMY1" propagateClientIdentityUsingTrustedContext="false" reauthentication="false" retrieveMessagesFromServerOnGetMessage="false" serverName="172.25.10.196" traceLevel="-1" unbindClientRerouteListFromJndi="false" useTransactionRedirect="false" validateNewConnection="false" validateNewConnectionRetryCount="100" validateNewConnectionRetryInterval="3"/>
        <connectionManager agedTimeout="0" connectionTimeout="180" maxIdleTime="1800" maxPoolSize="10" minPoolSize="1" reapTime="180"/>
    </dataSource>--><!--<dataSource containerAuthDataRef="apwasdevCellManager01/supdev" id="CMS_DS" jdbcDriverRef="Oracle_JDBC_Driver_(XA)" jndiName="unknown_0">
        <properties.oracle URL="jdbc:oracle:thin:@172.25.10.11:1521:ora2" beginTranForResultSetScrollingAPIs="false" beginTranForVendorAPIs="false" connectionSharing="1" enableClientInformation="false" enableMultithreadedAccessDetection="false" errorDetectionModel="ExceptionMapping" freeResourcesOnClose="false" name="CMS_DS" nonTransactionalDataSource="false" oracleLogFileCount="1" oracleLogFileSizeLimit="0" oracleLogFormat="SimpleFormat" oracleLogPackageName="oracle.jdbc.driver" oracleLogTraceLevel="INFO" oracleRACXARecoveryDelay="0" portNumber="1521" preTestSQLString="SELECT 1 FROM DUAL" reauthentication="false" validateNewConnection="false" validateNewConnectionRetryCount="100" validateNewConnectionRetryInterval="3"/>
        <connectionManager agedTimeout="0" connectionTimeout="180" maxIdleTime="1800" maxPoolSize="10" minPoolSize="2" reapTime="180"/>
    </dataSource>--><!--<dataSource containerAuthDataRef="apwasdevCellManager01/supdev" id="EMP_SUPDEVDS" jdbcDriverRef="Oracle_JDBC_Driver_(XA)" jndiName="EMP_SUPDEV">
        <properties.oracle URL="jdbc:oracle:thin:@172.25.10.11:1521:ORA2" beginTranForResultSetScrollingAPIs="false" beginTranForVendorAPIs="false" connectionSharing="1" enableClientInformation="false" enableMultithreadedAccessDetection="false" errorDetectionModel="ExceptionMapping" freeResourcesOnClose="false" name="EMP_SUPDEVDS" nonTransactionalDataSource="false" oracleLogFileCount="1" oracleLogFileSizeLimit="0" oracleLogFormat="SimpleFormat" oracleLogPackageName="oracle.jdbc.driver" oracleLogTraceLevel="INFO" oracleRACXARecoveryDelay="0" portNumber="1521" preTestSQLString="SELECT 1 FROM DUAL" reauthentication="false" validateNewConnection="false" validateNewConnectionRetryCount="100" validateNewConnectionRetryInterval="3"/>
        <connectionManager agedTimeout="0" connectionTimeout="180" maxIdleTime="1800" maxPoolSize="10" minPoolSize="1" reapTime="180"/>
    </dataSource>--><!--<dataSource containerAuthDataRef="apwasdevCellManager01/gdataprd" id="GDATA_PRD" jdbcDriverRef="Oracle_JDBC_Driver_(XA)" jndiName="unknown_1">
        <properties.oracle URL="jdbc:oracle:thin:@172.25.10.9:1521:ora1" beginTranForResultSetScrollingAPIs="false" beginTranForVendorAPIs="false" connectionSharing="1" enableClientInformation="false" enableMultithreadedAccessDetection="false" errorDetectionModel="ExceptionMapping" freeResourcesOnClose="false" name="GDATA_PRD" nonTransactionalDataSource="false" oracleLogFileCount="1" oracleLogFileSizeLimit="0" oracleLogFormat="SimpleFormat" oracleLogPackageName="oracle.jdbc.driver" oracleLogTraceLevel="INFO" oracleRACXARecoveryDelay="0" portNumber="1521" preTestSQLString="SELECT 1 FROM DUAL" reauthentication="false" validateNewConnection="false" validateNewConnectionRetryCount="100" validateNewConnectionRetryInterval="3"/>
        <connectionManager agedTimeout="0" connectionTimeout="180" maxIdleTime="1800" maxPoolSize="50" minPoolSize="1" reapTime="180"/>
    </dataSource>--><!--<dataSource containerAuthDataRef="apwasdevCellManager01/gdatasecprd" id="GDATA_SEC_PRD" jdbcDriverRef="Oracle_JDBC_Driver_(XA)" jndiName="GDATA_SEC_PRD">
        <properties.oracle URL="jdbc:oracle:thin:@172.25.10.9:1521:ora1" beginTranForResultSetScrollingAPIs="false" beginTranForVendorAPIs="false" connectionSharing="1" enableClientInformation="false" enableMultithreadedAccessDetection="false" errorDetectionModel="ExceptionMapping" freeResourcesOnClose="false" name="GDATA_SEC_PRD" nonTransactionalDataSource="false" oracleLogFileCount="1" oracleLogFileSizeLimit="0" oracleLogFormat="SimpleFormat" oracleLogPackageName="oracle.jdbc.driver" oracleLogTraceLevel="INFO" oracleRACXARecoveryDelay="0" portNumber="1521" preTestSQLString="SELECT 1 FROM DUAL" reauthentication="false" validateNewConnection="false" validateNewConnectionRetryCount="100" validateNewConnectionRetryInterval="3"/>
        <connectionManager agedTimeout="0" connectionTimeout="180" maxIdleTime="1800" maxPoolSize="10" minPoolSize="1" reapTime="180"/>
    </dataSource>--><!--<dataSource containerAuthDataRef="apwasdevCellManager01/supdev" id="CMS_DS" jdbcDriverRef="Oracle_JDBC_Driver_(XA)" jndiName="unknown_2">
        <properties.oracle URL="jdbc:oracle:thin:@172.25.10.11:1521:ora2" beginTranForResultSetScrollingAPIs="false" beginTranForVendorAPIs="false" connectionSharing="1" enableClientInformation="false" enableMultithreadedAccessDetection="false" errorDetectionModel="ExceptionMapping" freeResourcesOnClose="false" name="CMS_DS" nonTransactionalDataSource="false" oracleLogFileCount="1" oracleLogFileSizeLimit="0" oracleLogFormat="SimpleFormat" oracleLogPackageName="oracle.jdbc.driver" oracleLogTraceLevel="INFO" oracleRACXARecoveryDelay="0" portNumber="1521" preTestSQLString="SELECT 1 FROM DUAL" reauthentication="false" validateNewConnection="false" validateNewConnectionRetryCount="100" validateNewConnectionRetryInterval="3"/>
        <connectionManager agedTimeout="0" connectionTimeout="180" maxIdleTime="1800" maxPoolSize="10" minPoolSize="1" reapTime="180"/>
    </dataSource>--><!--<dataSource containerAuthDataRef="apwasdevCellManager01/foresitedev" id="FORESITE_DS" jdbcDriverRef="Oracle_JDBC_Driver_(XA)" jndiName="FORESITE_DS">
        <properties.oracle URL="jdbc:oracle:thin:@172.25.10.11:1521:ora2" beginTranForResultSetScrollingAPIs="false" beginTranForVendorAPIs="false" connectionSharing="1" enableClientInformation="false" enableMultithreadedAccessDetection="false" errorDetectionModel="ExceptionMapping" freeResourcesOnClose="false" name="FORESITE_DS" nonTransactionalDataSource="false" oracleLogFileCount="1" oracleLogFileSizeLimit="0" oracleLogFormat="SimpleFormat" oracleLogPackageName="oracle.jdbc.driver" oracleLogTraceLevel="INFO" oracleRACXARecoveryDelay="0" portNumber="1521" preTestSQLString="SELECT 1 FROM DUAL" reauthentication="false" validateNewConnection="false" validateNewConnectionRetryCount="100" validateNewConnectionRetryInterval="3"/>
        <connectionManager agedTimeout="0" connectionTimeout="180" maxIdleTime="1800" maxPoolSize="10" minPoolSize="1" reapTime="180"/>
    </dataSource>--><!--<dataSource containerAuthDataRef="apwasdevCellManager01/salesportal" id="CMS_DS_PRD" jdbcDriverRef="Oracle_JDBC_Driver_(XA)" jndiName="unknown_3">
        <properties.oracle URL="jdbc:oracle:thin:@172.25.10.9:1521:ora1" beginTranForResultSetScrollingAPIs="false" beginTranForVendorAPIs="false" connectionSharing="1" enableClientInformation="false" enableMultithreadedAccessDetection="false" errorDetectionModel="ExceptionMapping" freeResourcesOnClose="false" name="CMS_DS_PRD" nonTransactionalDataSource="false" oracleLogFileCount="1" oracleLogFileSizeLimit="0" oracleLogFormat="SimpleFormat" oracleLogPackageName="oracle.jdbc.driver" oracleLogTraceLevel="INFO" oracleRACXARecoveryDelay="0" portNumber="1521" preTestSQLString="SELECT 1 FROM DUAL" reauthentication="false" validateNewConnection="false" validateNewConnectionRetryCount="100" validateNewConnectionRetryInterval="3"/>
        <connectionManager agedTimeout="0" connectionTimeout="180" maxIdleTime="300" maxPoolSize="10" minPoolSize="1" reapTime="180"/>
    </dataSource>--><!--<dataSource containerAuthDataRef="apwasdevCellManager01/apora" id="SUP_PRD" jdbcDriverRef="Oracle_JDBC_Driver_(XA)" jndiName="unknown_4">
        <properties.oracle URL="jdbc:oracle:thin:@172.25.10.9:1521:ora1" beginTranForResultSetScrollingAPIs="false" beginTranForVendorAPIs="false" connectionSharing="1" enableClientInformation="false" enableMultithreadedAccessDetection="false" errorDetectionModel="ExceptionMapping" freeResourcesOnClose="false" name="SUP_PRD" nonTransactionalDataSource="false" oracleLogFileCount="1" oracleLogFileSizeLimit="0" oracleLogFormat="SimpleFormat" oracleLogPackageName="oracle.jdbc.driver" oracleLogTraceLevel="INFO" oracleRACXARecoveryDelay="0" portNumber="1521" preTestSQLString="SELECT 1 FROM DUAL" reauthentication="false" validateNewConnection="false" validateNewConnectionRetryCount="100" validateNewConnectionRetryInterval="3"/>
        <connectionManager agedTimeout="0" connectionTimeout="180" maxIdleTime="1800" maxPoolSize="10" minPoolSize="1" reapTime="180"/>
    </dataSource>--><!--<dataSource containerAuthDataRef="apwasdevCellManager01/oauthalias" id="OAuth JDBC Service" jdbcDriverRef="DB2_Universal_JDBC_Driver_Provider" jndiName="jdbc/oauthProvider">
        <properties.db2.jcc beginTranForResultSetScrollingAPIs="false" beginTranForVendorAPIs="false" connectionSharing="1" databaseName="oauth2db" enableClientInformation="false" enableMultithreadedAccessDetection="false" errorDetectionModel="ExceptionMapping" jmsOnePhaseOptimization="false" name="OAuth JDBC Service" nonTransactionalDataSource="false" portNumber="50000" preTestSQLString="SELECT CURRENT SQLID FROM SYSIBM.SYSDUMMY1" propagateClientIdentityUsingTrustedContext="false" reauthentication="false" retrieveMessagesFromServerOnGetMessage="true" serverName="172.25.110.216" traceLevel="-1" unbindClientRerouteListFromJndi="false" useTransactionRedirect="false" validateNewConnection="false" validateNewConnectionRetryCount="100" validateNewConnectionRetryInterval="3"/>
        <connectionManager agedTimeout="0" connectionTimeout="180" maxIdleTime="1800" maxPoolSize="10" minPoolSize="1" reapTime="180"/>
    </dataSource>--><!--<dataSource id="OTiSDataSource" jdbcDriverRef="OTiSDataSource" jndiName="OTiSDataSource">
        <properties.derby.embedded databaseName="/opt/IBM/WebSphere/AppServer/profiles/Dmgr01/OTiS" description="Data source template" name="OTiSDataSource"/>
        <connectionManager agedTimeout="0" connectionTimeout="180" maxIdleTime="1800" maxPoolSize="10" minPoolSize="1" reapTime="180"/>
    </dataSource>--><!--<mailSession description="mail/apwasprd" from="" mailSessionID="MAIL_DS">
        <property name="mail.smtp.host" value="zimbra.asianpaints.com"/>
        <property name="mail.smtp.user" value="apwasprd@apps.asianpaints.com"/>
        <property name="mail.smtp.password" value="password@123"/>
    </mailSession>--><!--<jdbcDriver id="Oracle_JDBC_Driver_(XA)_-_Cluster" javax.sql.DataSource="oracle.jdbc.xa.client.OracleXADataSource">
        <library>
            <file name="${ORACLE_JDBC_DRIVER_PATH}/ojdbc6.jar"/>
        </library>
    </jdbcDriver>--><!--<jdbcDriver id="DB2_Universal_JDBC_Driver_Provider_(XA)" javax.sql.DataSource="com.ibm.db2.jcc.DB2XADataSource">
        <library>
            <file name="${DB2UNIVERSAL_JDBC_DRIVER_PATH}/db2jcc.jar"/>
            <file name="${UNIVERSAL_JDBC_DRIVER_PATH}/db2jcc_license_cu.jar"/>
            <file name="${DB2UNIVERSAL_JDBC_DRIVER_PATH}/db2jcc_license_cisuz.jar"/>
        </library>
    </jdbcDriver>--><!--<jdbcDriver id="Oracle_JDBC_Driver_(XA)" javax.sql.DataSource="oracle.jdbc.xa.client.OracleXADataSource">
        <library>
            <file name="${ORACLE_JDBC_DRIVER_PATH}/ojdbc6.jar"/>
        </library>
    </jdbcDriver>--><!--<jdbcDriver id="Oracle_JDBC_Driver_(XA)" javax.sql.DataSource="oracle.jdbc.xa.client.OracleXADataSource">
        <library>
            <file name="${ORACLE_JDBC_DRIVER_PATH}/ojdbc6.jar"/>
        </library>
    </jdbcDriver>--><!--<jdbcDriver id="DB2_Universal_JDBC_Driver_Provider" javax.sql.DataSource="com.ibm.db2.jcc.DB2ConnectionPoolDataSource">
        <library>
            <file name="${DB2UNIVERSAL_JDBC_DRIVER_PATH}/db2jcc.jar"/>
            <file name="${UNIVERSAL_JDBC_DRIVER_PATH}/db2jcc_license_cu.jar"/>
            <file name="${DB2UNIVERSAL_JDBC_DRIVER_PATH}/db2jcc_license_cisuz.jar"/>
        </library>
    </jdbcDriver>--><!--<jdbcDriver id="OTiSDataSource" javax.sql.DataSource="org.apache.derby.jdbc.EmbeddedConnectionPoolDataSource">
        <library>
            <file name="${WAS_INSTALL_ROOT}/derby/lib/derby.jar"/>
        </library>
    </jdbcDriver>--><!--<authData id="apwasdevCellManager01/supdev" password="???" user="supdev"/>--><!--<authData id="apwasdevCellManager01/foresitedev" password="???" user="foresitedev"/>--><!--<authData id="apwasdevCellManager01/oauthalias" password="???" user="root"/>--><!--<authData id="apwasdevCellManager01/cchome_prd" password="???" user="cchome_prd"/>--><!--<authData id="apwasdevCellManager01/salesportal" password="???" user="salesportal"/>--><!--<authData id="apwasdevCellManager01/apdbusr" password="???" user="apdbusr"/>--><!--<authData id="apwasdevCellManager01/apora" password="???" user="apora"/>--><!--<authData id="apwasdevCellManager01/db2inst2" password="???" user="db2inst2"/>--><!--<authData id="apwasdevCellManager01/gdataprd" password="???" user="gdataprd"/>--><!--<authData id="apwasdevCellManager01/apabaplead" password="???" user="apabaplead"/>--><!--<authData id="apwasdevCellManager01/apwasprd" password="???" user="apwasprd@apps.asianpaints.com"/>--><!--<authData id="apwasdevCellManager01/gdatasecprd" password="???" user="gdatasecprd"/>--></server>