{
   "report": "inventory",
   "version": "2.4",
   "productVersion": "9.0",
   "productRelease": "19.0.0.2-TA1",
   "options": [
      "--excludePackages=com.ibm,com.informix,com.microsoft,com.sybase,com.sun,java,javax,net,oracle,org,sqlj,_ibmjsp"
   ],
   "applications": [
      "/opt/IBM/WebSphere/AppServer/profiles/Dmgr01/config/cells/apwasdevCell01/applications/Oman_Loyalty_war.ear/Oman_Loyalty_war.ear"
   ],
   "sharedLibraries": [
   ],
   "archives": {
      "ears": 1,
      "wars": 1,
      "rars": 0,
      "ejbs": 0,
      "webFragments": 0,
      "utilityJars": 5,
      "appClients": 0
   },
   "summary": {
      "servlets": 1,
      "jsps": 0,
      "jpaEntities": 0,
      "bmpEntityBeans": 0,
      "cmpEntityBeans": 0,
      "messageDrivenBeans": 0,
      "singletonSessionBeans": 0,
      "statefulSessionBeans": 0,
      "statelessSessionBeans": 0,
      "jaxrpcConsumers": 0,
      "jaxrpcProviders": 0,
      "jaxrsConsumers": 0,
      "jaxrsProviders": 9,
      "jaxwsConsumers": 0,
      "jaxwsProviders": 0
   },
   "archiveInventory": [
      {
         "archiveName": "/opt/IBM/WebSphere/AppServer/profiles/Dmgr01/config/cells/apwasdevCell01/applications/Oman_Loyalty_war.ear/Oman_Loyalty_war.ear",
         "moduleType": "Enterprise archive",
         "moduleVersion": "5",
         "metadataComplete": null,
         "moduleSize": 3165290,
         "archives": {
            "wars": 1,
            "rars": 0,
            "ejbs": 0,
            "utilityJars": 5,
            "appClients": 0
         },
         "summary": {
            "servlets": 1,
            "jsps": 0,
            "jpaEntities": 0,
            "bmpEntityBeans": 0,
            "cmpEntityBeans": 0,
            "messageDrivenBeans": 0,
            "singletonSessionBeans": 0,
            "statefulSessionBeans": 0,
            "statelessSessionBeans": 0,
            "jaxrpcConsumers": 0,
            "jaxrpcProviders": 0,
            "jaxrsConsumers": 0,
            "jaxrsProviders": 9,
            "jaxwsConsumers": 0,
            "jaxwsProviders": 0
         },
         "potentialDeploymentProblemsSummary": {
            "archivesContainingDuplicateClasses": 0,
            "archivesContainingJavaEEorSEClasses": 0,
            "archivesContainingConflictingOpenSourceSoftwareClasses": 2,
            "archivesContainingWebSphereClasses": 0,
            "archivesNotReferencedInTheApplication": 3,
            "archivesWithMissingDependenciesInTheApplication": 4,
            "classesWithSystemLevelJVMConfiguration": 0,
            "sharedLibrariesReferencingApplicationClasses": 0
         },
         "potentialDeploymentProblemsDetails": [
            {
               "duplicateClassesWithinClassLoader": [
               ]
            },
            {
               "duplicateClassesAcrossApplication": [
               ]
            },
            {
               "javaEEandSEClasses": [
               ]
            },
            {
               "duplicateWebSphereClasses": [
               ]
            },
            {
               "openSourceSoftwareClasses": [
                  {
                     "conflictingPackages": [
                        "org.codehaus.jackson",
                        "org.codehaus.jackson.annotate",
                        "org.codehaus.jackson.format",
                        "org.codehaus.jackson.impl",
                        "org.codehaus.jackson.io",
                        "org.codehaus.jackson.sym",
                        "org.codehaus.jackson.type",
                        "org.codehaus.jackson.util"
                     ],
                     "packageLocation": [
                        "Oman_Loyalty.war/WEB-INF/lib/jackson-core-asl-1.9.2.jar"
                     ],
                     "appliesTo": [
                        "V8.5.5",
                        "V9.0",
                        "Liberty"
                     ]
                  },
                  {
                     "conflictingPackages": [
                        "org.codehaus.jackson.map",
                        "org.codehaus.jackson.map.annotate",
                        "org.codehaus.jackson.map.deser",
                        "org.codehaus.jackson.map.deser.impl",
                        "org.codehaus.jackson.map.deser.std",
                        "org.codehaus.jackson.map.exc",
                        "org.codehaus.jackson.map.ext",
                        "org.codehaus.jackson.map.introspect",
                        "org.codehaus.jackson.map.jsontype",
                        "org.codehaus.jackson.map.jsontype.impl",
                        "org.codehaus.jackson.map.module",
                        "org.codehaus.jackson.map.ser",
                        "org.codehaus.jackson.map.ser.impl",
                        "org.codehaus.jackson.map.ser.std",
                        "org.codehaus.jackson.map.type",
                        "org.codehaus.jackson.map.util",
                        "org.codehaus.jackson.node",
                        "org.codehaus.jackson.schema"
                     ],
                     "packageLocation": [
                        "Oman_Loyalty.war/WEB-INF/lib/jackson-mapper-asl-1.9.2.jar"
                     ],
                     "appliesTo": [
                        "V8.5.5",
                        "V9.0",
                        "Liberty"
                     ]
                  }
               ]
            },
            {
               "archivesNotReferenced": [
                  {
                     "archive": "Oman_Loyalty.war/WEB-INF/lib/ngdbc.jar",
                     "referencedBy": ""
                  },
                  {
                     "archive": "Oman_Loyalty.war/WEB-INF/lib/sapidoc3.jar",
                     "referencedBy": ""
                  },
                  {
                     "archive": "Oman_Loyalty.war/WEB-INF/lib/sapjco3.jar",
                     "referencedBy": "Oman_Loyalty.war/WEB-INF/lib/sapidoc3.jar"
                  }
               ]
            },
            {
               "missingDependencies": [
                  {
                     "missingDependencies": [
                        "com.sap.bc.krn.perf",
                        "com.sap.i18n.verify.intf",
                        "com.sap.jdsr.writer",
                        "com.sap.util.monitor.jarm"
                     ],
                     "archive": [
                        "Oman_Loyalty.war/WEB-INF/lib/sapjco3.jar"
                     ]
                  },
                  {
                     "missingDependencies": [
                        "org.apache.commons.codec.binary",
                        "org.apache.http",
                        "org.apache.http.client",
                        "org.apache.http.client.methods",
                        "org.apache.http.entity",
                        "org.apache.http.impl.client",
                        "org.apache.http.util",
                        "org.apache.logging.log4j",
                        "org.json"
                     ],
                     "archive": [
                        "Oman_Loyalty.war"
                     ]
                  },
                  {
                     "missingDependencies": [
                        "org.ietf.jgss"
                     ],
                     "archive": [
                        "Oman_Loyalty.war/WEB-INF/lib/ngdbc.jar"
                     ]
                  },
                  {
                     "missingDependencies": [
                        "org.joda.time",
                        "org.joda.time.format"
                     ],
                     "archive": [
                        "Oman_Loyalty.war/WEB-INF/lib/jackson-mapper-asl-1.9.2.jar"
                     ]
                  }
               ]
            },
            {
               "classesWithSystemLevelJVMConfiguration": [
               ]
            },
            {
               "sharedLibraryDependencies": [
               ]
            }
         ],
         "performanceConsiderations": {
            "archivesThatAreCandidatesForMetadataCompleteTrueAttribute": [
            ],
            "webModulesWithExcessiveClassFiles": [
            ],
            "webModulesWithExcessiveStaticResources": [
            ]
         },
         "containedArchiveInventory": [
            {
               "archiveName": "/opt/IBM/WebSphere/AppServer/profiles/Dmgr01/config/cells/apwasdevCell01/applications/Oman_Loyalty_war.ear/Oman_Loyalty_war.ear/Oman_Loyalty.war",
               "moduleType": "Web module",
               "moduleVersion": "2.5",
               "metadataComplete": "true",
               "archives": {
                  "ejbs": 0,
                  "webFragments": 0,
                  "utilityJars": 5
               },
               "summary": {
                  "servlets": 1,
                  "jsps": 0,
                  "jpaEntities": 0,
                  "bmpEntityBeans": 0,
                  "cmpEntityBeans": 0,
                  "messageDrivenBeans": 0,
                  "singletonSessionBeans": 0,
                  "statefulSessionBeans": 0,
                  "statelessSessionBeans": 0,
                  "jaxrpcConsumers": 0,
                  "jaxrpcProviders": 0,
                  "jaxrsConsumers": 0,
                  "jaxrsProviders": 9,
                  "jaxwsConsumers": 0,
                  "jaxwsProviders": 0
               },
               "containedArchiveInventory": [
                  {
                     "archiveName": "/opt/IBM/WebSphere/AppServer/profiles/Dmgr01/config/cells/apwasdevCell01/applications/Oman_Loyalty_war.ear/Oman_Loyalty_war.ear/Oman_Loyalty.war/WEB-INF/lib/jackson-core-asl-1.9.2.jar",
                     "moduleType": "Utility JAR",
                     "containedPackages": [
                        "org.codehaus.jackson"
                     ]
                  },
                  {
                     "archiveName": "/opt/IBM/WebSphere/AppServer/profiles/Dmgr01/config/cells/apwasdevCell01/applications/Oman_Loyalty_war.ear/Oman_Loyalty_war.ear/Oman_Loyalty.war/WEB-INF/lib/jackson-mapper-asl-1.9.2.jar",
                     "moduleType": "Utility JAR",
                     "containedPackages": [
                        "org.codehaus.jackson"
                     ]
                  },
                  {
                     "archiveName": "/opt/IBM/WebSphere/AppServer/profiles/Dmgr01/config/cells/apwasdevCell01/applications/Oman_Loyalty_war.ear/Oman_Loyalty_war.ear/Oman_Loyalty.war/WEB-INF/lib/ngdbc.jar",
                     "moduleType": "Utility JAR",
                     "containedPackages": [
                        "com.sap.db"
                     ]
                  },
                  {
                     "archiveName": "/opt/IBM/WebSphere/AppServer/profiles/Dmgr01/config/cells/apwasdevCell01/applications/Oman_Loyalty_war.ear/Oman_Loyalty_war.ear/Oman_Loyalty.war/WEB-INF/lib/sapidoc3.jar",
                     "moduleType": "Utility JAR",
                     "containedPackages": [
                        "com.sap.conn"
                     ]
                  },
                  {
                     "archiveName": "/opt/IBM/WebSphere/AppServer/profiles/Dmgr01/config/cells/apwasdevCell01/applications/Oman_Loyalty_war.ear/Oman_Loyalty_war.ear/Oman_Loyalty.war/WEB-INF/lib/sapjco3.jar",
                     "moduleType": "Utility JAR",
                     "containedPackages": [
                        "com.sap.conn",
                        "com.sap.i18n",
                        "com.sap.tc"
                     ]
                  }
               ]
            }
         ]
      }
   ],
   "sharedLibraryDetails": [
   ]
}