{
   "report": "analysis",
   "version": "1.2",
   "productVersion": "9.0",
   "productRelease": "19.0.0.2-TA1",
   "options": [
      "--sourceAppServer=was855",
      "--sourceJava=ibm7",
      "--sourceJavaEE=ee6",
      "--targetAppServer=liberty",
      "--targetJava=ibm8",
      "--targetCloud=dockerIBMCloud",
      "--excludePackages=com.ibm,com.informix,com.microsoft,com.sybase,com.sun,java,javax,net,oracle,org,sqlj,_ibmjsp"
   ],
   "totalRulesFlagged": 14,
   "filesAffected": 64,
   "totalResults": 375,
   "severitySummary": [
      {
         "severity": "Severe",
         "totalRulesFlagged": 4,
         "totalResults": 234
      },
      {
         "severity": "Warning",
         "totalRulesFlagged": 9,
         "totalResults": 129
      },
      {
         "severity": "Information",
         "totalRulesFlagged": 1,
         "totalResults": 12
      }
   ],
   "applications": [
      "/opt/IBM/WebSphere/AppServer/profiles/Dmgr01/config/cells/apwasdevCell01/applications/Oman_Loyalty_war.ear/Oman_Loyalty_war.ear"
   ],
   "rules": [
      {
         "ruleName": "Behavior change in java.lang.String and java.util.regex.Pattern split methods",
         "ruleId": "StringSplit",
         "severity": "Warning",
         "category": "Java SE version migration / Java SE 8 compatibility impacts",
         "results": [
            {
               "fileName": "Oman_Loyalty_war.ear/Oman_Loyalty.war/WEB-INF/classes/com/oman/consumer/OmanSMS.class",
               "details": [
                  {
                     "reference": "Method banglaSMS",
                     "match": "java.lang.String.split(*)",
                     "lineNumber": 79
                  }
               ]
            },
            {
               "fileName": "Oman_Loyalty_war.ear/Oman_Loyalty.war/WEB-INF/classes/com/oman/consumer/Profile.class",
               "details": [
                  {
                     "reference": "Method getDetailsLoyalty",
                     "match": "java.lang.String.split(*)",
                     "lineNumber": 272
                  }
               ]
            }
         ]
      },
      {
         "ruleName": "Behavior change in month name formatting for some languages",
         "ruleId": "MonthFormattingNames",
         "severity": "Information",
         "category": "Java SE version migration / Java SE 8 compatibility impacts",
         "results": [
            {
               "fileName": "Oman_Loyalty_war.ear/Oman_Loyalty.war/WEB-INF/classes/com/oman/consumer/OmanSMS.class",
               "details": [
                  {
                     "reference": "Method banglaSMS",
                     "match": "java.text.DateFormat.format(*)",
                     "lineNumber": 86
                  }
               ]
            },
            {
               "fileName": "Oman_Loyalty_war.ear/Oman_Loyalty.war/WEB-INF/classes/com/sms/SendSMS.class",
               "details": [
                  {
                     "reference": "Method sendSMS",
                     "match": "java.text.DateFormat.format(*)",
                     "lineNumber": 282
                  },
                  {
                     "reference": "Method sendSMS",
                     "match": "java.text.DateFormat.format(*)",
                     "lineNumber": 441
                  }
               ]
            },
            {
               "fileName": "Oman_Loyalty_war.ear/Oman_Loyalty.war/WEB-INF/lib/sapidoc3.jar/com/sap/conn/idoc/rt/ErrorTrace.class",
               "details": [
                  {
                     "reference": "Method trace",
                     "match": "java.text.DateFormat.format(*)",
                     "lineNumber": 147
                  }
               ]
            },
            {
               "fileName": "Oman_Loyalty_war.ear/Oman_Loyalty.war/WEB-INF/lib/sapidoc3.jar/com/sap/conn/idoc/rt/util/SyncDateFormat.class",
               "details": [
                  {
                     "reference": "Method format",
                     "match": "java.text.SimpleDateFormat.format(*)",
                     "lineNumber": 50
                  }
               ]
            },
            {
               "fileName": "Oman_Loyalty_war.ear/Oman_Loyalty.war/WEB-INF/lib/sapjco3.jar/com/sap/conn/jco/rt/JCoRuntime.class",
               "details": [
                  {
                     "reference": "Method setPropertyValue",
                     "match": "java.text.DateFormat.format(*)",
                     "lineNumber": 851
                  }
               ]
            },
            {
               "fileName": "Oman_Loyalty_war.ear/Oman_Loyalty.war/WEB-INF/lib/sapjco3.jar/com/sap/conn/jco/rt/MiddlewareJavaRfc.class",
               "details": [
                  {
                     "reference": "Method setProperty",
                     "match": "java.text.DateFormat.format(*)",
                     "lineNumber": 440
                  }
               ]
            },
            {
               "fileName": "Oman_Loyalty_war.ear/Oman_Loyalty.war/WEB-INF/lib/sapjco3.jar/com/sap/conn/jco/util/ErrorTrace.class",
               "details": [
                  {
                     "reference": "Method trace",
                     "match": "java.text.DateFormat.format(*)",
                     "lineNumber": 146
                  }
               ]
            },
            {
               "fileName": "Oman_Loyalty_war.ear/Oman_Loyalty.war/WEB-INF/lib/sapjco3.jar/com/sap/conn/jco/util/SyncDateFormat.class",
               "details": [
                  {
                     "reference": "Method format",
                     "match": "java.text.SimpleDateFormat.format(*)",
                     "lineNumber": 47
                  }
               ]
            },
            {
               "fileName": "Oman_Loyalty_war.ear/Oman_Loyalty.war/WEB-INF/lib/sapjco3.jar/com/sap/tc/logging/LogRecord.class",
               "details": [
                  {
                     "reference": "Method formatTime",
                     "match": "java.text.DateFormat.format(*)",
                     "lineNumber": 1242
                  }
               ]
            },
            {
               "fileName": "Oman_Loyalty_war.ear/Oman_Loyalty.war/WEB-INF/lib/sapjco3.jar/com/sap/tc/logging/tools/lv/LVFormatter.class",
               "details": [
                  {
                     "reference": "Method format",
                     "match": "java.text.SimpleDateFormat.format(*)",
                     "lineNumber": 53
                  },
                  {
                     "reference": "Method format",
                     "match": "java.text.SimpleDateFormat.format(*)",
                     "lineNumber": 57
                  }
               ]
            }
         ]
      },
      {
         "ruleName": "Check for compatibility when using system modules",
         "ruleId": "SystemLoadLibrary",
         "severity": "Warning",
         "category": "All application servers",
         "results": [
            {
               "fileName": "Oman_Loyalty_war.ear/Oman_Loyalty.war/WEB-INF/lib/ngdbc.jar/com/sap/db/jdbc/Driver.class",
               "details": [
                  {
                     "reference": "Method loadNativeAuthentication",
                     "match": "java.lang.System.loadLibrary(*)",
                     "lineNumber": 1279
                  }
               ]
            },
            {
               "fileName": "Oman_Loyalty_war.ear/Oman_Loyalty.war/WEB-INF/lib/sapjco3.jar/com/sap/conn/jco/rt/DefaultJCoRuntime.class",
               "details": [
                  {
                     "reference": "Method loadLibrary",
                     "match": "java.lang.System.loadLibrary(*)",
                     "lineNumber": 425
                  }
               ]
            },
            {
               "fileName": "Oman_Loyalty_war.ear/Oman_Loyalty.war/WEB-INF/lib/sapjco3.jar/com/sap/i18n/cp/ConverterJNI.class",
               "details": [
                  {
                     "reference": "Method loadLibrary",
                     "match": "java.lang.System.loadLibrary(*)",
                     "lineNumber": 554
                  }
               ]
            }
         ]
      },
      {
         "ruleName": "Databases",
         "ruleId": "DatabasesSQLRule",
         "severity": "Warning",
         "category": "Technology connectivity considerations for IBM Cloud",
         "results": [
            {
               "fileName": "Oman_Loyalty_war.ear/Oman_Loyalty.war/WEB-INF/classes/com/oman/consumer/Dealer.class",
               "details": [
                  {
                     "reference": "Method getPrefDealer",
                     "match": "java.sql",
                     "lineNumber": 80
                  }
               ]
            },
            {
               "fileName": "Oman_Loyalty_war.ear/Oman_Loyalty.war/WEB-INF/lib/ngdbc.jar/com/sap/db/jdbc/CallableStatementSapDB.class",
               "details": [
                  {
                     "reference": "Class implements",
                     "match": "java.sql",
                     "lineNumber": 0
                  }
               ]
            }
         ]
      },
      {
         "ruleName": "Do not start unmanaged threads within the web or EJB container",
         "ruleId": "CreateThreadMethodsInWebOrEjbProject",
         "severity": "Warning",
         "category": "All application servers",
         "results": [
            {
               "fileName": "Oman_Loyalty_war.ear/Oman_Loyalty.war/WEB-INF/lib/sapjco3.jar/com/sap/conn/jco/rt/AutoJobRunner.class",
               "details": [
                  {
                     "reference": "Method initialize",
                     "match": "java.lang.Thread.start(*)",
                     "lineNumber": 23
                  }
               ]
            },
            {
               "fileName": "Oman_Loyalty_war.ear/Oman_Loyalty.war/WEB-INF/lib/sapjco3.jar/com/sap/conn/jco/rt/DefaultServerManager$DefaultRunnableStarter.class",
               "details": [
                  {
                     "reference": "Method start",
                     "match": "java.lang.Thread.start(*)",
                     "lineNumber": 338
                  }
               ]
            },
            {
               "fileName": "Oman_Loyalty_war.ear/Oman_Loyalty.war/WEB-INF/lib/sapjco3.jar/com/sap/conn/jco/rt/DefaultServerManager.class",
               "details": [
                  {
                     "reference": "Method addServer",
                     "match": "java.lang.Thread.start(*)",
                     "lineNumber": 140
                  }
               ]
            }
         ]
      },
      {
         "ruleName": "Handling application configuration in Docker containers",
         "ruleId": "DetectPropertiesFiles",
         "severity": "Warning",
         "category": "Docker (IBM Cloud Kubernetes Service)",
         "results": [
            {
               "fileName": "Oman_Loyalty_war.ear/Oman_Loyalty.war/WEB-INF/lib/ngdbc.jar/com/sap/db/jdbc/messages.properties",
               "details": [
                  {
                     "reference": null,
                     "match": "(.*)?\\.properties",
                     "lineNumber": 0
                  }
               ]
            },
            {
               "fileName": "Oman_Loyalty_war.ear/Oman_Loyalty.war/WEB-INF/lib/ngdbc.jar/com/sap/db/util/TraceConfiguration.class",
               "details": [
                  {
                     "reference": "Method loadTraceSettings",
                     "match": "java.util.Properties.load(*)",
                     "lineNumber": 190
                  }
               ]
            },
            {
               "fileName": "Oman_Loyalty_war.ear/Oman_Loyalty.war/WEB-INF/lib/sapidoc3.jar/com/sap/conn/idoc/jco/package-version.properties",
               "details": [
                  {
                     "reference": null,
                     "match": "(.*)?\\.properties",
                     "lineNumber": 0
                  }
               ]
            },
            {
               "fileName": "Oman_Loyalty_war.ear/Oman_Loyalty.war/WEB-INF/lib/sapidoc3.jar/com/sap/conn/idoc/package-version.properties",
               "details": [
                  {
                     "reference": null,
                     "match": "(.*)?\\.properties",
                     "lineNumber": 0
                  }
               ]
            },
            {
               "fileName": "Oman_Loyalty_war.ear/Oman_Loyalty.war/WEB-INF/lib/sapidoc3.jar/com/sap/conn/idoc/rt/cp/package-version.properties",
               "details": [
                  {
                     "reference": null,
                     "match": "(.*)?\\.properties",
                     "lineNumber": 0
                  }
               ]
            },
            {
               "fileName": "Oman_Loyalty_war.ear/Oman_Loyalty.war/WEB-INF/lib/sapidoc3.jar/com/sap/conn/idoc/rt/package-version.properties",
               "details": [
                  {
                     "reference": null,
                     "match": "(.*)?\\.properties",
                     "lineNumber": 0
                  }
               ]
            },
            {
               "fileName": "Oman_Loyalty_war.ear/Oman_Loyalty.war/WEB-INF/lib/sapidoc3.jar/com/sap/conn/idoc/rt/record/impl/package-version.properties",
               "details": [
                  {
                     "reference": null,
                     "match": "(.*)?\\.properties",
                     "lineNumber": 0
                  }
               ]
            },
            {
               "fileName": "Oman_Loyalty_war.ear/Oman_Loyalty.war/WEB-INF/lib/sapidoc3.jar/com/sap/conn/idoc/rt/record/package-version.properties",
               "details": [
                  {
                     "reference": null,
                     "match": "(.*)?\\.properties",
                     "lineNumber": 0
                  }
               ]
            },
            {
               "fileName": "Oman_Loyalty_war.ear/Oman_Loyalty.war/WEB-INF/lib/sapidoc3.jar/com/sap/conn/idoc/rt/trace/package-version.properties",
               "details": [
                  {
                     "reference": null,
                     "match": "(.*)?\\.properties",
                     "lineNumber": 0
                  }
               ]
            },
            {
               "fileName": "Oman_Loyalty_war.ear/Oman_Loyalty.war/WEB-INF/lib/sapidoc3.jar/com/sap/conn/idoc/rt/util/package-version.properties",
               "details": [
                  {
                     "reference": null,
                     "match": "(.*)?\\.properties",
                     "lineNumber": 0
                  }
               ]
            },
            {
               "fileName": "Oman_Loyalty_war.ear/Oman_Loyalty.war/WEB-INF/lib/sapidoc3.jar/com/sap/conn/idoc/rt/xml/package-version.properties",
               "details": [
                  {
                     "reference": null,
                     "match": "(.*)?\\.properties",
                     "lineNumber": 0
                  }
               ]
            },
            {
               "fileName": "Oman_Loyalty_war.ear/Oman_Loyalty.war/WEB-INF/lib/sapjco3.jar/com/sap/conn/jco/rt/FileDestinationsDataProvider.class",
               "details": [
                  {
                     "reference": "Method loadProperties",
                     "match": "java.util.Properties.load(*)",
                     "lineNumber": 98
                  }
               ]
            },
            {
               "fileName": "Oman_Loyalty_war.ear/Oman_Loyalty.war/WEB-INF/lib/sapjco3.jar/com/sap/conn/jco/support/SimpleDataProviderImpl.class",
               "details": [
                  {
                     "reference": "Method getDestinationProperties",
                     "match": "java.util.Properties.load(*)",
                     "lineNumber": 80
                  },
                  {
                     "reference": "Method getServerProperties",
                     "match": "java.util.Properties.load(*)",
                     "lineNumber": 117
                  }
               ]
            },
            {
               "fileName": "Oman_Loyalty_war.ear/Oman_Loyalty.war/WEB-INF/lib/sapjco3.jar/com/sap/tc/logging/PropertiesConfigurator.class",
               "details": [
                  {
                     "reference": "Method configure",
                     "match": "java.util.Properties.load(*)",
                     "lineNumber": 529
                  }
               ]
            }
         ]
      },
      {
         "ruleName": "JavaMail server",
         "ruleId": "MailServerRule",
         "severity": "Warning",
         "category": "Technology connectivity considerations for IBM Cloud",
         "results": [
            {
               "fileName": "Oman_Loyalty_war.ear/Oman_Loyalty.war/WEB-INF/classes/com/oman/serv/LogToFile.class",
               "details": [
                  {
                     "reference": "Constructor",
                     "match": "javax.mail",
                     "lineNumber": 26
                  }
               ]
            }
         ]
      },
      {
         "ruleName": "Managing data inside and between Docker containers",
         "ruleId": "FileSystemRule",
         "severity": "Warning",
         "category": "Docker (IBM Cloud Kubernetes Service)",
         "results": [
            {
               "fileName": "Oman_Loyalty_war.ear/Oman_Loyalty.war/WEB-INF/classes/com/oman/serv/LogToFile.class",
               "details": [
                  {
                     "reference": "Method writeToFile",
                     "match": "java.io.FileWriter",
                     "lineNumber": 208
                  },
                  {
                     "reference": "Method writeToFile",
                     "match": "java.io.FileWriter",
                     "lineNumber": 212
                  },
                  {
                     "reference": "Method writeToFile",
                     "match": "java.io.FileWriter",
                     "lineNumber": 217
                  }
               ]
            },
            {
               "fileName": "Oman_Loyalty_war.ear/Oman_Loyalty.war/WEB-INF/classes/com/sms/SendSMS.class",
               "details": [
                  {
                     "reference": "Method sendSMS",
                     "match": "java.io.FileWriter",
                     "lineNumber": 452
                  },
                  {
                     "reference": "Method sendSMS",
                     "match": "java.io.FileWriter",
                     "lineNumber": 456
                  },
                  {
                     "reference": "Method sendSMS",
                     "match": "java.io.FileWriter",
                     "lineNumber": 495
                  }
               ]
            },
            {
               "fileName": "Oman_Loyalty_war.ear/Oman_Loyalty.war/WEB-INF/lib/ngdbc.jar/com/sap/db/util/TraceConfiguration.class",
               "details": [
                  {
                     "reference": "Method saveTraceSettings",
                     "match": "java.io.FileOutputStream",
                     "lineNumber": 241
                  }
               ]
            },
            {
               "fileName": "Oman_Loyalty_war.ear/Oman_Loyalty.war/WEB-INF/lib/ngdbc.jar/com/sap/db/util/Tracer.class",
               "details": [
                  {
                     "reference": "Method printNoSyn",
                     "match": "java.io.RandomAccessFile.write(*)",
                     "lineNumber": 233
                  },
                  {
                     "reference": "Method printNoSyn",
                     "match": "java.io.RandomAccessFile.writeBytes(*)",
                     "lineNumber": 245
                  },
                  {
                     "reference": "Method writeUTF",
                     "match": "java.io.RandomAccessFile.write(*)",
                     "lineNumber": 217
                  }
               ]
            },
            {
               "fileName": "Oman_Loyalty_war.ear/Oman_Loyalty.war/WEB-INF/lib/sapidoc3.jar/com/sap/conn/idoc/rt/DefaultTrace.class",
               "details": [
                  {
                     "reference": "Method createNewFile",
                     "match": "java.io.FileOutputStream",
                     "lineNumber": 134
                  },
                  {
                     "reference": "Method createNewFile",
                     "match": "java.io.FileOutputStream",
                     "lineNumber": 137
                  },
                  {
                     "reference": "Method createNewFile",
                     "match": "java.io.FileOutputStream",
                     "lineNumber": 141
                  },
                  {
                     "reference": "Method createNewFile",
                     "match": "java.io.FileOutputStream",
                     "lineNumber": 147
                  }
               ]
            },
            {
               "fileName": "Oman_Loyalty_war.ear/Oman_Loyalty.war/WEB-INF/lib/sapidoc3.jar/com/sap/conn/idoc/rt/ErrorTrace.class",
               "details": [
                  {
                     "reference": "Method openFile",
                     "match": "java.io.FileOutputStream",
                     "lineNumber": 83
                  },
                  {
                     "reference": "Method openFile",
                     "match": "java.io.FileOutputStream",
                     "lineNumber": 86
                  },
                  {
                     "reference": "Method openFile",
                     "match": "java.io.FileOutputStream",
                     "lineNumber": 90
                  },
                  {
                     "reference": "Method openFile",
                     "match": "java.io.FileOutputStream",
                     "lineNumber": 95
                  }
               ]
            },
            {
               "fileName": "Oman_Loyalty_war.ear/Oman_Loyalty.war/WEB-INF/lib/sapjco3.jar/com/sap/conn/jco/support/SimpleDataProviderImpl.class",
               "details": [
                  {
                     "reference": "Method saveAll",
                     "match": "java.io.FileOutputStream",
                     "lineNumber": 196
                  },
                  {
                     "reference": "Method saveAll",
                     "match": "java.io.FileOutputStream",
                     "lineNumber": 208
                  },
                  {
                     "reference": "Method saveAll",
                     "match": "java.io.FileOutputStream",
                     "lineNumber": 216
                  }
               ]
            },
            {
               "fileName": "Oman_Loyalty_war.ear/Oman_Loyalty.war/WEB-INF/lib/sapjco3.jar/com/sap/conn/jco/support/TidManager.class",
               "details": [
                  {
                     "reference": "Constructor",
                     "match": "java.io.RandomAccessFile.write(*)",
                     "lineNumber": 32
                  },
                  {
                     "reference": "Method update_TID",
                     "match": "java.io.RandomAccessFile.write(*)",
                     "lineNumber": 98
                  },
                  {
                     "reference": "Method update_TID",
                     "match": "java.io.RandomAccessFile.write(*)",
                     "lineNumber": 104
                  }
               ]
            },
            {
               "fileName": "Oman_Loyalty_war.ear/Oman_Loyalty.war/WEB-INF/lib/sapjco3.jar/com/sap/conn/jco/util/DefaultTrace.class",
               "details": [
                  {
                     "reference": "Method createNewFile",
                     "match": "java.io.FileOutputStream",
                     "lineNumber": 92
                  },
                  {
                     "reference": "Method createNewFile",
                     "match": "java.io.FileOutputStream",
                     "lineNumber": 95
                  },
                  {
                     "reference": "Method createNewFile",
                     "match": "java.io.FileOutputStream",
                     "lineNumber": 99
                  },
                  {
                     "reference": "Method createNewFile",
                     "match": "java.io.FileOutputStream",
                     "lineNumber": 105
                  }
               ]
            },
            {
               "fileName": "Oman_Loyalty_war.ear/Oman_Loyalty.war/WEB-INF/lib/sapjco3.jar/com/sap/conn/jco/util/ErrorTrace.class",
               "details": [
                  {
                     "reference": "Method openFile",
                     "match": "java.io.FileOutputStream",
                     "lineNumber": 97
                  },
                  {
                     "reference": "Method openFile",
                     "match": "java.io.FileOutputStream",
                     "lineNumber": 100
                  },
                  {
                     "reference": "Method openFile",
                     "match": "java.io.FileOutputStream",
                     "lineNumber": 103
                  },
                  {
                     "reference": "Method openFile",
                     "match": "java.io.FileOutputStream",
                     "lineNumber": 108
                  }
               ]
            },
            {
               "fileName": "Oman_Loyalty_war.ear/Oman_Loyalty.war/WEB-INF/lib/sapjco3.jar/com/sap/conn/rfc/engine/DefaultRfcTraceWriter$TraceWriterFactory.class",
               "details": [
                  {
                     "reference": "Constructor",
                     "match": "java.io.FileWriter",
                     "lineNumber": 279
                  },
                  {
                     "reference": "Field currentFileWriter",
                     "match": "java.io.FileWriter",
                     "lineNumber": 0
                  },
                  {
                     "reference": "Method closeTrace",
                     "match": "java.io.FileWriter",
                     "lineNumber": 374
                  },
                  {
                     "reference": "Method closeTrace",
                     "match": "java.io.FileWriter",
                     "lineNumber": 376
                  },
                  {
                     "reference": "Method closeTrace",
                     "match": "java.io.FileWriter",
                     "lineNumber": 377
                  },
                  {
                     "reference": "Method getWriter",
                     "match": "java.io.FileWriter",
                     "lineNumber": 343
                  },
                  {
                     "reference": "Method getWriter",
                     "match": "java.io.FileWriter",
                     "lineNumber": 344
                  },
                  {
                     "reference": "Method getWriter",
                     "match": "java.io.FileWriter",
                     "lineNumber": 345
                  },
                  {
                     "reference": "Method getWriter",
                     "match": "java.io.FileWriter",
                     "lineNumber": 349
                  },
                  {
                     "reference": "Method getWriter",
                     "match": "java.io.FileWriter",
                     "lineNumber": 351
                  },
                  {
                     "reference": "Method getWriter",
                     "match": "java.io.FileWriter",
                     "lineNumber": 352
                  },
                  {
                     "reference": "Method getWriter",
                     "match": "java.io.FileWriter",
                     "lineNumber": 355
                  },
                  {
                     "reference": "Method getWriter - Method return type",
                     "match": "java.io.FileWriter",
                     "lineNumber": 0
                  },
                  {
                     "reference": "Method write",
                     "match": "java.io.FileWriter",
                     "lineNumber": 388
                  },
                  {
                     "reference": "Method write",
                     "match": "java.io.FileWriter",
                     "lineNumber": 394
                  },
                  {
                     "reference": "Method write",
                     "match": "java.io.FileWriter",
                     "lineNumber": 395
                  },
                  {
                     "reference": "Method write",
                     "match": "java.io.FileWriter",
                     "lineNumber": 401
                  }
               ]
            },
            {
               "fileName": "Oman_Loyalty_war.ear/Oman_Loyalty.war/WEB-INF/lib/sapjco3.jar/com/sap/conn/rfc/engine/DefaultRfcTraceWriter.class",
               "details": [
                  {
                     "reference": "Field m_errorTraceFile",
                     "match": "java.io.FileWriter",
                     "lineNumber": 0
                  },
                  {
                     "reference": "Method criticalTrace",
                     "match": "java.io.FileWriter",
                     "lineNumber": 98
                  },
                  {
                     "reference": "Method openErrorTrace",
                     "match": "java.io.FileWriter",
                     "lineNumber": 108
                  },
                  {
                     "reference": "Method openErrorTrace",
                     "match": "java.io.FileWriter",
                     "lineNumber": 135
                  },
                  {
                     "reference": "Method openErrorTrace",
                     "match": "java.io.FileWriter",
                     "lineNumber": 136
                  },
                  {
                     "reference": "Method openErrorTrace",
                     "match": "java.io.FileWriter",
                     "lineNumber": 137
                  },
                  {
                     "reference": "Method openErrorTrace",
                     "match": "java.io.FileWriter",
                     "lineNumber": 142
                  },
                  {
                     "reference": "Method writeInErrorTrace",
                     "match": "java.io.FileWriter",
                     "lineNumber": 164
                  },
                  {
                     "reference": "Method writeInErrorTrace",
                     "match": "java.io.FileWriter",
                     "lineNumber": 166
                  },
                  {
                     "reference": "Method writeInErrorTrace",
                     "match": "java.io.FileWriter",
                     "lineNumber": 167
                  },
                  {
                     "reference": "Method writeInErrorTrace",
                     "match": "java.io.FileWriter",
                     "lineNumber": 168
                  },
                  {
                     "reference": "Method writeInErrorTrace",
                     "match": "java.io.FileWriter",
                     "lineNumber": 243
                  },
                  {
                     "reference": "Method writeInErrorTrace",
                     "match": "java.io.FileWriter",
                     "lineNumber": 245
                  },
                  {
                     "reference": "Method writeInErrorTrace",
                     "match": "java.io.FileWriter",
                     "lineNumber": 246
                  }
               ]
            },
            {
               "fileName": "Oman_Loyalty_war.ear/Oman_Loyalty.war/WEB-INF/lib/sapjco3.jar/com/sap/tc/logging/FileLog.class",
               "details": [
                  {
                     "reference": "Method openFileInt",
                     "match": "java.io.FileOutputStream",
                     "lineNumber": 1198
                  }
               ]
            },
            {
               "fileName": "Oman_Loyalty_war.ear/Oman_Loyalty.war/WEB-INF/lib/sapjco3.jar/com/sap/tc/logging/tools/lv/LVReader.class",
               "details": [
                  {
                     "reference": "Method init",
                     "match": "java.io.FileWriter",
                     "lineNumber": 107
                  }
               ]
            }
         ]
      },
      {
         "ruleName": "OSGi bundles might need explicit package imports",
         "ruleId": "OSGiImportRule",
         "severity": "Severe",
         "category": "WebSphere traditional to Liberty",
         "results": [
            {
               "fileName": "Oman_Loyalty_war.ear/Oman_Loyalty.war/WEB-INF/lib/ngdbc.jar/com/sap/db/jdbcext/AbstractRowSetSAP.class",
               "details": [
                  {
                     "reference": "Method addRowSetListener - Method parameter",
                     "match": "javax.sql",
                     "lineNumber": 0
                  },
                  {
                     "reference": "Method notifyCursorMoved",
                     "match": "javax.sql",
                     "lineNumber": 189
                  },
                  {
                     "reference": "Method notifyCursorMoved",
                     "match": "javax.sql",
                     "lineNumber": 193
                  },
                  {
                     "reference": "Method notifyCursorMoved",
                     "match": "javax.sql",
                     "lineNumber": 194
                  },
                  {
                     "reference": "Method notifyCursorMoved",
                     "match": "javax.sql",
                     "lineNumber": 198
                  },
                  {
                     "reference": "Method notifyRowChanged",
                     "match": "javax.sql",
                     "lineNumber": 204
                  },
                  {
                     "reference": "Method notifyRowChanged",
                     "match": "javax.sql",
                     "lineNumber": 208
                  },
                  {
                     "reference": "Method notifyRowChanged",
                     "match": "javax.sql",
                     "lineNumber": 209
                  },
                  {
                     "reference": "Method notifyRowChanged",
                     "match": "javax.sql",
                     "lineNumber": 213
                  },
                  {
                     "reference": "Method notifyRowSetChanged",
                     "match": "javax.sql",
                     "lineNumber": 219
                  },
                  {
                     "reference": "Method notifyRowSetChanged",
                     "match": "javax.sql",
                     "lineNumber": 223
                  },
                  {
                     "reference": "Method notifyRowSetChanged",
                     "match": "javax.sql",
                     "lineNumber": 224
                  },
                  {
                     "reference": "Method notifyRowSetChanged",
                     "match": "javax.sql",
                     "lineNumber": 228
                  },
                  {
                     "reference": "Method removeRowSetListener - Method parameter",
                     "match": "javax.sql",
                     "lineNumber": 0
                  }
               ]
            },
            {
               "fileName": "Oman_Loyalty_war.ear/Oman_Loyalty.war/WEB-INF/lib/ngdbc.jar/com/sap/db/jdbcext/ConnectionListenerBag.class",
               "details": [
                  {
                     "reference": "Method addConnectionEventListener - Method parameter",
                     "match": "javax.sql",
                     "lineNumber": 0
                  },
                  {
                     "reference": "Method addStatementEventListener - Method parameter",
                     "match": "javax.sql",
                     "lineNumber": 0
                  },
                  {
                     "reference": "Method removeConnectionEventListener - Method parameter",
                     "match": "javax.sql",
                     "lineNumber": 0
                  },
                  {
                     "reference": "Method removeStatementEventListener - Method parameter",
                     "match": "javax.sql",
                     "lineNumber": 0
                  },
                  {
                     "reference": "Method sendCloseEvent",
                     "match": "javax.sql",
                     "lineNumber": 36
                  },
                  {
                     "reference": "Method sendCloseEvent",
                     "match": "javax.sql",
                     "lineNumber": 39
                  },
                  {
                     "reference": "Method sendCloseEvent",
                     "match": "javax.sql",
                     "lineNumber": 40
                  },
                  {
                     "reference": "Method sendCloseEvent",
                     "match": "javax.sql",
                     "lineNumber": 43
                  },
                  {
                     "reference": "Method sendCloseEvent",
                     "match": "javax.sql",
                     "lineNumber": 52
                  },
                  {
                     "reference": "Method sendCloseEvent - Method parameter",
                     "match": "javax.sql",
                     "lineNumber": 0
                  },
                  {
                     "reference": "Method sendErrorEvent",
                     "match": "javax.sql",
                     "lineNumber": 63
                  },
                  {
                     "reference": "Method sendErrorEvent",
                     "match": "javax.sql",
                     "lineNumber": 67
                  },
                  {
                     "reference": "Method sendErrorEvent",
                     "match": "javax.sql",
                     "lineNumber": 68
                  },
                  {
                     "reference": "Method sendErrorEvent",
                     "match": "javax.sql",
                     "lineNumber": 71
                  },
                  {
                     "reference": "Method sendErrorEvent",
                     "match": "javax.sql",
                     "lineNumber": 81
                  },
                  {
                     "reference": "Method sendErrorEvent - Method parameter",
                     "match": "javax.sql",
                     "lineNumber": 0
                  }
               ]
            },
            {
               "fileName": "Oman_Loyalty_war.ear/Oman_Loyalty.war/WEB-INF/lib/ngdbc.jar/com/sap/db/jdbcext/ConnectionPoolDataSourceSAP.class",
               "details": [
                  {
                     "reference": "Class implements",
                     "match": "javax.sql",
                     "lineNumber": 0
                  },
                  {
                     "reference": "Method getPooledConnection - Method return type",
                     "match": "javax.sql",
                     "lineNumber": 0
                  }
               ]
            },
            {
               "fileName": "Oman_Loyalty_war.ear/Oman_Loyalty.war/WEB-INF/lib/ngdbc.jar/com/sap/db/jdbcext/DataSourceSAP.class",
               "details": [
                  {
                     "reference": "Class implements",
                     "match": "javax.sql",
                     "lineNumber": 0
                  }
               ]
            },
            {
               "fileName": "Oman_Loyalty_war.ear/Oman_Loyalty.war/WEB-INF/lib/ngdbc.jar/com/sap/db/jdbcext/JDBCRowSetSAP.class",
               "details": [
                  {
                     "reference": "Class implements",
                     "match": "javax.sql",
                     "lineNumber": 0
                  },
                  {
                     "reference": "Method connect",
                     "match": "javax.sql",
                     "lineNumber": 113
                  },
                  {
                     "reference": "Method connect",
                     "match": "javax.sql",
                     "lineNumber": 114
                  },
                  {
                     "reference": "Method connect",
                     "match": "javax.sql",
                     "lineNumber": 123
                  }
               ]
            },
            {
               "fileName": "Oman_Loyalty_war.ear/Oman_Loyalty.war/WEB-INF/lib/ngdbc.jar/com/sap/db/jdbcext/PooledConnectionSAP.class",
               "details": [
                  {
                     "reference": "Class implements",
                     "match": "javax.sql",
                     "lineNumber": 0
                  },
                  {
                     "reference": "Method sendCloseEvent",
                     "match": "javax.sql",
                     "lineNumber": 45
                  },
                  {
                     "reference": "Method sendCloseEvent",
                     "match": "javax.sql",
                     "lineNumber": 50
                  },
                  {
                     "reference": "Method sendErrorEvent",
                     "match": "javax.sql",
                     "lineNumber": 35
                  },
                  {
                     "reference": "Method sendErrorEvent",
                     "match": "javax.sql",
                     "lineNumber": 40
                  }
               ]
            },
            {
               "fileName": "Oman_Loyalty_war.ear/Oman_Loyalty.war/WEB-INF/lib/ngdbc.jar/com/sap/db/jdbcext/StatementEventListenerHelper.class",
               "details": [
                  {
                     "reference": "Method sendCloseEvent",
                     "match": "javax.sql",
                     "lineNumber": 31
                  },
                  {
                     "reference": "Method sendCloseEvent",
                     "match": "javax.sql",
                     "lineNumber": 35
                  },
                  {
                     "reference": "Method sendCloseEvent",
                     "match": "javax.sql",
                     "lineNumber": 37
                  },
                  {
                     "reference": "Method sendCloseEvent",
                     "match": "javax.sql",
                     "lineNumber": 40
                  },
                  {
                     "reference": "Method sendCloseEvent - Method parameter",
                     "match": "javax.sql",
                     "lineNumber": 0
                  },
                  {
                     "reference": "Method sendErrorEvent",
                     "match": "javax.sql",
                     "lineNumber": 17
                  },
                  {
                     "reference": "Method sendErrorEvent",
                     "match": "javax.sql",
                     "lineNumber": 21
                  },
                  {
                     "reference": "Method sendErrorEvent",
                     "match": "javax.sql",
                     "lineNumber": 23
                  },
                  {
                     "reference": "Method sendErrorEvent",
                     "match": "javax.sql",
                     "lineNumber": 26
                  },
                  {
                     "reference": "Method sendErrorEvent - Method parameter",
                     "match": "javax.sql",
                     "lineNumber": 0
                  }
               ]
            }
         ]
      },
      {
         "ruleName": "The Apache HTTP client API was removed",
         "ruleId": "ApacheHTTPRule",
         "severity": "Severe",
         "category": "WebSphere version migration / V8.0, V8.5 and V9.0 migration",
         "results": [
            {
               "fileName": "Oman_Loyalty_war.ear/Oman_Loyalty.war/WEB-INF/classes/com/oman/consumer/Dealer.class",
               "details": [
                  {
                     "reference": "Method addPrefDealer",
                     "match": "org.apache.http",
                     "lineNumber": 679
                  },
                  {
                     "reference": "Method addPrefDealer",
                     "match": "org.apache.http",
                     "lineNumber": 684
                  },
                  {
                     "reference": "Method addPrefDealer",
                     "match": "org.apache.http",
                     "lineNumber": 685
                  },
                  {
                     "reference": "Method addPrefDealer",
                     "match": "org.apache.http",
                     "lineNumber": 782
                  },
                  {
                     "reference": "Method addPrefDealer",
                     "match": "org.apache.http.client",
                     "lineNumber": 684
                  },
                  {
                     "reference": "Method addPrefDealer",
                     "match": "org.apache.http.client",
                     "lineNumber": 782
                  },
                  {
                     "reference": "Method addPrefDealer",
                     "match": "org.apache.http.client.methods",
                     "lineNumber": 664
                  },
                  {
                     "reference": "Method addPrefDealer",
                     "match": "org.apache.http.client.methods",
                     "lineNumber": 665
                  },
                  {
                     "reference": "Method addPrefDealer",
                     "match": "org.apache.http.client.methods",
                     "lineNumber": 666
                  },
                  {
                     "reference": "Method addPrefDealer",
                     "match": "org.apache.http.client.methods",
                     "lineNumber": 667
                  },
                  {
                     "reference": "Method addPrefDealer",
                     "match": "org.apache.http.client.methods",
                     "lineNumber": 668
                  },
                  {
                     "reference": "Method addPrefDealer",
                     "match": "org.apache.http.client.methods",
                     "lineNumber": 679
                  },
                  {
                     "reference": "Method addPrefDealer",
                     "match": "org.apache.http.client.methods",
                     "lineNumber": 684
                  },
                  {
                     "reference": "Method addPrefDealer",
                     "match": "org.apache.http.client.methods",
                     "lineNumber": 782
                  },
                  {
                     "reference": "Method addPrefDealer",
                     "match": "org.apache.http.entity",
                     "lineNumber": 673
                  },
                  {
                     "reference": "Method addPrefDealer",
                     "match": "org.apache.http.impl.client",
                     "lineNumber": 663
                  },
                  {
                     "reference": "Method addPrefDealer",
                     "match": "org.apache.http.util",
                     "lineNumber": 685
                  }
               ]
            },
            {
               "fileName": "Oman_Loyalty_war.ear/Oman_Loyalty.war/WEB-INF/classes/com/oman/consumer/Login.class",
               "details": [
                  {
                     "reference": "Method bpcheck",
                     "match": "org.apache.http",
                     "lineNumber": 169
                  },
                  {
                     "reference": "Method bpcheck",
                     "match": "org.apache.http",
                     "lineNumber": 170
                  },
                  {
                     "reference": "Method bpcheck",
                     "match": "org.apache.http",
                     "lineNumber": 543
                  },
                  {
                     "reference": "Method bpcheck",
                     "match": "org.apache.http.client",
                     "lineNumber": 169
                  },
                  {
                     "reference": "Method bpcheck",
                     "match": "org.apache.http.client",
                     "lineNumber": 543
                  },
                  {
                     "reference": "Method bpcheck",
                     "match": "org.apache.http.client.methods",
                     "lineNumber": 149
                  },
                  {
                     "reference": "Method bpcheck",
                     "match": "org.apache.http.client.methods",
                     "lineNumber": 150
                  },
                  {
                     "reference": "Method bpcheck",
                     "match": "org.apache.http.client.methods",
                     "lineNumber": 151
                  },
                  {
                     "reference": "Method bpcheck",
                     "match": "org.apache.http.client.methods",
                     "lineNumber": 152
                  },
                  {
                     "reference": "Method bpcheck",
                     "match": "org.apache.http.client.methods",
                     "lineNumber": 153
                  },
                  {
                     "reference": "Method bpcheck",
                     "match": "org.apache.http.client.methods",
                     "lineNumber": 169
                  },
                  {
                     "reference": "Method bpcheck",
                     "match": "org.apache.http.client.methods",
                     "lineNumber": 543
                  },
                  {
                     "reference": "Method bpcheck",
                     "match": "org.apache.http.impl.client",
                     "lineNumber": 148
                  },
                  {
                     "reference": "Method bpcheck",
                     "match": "org.apache.http.util",
                     "lineNumber": 170
                  }
               ]
            },
            {
               "fileName": "Oman_Loyalty_war.ear/Oman_Loyalty.war/WEB-INF/classes/com/oman/consumer/OmanSMS.class",
               "details": [
                  {
                     "reference": "Method banglaSMS",
                     "match": "org.apache.http",
                     "lineNumber": 248
                  },
                  {
                     "reference": "Method banglaSMS",
                     "match": "org.apache.http",
                     "lineNumber": 253
                  },
                  {
                     "reference": "Method banglaSMS",
                     "match": "org.apache.http",
                     "lineNumber": 254
                  },
                  {
                     "reference": "Method banglaSMS",
                     "match": "org.apache.http",
                     "lineNumber": 306
                  },
                  {
                     "reference": "Method banglaSMS",
                     "match": "org.apache.http.client",
                     "lineNumber": 253
                  },
                  {
                     "reference": "Method banglaSMS",
                     "match": "org.apache.http.client",
                     "lineNumber": 306
                  },
                  {
                     "reference": "Method banglaSMS",
                     "match": "org.apache.http.client.methods",
                     "lineNumber": 237
                  },
                  {
                     "reference": "Method banglaSMS",
                     "match": "org.apache.http.client.methods",
                     "lineNumber": 238
                  },
                  {
                     "reference": "Method banglaSMS",
                     "match": "org.apache.http.client.methods",
                     "lineNumber": 239
                  },
                  {
                     "reference": "Method banglaSMS",
                     "match": "org.apache.http.client.methods",
                     "lineNumber": 248
                  },
                  {
                     "reference": "Method banglaSMS",
                     "match": "org.apache.http.client.methods",
                     "lineNumber": 253
                  },
                  {
                     "reference": "Method banglaSMS",
                     "match": "org.apache.http.client.methods",
                     "lineNumber": 306
                  },
                  {
                     "reference": "Method banglaSMS",
                     "match": "org.apache.http.entity",
                     "lineNumber": 243
                  },
                  {
                     "reference": "Method banglaSMS",
                     "match": "org.apache.http.impl.client",
                     "lineNumber": 236
                  },
                  {
                     "reference": "Method banglaSMS",
                     "match": "org.apache.http.util",
                     "lineNumber": 254
                  }
               ]
            },
            {
               "fileName": "Oman_Loyalty_war.ear/Oman_Loyalty.war/WEB-INF/classes/com/oman/consumer/PointDetails.class",
               "details": [
                  {
                     "reference": "Method getPointsOfUsr",
                     "match": "org.apache.http",
                     "lineNumber": 199
                  },
                  {
                     "reference": "Method getPointsOfUsr",
                     "match": "org.apache.http",
                     "lineNumber": 203
                  },
                  {
                     "reference": "Method getPointsOfUsr",
                     "match": "org.apache.http",
                     "lineNumber": 204
                  },
                  {
                     "reference": "Method getPointsOfUsr",
                     "match": "org.apache.http",
                     "lineNumber": 412
                  },
                  {
                     "reference": "Method getPointsOfUsr",
                     "match": "org.apache.http.client",
                     "lineNumber": 203
                  },
                  {
                     "reference": "Method getPointsOfUsr",
                     "match": "org.apache.http.client",
                     "lineNumber": 412
                  },
                  {
                     "reference": "Method getPointsOfUsr",
                     "match": "org.apache.http.client.methods",
                     "lineNumber": 161
                  },
                  {
                     "reference": "Method getPointsOfUsr",
                     "match": "org.apache.http.client.methods",
                     "lineNumber": 162
                  },
                  {
                     "reference": "Method getPointsOfUsr",
                     "match": "org.apache.http.client.methods",
                     "lineNumber": 163
                  },
                  {
                     "reference": "Method getPointsOfUsr",
                     "match": "org.apache.http.client.methods",
                     "lineNumber": 164
                  },
                  {
                     "reference": "Method getPointsOfUsr",
                     "match": "org.apache.http.client.methods",
                     "lineNumber": 165
                  },
                  {
                     "reference": "Method getPointsOfUsr",
                     "match": "org.apache.http.client.methods",
                     "lineNumber": 199
                  },
                  {
                     "reference": "Method getPointsOfUsr",
                     "match": "org.apache.http.client.methods",
                     "lineNumber": 203
                  },
                  {
                     "reference": "Method getPointsOfUsr",
                     "match": "org.apache.http.client.methods",
                     "lineNumber": 412
                  },
                  {
                     "reference": "Method getPointsOfUsr",
                     "match": "org.apache.http.entity",
                     "lineNumber": 191
                  },
                  {
                     "reference": "Method getPointsOfUsr",
                     "match": "org.apache.http.impl.client",
                     "lineNumber": 160
                  },
                  {
                     "reference": "Method getPointsOfUsr",
                     "match": "org.apache.http.util",
                     "lineNumber": 204
                  }
               ]
            },
            {
               "fileName": "Oman_Loyalty_war.ear/Oman_Loyalty.war/WEB-INF/classes/com/oman/consumer/Product_Category.class",
               "details": [
                  {
                     "reference": "Method loyaltyConfirmVolume",
                     "match": "org.apache.http",
                     "lineNumber": 970
                  },
                  {
                     "reference": "Method loyaltyConfirmVolume",
                     "match": "org.apache.http",
                     "lineNumber": 975
                  },
                  {
                     "reference": "Method loyaltyConfirmVolume",
                     "match": "org.apache.http",
                     "lineNumber": 976
                  },
                  {
                     "reference": "Method loyaltyConfirmVolume",
                     "match": "org.apache.http",
                     "lineNumber": 1064
                  },
                  {
                     "reference": "Method loyaltyConfirmVolume",
                     "match": "org.apache.http.client",
                     "lineNumber": 975
                  },
                  {
                     "reference": "Method loyaltyConfirmVolume",
                     "match": "org.apache.http.client",
                     "lineNumber": 1064
                  },
                  {
                     "reference": "Method loyaltyConfirmVolume",
                     "match": "org.apache.http.client.methods",
                     "lineNumber": 955
                  },
                  {
                     "reference": "Method loyaltyConfirmVolume",
                     "match": "org.apache.http.client.methods",
                     "lineNumber": 956
                  },
                  {
                     "reference": "Method loyaltyConfirmVolume",
                     "match": "org.apache.http.client.methods",
                     "lineNumber": 957
                  },
                  {
                     "reference": "Method loyaltyConfirmVolume",
                     "match": "org.apache.http.client.methods",
                     "lineNumber": 958
                  },
                  {
                     "reference": "Method loyaltyConfirmVolume",
                     "match": "org.apache.http.client.methods",
                     "lineNumber": 959
                  },
                  {
                     "reference": "Method loyaltyConfirmVolume",
                     "match": "org.apache.http.client.methods",
                     "lineNumber": 970
                  },
                  {
                     "reference": "Method loyaltyConfirmVolume",
                     "match": "org.apache.http.client.methods",
                     "lineNumber": 975
                  },
                  {
                     "reference": "Method loyaltyConfirmVolume",
                     "match": "org.apache.http.client.methods",
                     "lineNumber": 1064
                  },
                  {
                     "reference": "Method loyaltyConfirmVolume",
                     "match": "org.apache.http.entity",
                     "lineNumber": 964
                  },
                  {
                     "reference": "Method loyaltyConfirmVolume",
                     "match": "org.apache.http.impl.client",
                     "lineNumber": 954
                  },
                  {
                     "reference": "Method loyaltyConfirmVolume",
                     "match": "org.apache.http.util",
                     "lineNumber": 976
                  },
                  {
                     "reference": "Method loyaltyGetAvailableVolume",
                     "match": "org.apache.http",
                     "lineNumber": 805
                  },
                  {
                     "reference": "Method loyaltyGetAvailableVolume",
                     "match": "org.apache.http",
                     "lineNumber": 810
                  },
                  {
                     "reference": "Method loyaltyGetAvailableVolume",
                     "match": "org.apache.http",
                     "lineNumber": 811
                  },
                  {
                     "reference": "Method loyaltyGetAvailableVolume",
                     "match": "org.apache.http",
                     "lineNumber": 898
                  },
                  {
                     "reference": "Method loyaltyGetAvailableVolume",
                     "match": "org.apache.http.client",
                     "lineNumber": 810
                  },
                  {
                     "reference": "Method loyaltyGetAvailableVolume",
                     "match": "org.apache.http.client",
                     "lineNumber": 898
                  },
                  {
                     "reference": "Method loyaltyGetAvailableVolume",
                     "match": "org.apache.http.client.methods",
                     "lineNumber": 788
                  },
                  {
                     "reference": "Method loyaltyGetAvailableVolume",
                     "match": "org.apache.http.client.methods",
                     "lineNumber": 789
                  },
                  {
                     "reference": "Method loyaltyGetAvailableVolume",
                     "match": "org.apache.http.client.methods",
                     "lineNumber": 790
                  },
                  {
                     "reference": "Method loyaltyGetAvailableVolume",
                     "match": "org.apache.http.client.methods",
                     "lineNumber": 791
                  },
                  {
                     "reference": "Method loyaltyGetAvailableVolume",
                     "match": "org.apache.http.client.methods",
                     "lineNumber": 792
                  },
                  {
                     "reference": "Method loyaltyGetAvailableVolume",
                     "match": "org.apache.http.client.methods",
                     "lineNumber": 805
                  },
                  {
                     "reference": "Method loyaltyGetAvailableVolume",
                     "match": "org.apache.http.client.methods",
                     "lineNumber": 810
                  },
                  {
                     "reference": "Method loyaltyGetAvailableVolume",
                     "match": "org.apache.http.client.methods",
                     "lineNumber": 898
                  },
                  {
                     "reference": "Method loyaltyGetAvailableVolume",
                     "match": "org.apache.http.entity",
                     "lineNumber": 799
                  },
                  {
                     "reference": "Method loyaltyGetAvailableVolume",
                     "match": "org.apache.http.impl.client",
                     "lineNumber": 762
                  },
                  {
                     "reference": "Method loyaltyGetAvailableVolume",
                     "match": "org.apache.http.util",
                     "lineNumber": 811
                  }
               ]
            },
            {
               "fileName": "Oman_Loyalty_war.ear/Oman_Loyalty.war/WEB-INF/classes/com/oman/consumer/Profile.class",
               "details": [
                  {
                     "reference": "Method getDetailsLoyalty",
                     "match": "org.apache.http",
                     "lineNumber": 204
                  },
                  {
                     "reference": "Method getDetailsLoyalty",
                     "match": "org.apache.http",
                     "lineNumber": 205
                  },
                  {
                     "reference": "Method getDetailsLoyalty",
                     "match": "org.apache.http",
                     "lineNumber": 365
                  },
                  {
                     "reference": "Method getDetailsLoyalty",
                     "match": "org.apache.http.client",
                     "lineNumber": 204
                  },
                  {
                     "reference": "Method getDetailsLoyalty",
                     "match": "org.apache.http.client",
                     "lineNumber": 365
                  },
                  {
                     "reference": "Method getDetailsLoyalty",
                     "match": "org.apache.http.client.methods",
                     "lineNumber": 183
                  },
                  {
                     "reference": "Method getDetailsLoyalty",
                     "match": "org.apache.http.client.methods",
                     "lineNumber": 184
                  },
                  {
                     "reference": "Method getDetailsLoyalty",
                     "match": "org.apache.http.client.methods",
                     "lineNumber": 185
                  },
                  {
                     "reference": "Method getDetailsLoyalty",
                     "match": "org.apache.http.client.methods",
                     "lineNumber": 186
                  },
                  {
                     "reference": "Method getDetailsLoyalty",
                     "match": "org.apache.http.client.methods",
                     "lineNumber": 187
                  },
                  {
                     "reference": "Method getDetailsLoyalty",
                     "match": "org.apache.http.client.methods",
                     "lineNumber": 204
                  },
                  {
                     "reference": "Method getDetailsLoyalty",
                     "match": "org.apache.http.client.methods",
                     "lineNumber": 365
                  },
                  {
                     "reference": "Method getDetailsLoyalty",
                     "match": "org.apache.http.impl.client",
                     "lineNumber": 182
                  },
                  {
                     "reference": "Method getDetailsLoyalty",
                     "match": "org.apache.http.util",
                     "lineNumber": 205
                  }
               ]
            },
            {
               "fileName": "Oman_Loyalty_war.ear/Oman_Loyalty.war/WEB-INF/classes/com/oman/consumer/SendSMS.class",
               "details": [
                  {
                     "reference": "Method sendSMS",
                     "match": "org.apache.http",
                     "lineNumber": 107
                  },
                  {
                     "reference": "Method sendSMS",
                     "match": "org.apache.http",
                     "lineNumber": 110
                  },
                  {
                     "reference": "Method sendSMS",
                     "match": "org.apache.http",
                     "lineNumber": 131
                  },
                  {
                     "reference": "Method sendSMS",
                     "match": "org.apache.http",
                     "lineNumber": 133
                  },
                  {
                     "reference": "Method sendSMS",
                     "match": "org.apache.http",
                     "lineNumber": 137
                  },
                  {
                     "reference": "Method sendSMS",
                     "match": "org.apache.http",
                     "lineNumber": 204
                  },
                  {
                     "reference": "Method sendSMS",
                     "match": "org.apache.http.client",
                     "lineNumber": 110
                  },
                  {
                     "reference": "Method sendSMS",
                     "match": "org.apache.http.client",
                     "lineNumber": 204
                  },
                  {
                     "reference": "Method sendSMS",
                     "match": "org.apache.http.client.methods",
                     "lineNumber": 98
                  },
                  {
                     "reference": "Method sendSMS",
                     "match": "org.apache.http.client.methods",
                     "lineNumber": 107
                  },
                  {
                     "reference": "Method sendSMS",
                     "match": "org.apache.http.client.methods",
                     "lineNumber": 108
                  },
                  {
                     "reference": "Method sendSMS",
                     "match": "org.apache.http.client.methods",
                     "lineNumber": 110
                  },
                  {
                     "reference": "Method sendSMS",
                     "match": "org.apache.http.client.methods",
                     "lineNumber": 204
                  },
                  {
                     "reference": "Method sendSMS",
                     "match": "org.apache.http.entity",
                     "lineNumber": 102
                  },
                  {
                     "reference": "Method sendSMS",
                     "match": "org.apache.http.impl.client",
                     "lineNumber": 97
                  },
                  {
                     "reference": "Method sendSMSGeneric",
                     "match": "org.apache.http",
                     "lineNumber": 241
                  },
                  {
                     "reference": "Method sendSMSGeneric",
                     "match": "org.apache.http",
                     "lineNumber": 262
                  },
                  {
                     "reference": "Method sendSMSGeneric",
                     "match": "org.apache.http",
                     "lineNumber": 264
                  },
                  {
                     "reference": "Method sendSMSGeneric",
                     "match": "org.apache.http",
                     "lineNumber": 268
                  },
                  {
                     "reference": "Method sendSMSGeneric",
                     "match": "org.apache.http",
                     "lineNumber": 335
                  },
                  {
                     "reference": "Method sendSMSGeneric",
                     "match": "org.apache.http.client",
                     "lineNumber": 241
                  },
                  {
                     "reference": "Method sendSMSGeneric",
                     "match": "org.apache.http.client",
                     "lineNumber": 335
                  },
                  {
                     "reference": "Method sendSMSGeneric",
                     "match": "org.apache.http.client.methods",
                     "lineNumber": 238
                  },
                  {
                     "reference": "Method sendSMSGeneric",
                     "match": "org.apache.http.client.methods",
                     "lineNumber": 241
                  },
                  {
                     "reference": "Method sendSMSGeneric",
                     "match": "org.apache.http.client.methods",
                     "lineNumber": 335
                  },
                  {
                     "reference": "Method sendSMSGeneric",
                     "match": "org.apache.http.impl.client",
                     "lineNumber": 237
                  }
               ]
            },
            {
               "fileName": "Oman_Loyalty_war.ear/Oman_Loyalty.war/WEB-INF/classes/com/sms/SendSMS.class",
               "details": [
                  {
                     "reference": "Method sendSMS",
                     "match": "org.apache.http",
                     "lineNumber": 331
                  },
                  {
                     "reference": "Method sendSMS",
                     "match": "org.apache.http",
                     "lineNumber": 336
                  },
                  {
                     "reference": "Method sendSMS",
                     "match": "org.apache.http",
                     "lineNumber": 337
                  },
                  {
                     "reference": "Method sendSMS",
                     "match": "org.apache.http",
                     "lineNumber": 345
                  },
                  {
                     "reference": "Method sendSMS",
                     "match": "org.apache.http",
                     "lineNumber": 358
                  },
                  {
                     "reference": "Method sendSMS",
                     "match": "org.apache.http",
                     "lineNumber": 495
                  },
                  {
                     "reference": "Method sendSMS",
                     "match": "org.apache.http.client",
                     "lineNumber": 336
                  },
                  {
                     "reference": "Method sendSMS",
                     "match": "org.apache.http.client",
                     "lineNumber": 495
                  },
                  {
                     "reference": "Method sendSMS",
                     "match": "org.apache.http.client.methods",
                     "lineNumber": 318
                  },
                  {
                     "reference": "Method sendSMS",
                     "match": "org.apache.http.client.methods",
                     "lineNumber": 320
                  },
                  {
                     "reference": "Method sendSMS",
                     "match": "org.apache.http.client.methods",
                     "lineNumber": 321
                  },
                  {
                     "reference": "Method sendSMS",
                     "match": "org.apache.http.client.methods",
                     "lineNumber": 322
                  },
                  {
                     "reference": "Method sendSMS",
                     "match": "org.apache.http.client.methods",
                     "lineNumber": 331
                  },
                  {
                     "reference": "Method sendSMS",
                     "match": "org.apache.http.client.methods",
                     "lineNumber": 336
                  },
                  {
                     "reference": "Method sendSMS",
                     "match": "org.apache.http.client.methods",
                     "lineNumber": 495
                  },
                  {
                     "reference": "Method sendSMS",
                     "match": "org.apache.http.entity",
                     "lineNumber": 326
                  },
                  {
                     "reference": "Method sendSMS",
                     "match": "org.apache.http.impl.client",
                     "lineNumber": 317
                  },
                  {
                     "reference": "Method sendSMS",
                     "match": "org.apache.http.util",
                     "lineNumber": 337
                  }
               ]
            }
         ]
      },
      {
         "ruleName": "The InitialContext lookup method can return primitive types",
         "ruleId": "DetectLookupMethod",
         "severity": "Warning",
         "category": "WebSphere traditional to Liberty",
         "results": [
            {
               "fileName": "Oman_Loyalty_war.ear/Oman_Loyalty.war/WEB-INF/lib/ngdbc.jar/com/sap/db/jdbcext/JDBCRowSetSAP.class",
               "details": [
                  {
                     "reference": "Method connect",
                     "match": "javax.naming.InitialContext.lookup(*)",
                     "lineNumber": 113
                  }
               ]
            }
         ]
      },
      {
         "ruleName": "The use of java.sql.Driver and java.sql.DriverManager interfaces requires configuration ",
         "ruleId": "SqlDriverRule",
         "severity": "Severe",
         "category": "WebSphere traditional to Liberty",
         "results": [
            {
               "fileName": "Oman_Loyalty_war.ear/Oman_Loyalty.war/WEB-INF/classes/com/oman/provider/DBConnect.class",
               "details": [
                  {
                     "reference": "Method Connect",
                     "match": "java.sql.DriverManager.getConnection(*)",
                     "lineNumber": 44
                  },
                  {
                     "reference": "Method Connect",
                     "match": "java.sql.DriverManager.getConnection(*)",
                     "lineNumber": 49
                  }
               ]
            },
            {
               "fileName": "Oman_Loyalty_war.ear/Oman_Loyalty.war/WEB-INF/classes/com/oman/provider/HanaCngConnection.class",
               "details": [
                  {
                     "reference": "Method HanaConn",
                     "match": "java.sql.DriverManager.getConnection(*)",
                     "lineNumber": 28
                  },
                  {
                     "reference": "Method HanaConn",
                     "match": "java.sql.DriverManager.getConnection(*)",
                     "lineNumber": 103
                  },
                  {
                     "reference": "Method HanaConn",
                     "match": "java.sql.DriverManager.getConnection(*)",
                     "lineNumber": 161
                  }
               ]
            },
            {
               "fileName": "Oman_Loyalty_war.ear/Oman_Loyalty.war/WEB-INF/classes/com/oman/provider/HanaConnection.class",
               "details": [
                  {
                     "reference": "Method HanaConn",
                     "match": "java.sql.DriverManager.getConnection(*)",
                     "lineNumber": 31
                  },
                  {
                     "reference": "Method HanaConn",
                     "match": "java.sql.DriverManager.getConnection(*)",
                     "lineNumber": 106
                  },
                  {
                     "reference": "Method HanaConn",
                     "match": "java.sql.DriverManager.getConnection(*)",
                     "lineNumber": 164
                  }
               ]
            },
            {
               "fileName": "Oman_Loyalty_war.ear/Oman_Loyalty.war/WEB-INF/classes/com/oman/provider/LogToDB.class",
               "details": [
                  {
                     "reference": "Method LogJSONToDatabase",
                     "match": "java.sql.DriverManager.getConnection(*)",
                     "lineNumber": 81
                  },
                  {
                     "reference": "Method LoggginToDatabase",
                     "match": "java.sql.DriverManager.getConnection(*)",
                     "lineNumber": 33
                  }
               ]
            },
            {
               "fileName": "Oman_Loyalty_war.ear/Oman_Loyalty.war/WEB-INF/classes/com/oman/provider/OracleConnector.class",
               "details": [
                  {
                     "reference": "Method DBConnector",
                     "match": "java.sql.DriverManager.getConnection(*)",
                     "lineNumber": 52
                  },
                  {
                     "reference": "Method DBReader",
                     "match": "java.sql.DriverManager.getConnection(*)",
                     "lineNumber": 146
                  },
                  {
                     "reference": "Method insertCredentialDetails",
                     "match": "java.sql.DriverManager.getConnection(*)",
                     "lineNumber": 634
                  },
                  {
                     "reference": "Method insertOTPDetails",
                     "match": "java.sql.DriverManager.getConnection(*)",
                     "lineNumber": 284
                  },
                  {
                     "reference": "Method updateCredentialDetails",
                     "match": "java.sql.DriverManager.getConnection(*)",
                     "lineNumber": 799
                  },
                  {
                     "reference": "Method updateOTPDetails",
                     "match": "java.sql.DriverManager.getConnection(*)",
                     "lineNumber": 465
                  }
               ]
            },
            {
               "fileName": "Oman_Loyalty_war.ear/Oman_Loyalty.war/WEB-INF/classes/com/oman/serv/LogToDatabase.class",
               "details": [
                  {
                     "reference": "Method LogAttachmentsToDB",
                     "match": "java.sql.DriverManager.getConnection(*)",
                     "lineNumber": 37
                  },
                  {
                     "reference": "Method LogDataToDB",
                     "match": "java.sql.DriverManager.getConnection(*)",
                     "lineNumber": 90
                  }
               ]
            },
            {
               "fileName": "Oman_Loyalty_war.ear/Oman_Loyalty.war/WEB-INF/classes/com/sms/LogToDB.class",
               "details": [
                  {
                     "reference": "Method LoggginToDatabase",
                     "match": "java.sql.DriverManager.getConnection(*)",
                     "lineNumber": 24
                  }
               ]
            },
            {
               "fileName": "Oman_Loyalty_war.ear/Oman_Loyalty.war/WEB-INF/lib/ngdbc.jar/com/sap/db/jdbc/ConnectionSapDB.class",
               "details": [
                  {
                     "reference": "Method cancelInternal",
                     "match": "com.sap.db.jdbc.Driver.connect(*)",
                     "lineNumber": 253
                  }
               ]
            },
            {
               "fileName": "Oman_Loyalty_war.ear/Oman_Loyalty.war/WEB-INF/lib/ngdbc.jar/com/sap/db/jdbc/Driver.class",
               "details": [
                  {
                     "reference": "Method connect",
                     "match": "com.sap.db.jdbc.Driver.connect(*)",
                     "lineNumber": 207
                  },
                  {
                     "reference": "Method main",
                     "match": "com.sap.db.jdbc.Driver.connect(*)",
                     "lineNumber": 698
                  }
               ]
            },
            {
               "fileName": "Oman_Loyalty_war.ear/Oman_Loyalty.war/WEB-INF/lib/ngdbc.jar/com/sap/db/jdbcext/DataSourceSAPBase.class",
               "details": [
                  {
                     "reference": "Method openPhysicalConnection",
                     "match": "com.sap.db.jdbc.Driver.connect(*)",
                     "lineNumber": 350
                  },
                  {
                     "reference": "Method openPhysicalConnection",
                     "match": "com.sap.db.jdbc.Driver.connect(*)",
                     "lineNumber": 367
                  },
                  {
                     "reference": "Method openPhysicalConnection",
                     "match": "com.sap.db.jdbc.Driver.connect(*)",
                     "lineNumber": 381
                  }
               ]
            },
            {
               "fileName": "Oman_Loyalty_war.ear/Oman_Loyalty.war/WEB-INF/lib/ngdbc.jar/com/sap/db/jdbcext/JDBCRowSetSAP.class",
               "details": [
                  {
                     "reference": "Method connect",
                     "match": "java.sql.DriverManager.getConnection(*)",
                     "lineNumber": 121
                  }
               ]
            }
         ]
      },
      {
         "ruleName": "Validate the URL host and port for cloud access",
         "ruleId": "URLRuleDockerCloud",
         "severity": "Warning",
         "category": "Connectivity considerations for IBM Cloud (Docker and WebSphere in IBM Cloud)",
         "results": [
            {
               "fileName": "Oman_Loyalty_war.ear/Oman_Loyalty.war/WEB-INF/classes/com/oman/serv/CommonData.class",
               "details": [
                  {
                     "reference": "Static initializer",
                     "match": "http://172.25.210.64:5073/Redemption",
                     "lineNumber": 168
                  },
                  {
                     "reference": "Static initializer",
                     "match": "http://172.25.210.70:9001/mzintegration/v2/apl/gift/activate?",
                     "lineNumber": 154
                  },
                  {
                     "reference": "Static initializer",
                     "match": "http://172.25.210.70:9001/mzintegration/v2/apl/gift/history?",
                     "lineNumber": 159
                  },
                  {
                     "reference": "Static initializer",
                     "match": "http://172.25.210.70:9001/mzintegration/v2/apl/redemption/getContractorRedemptionCatalog?",
                     "lineNumber": 151
                  },
                  {
                     "reference": "Static initializer",
                     "match": "http://apl.com",
                     "lineNumber": 167
                  },
                  {
                     "reference": "Static initializer",
                     "match": "http://mngp.asianpaints.com/sap/opu/odata/SAP/ZCONTRACTOR_SEARCH_CREATE_SRV/Contractor_SearchSet",
                     "lineNumber": 164
                  },
                  {
                     "reference": "Static initializer",
                     "match": "http://mngp.asianpaints.com/sap/opu/odata/SAP/ZCONT_APP_WIP_SRV/ZWIP_CONT_APPSet",
                     "lineNumber": 131
                  },
                  {
                     "reference": "Static initializer",
                     "match": "http://mngp.asianpaints.com/sap/opu/odata/SAP/ZDLR_PRTL_ASSIGN_POINTS_SRV/HeaderSet",
                     "lineNumber": 156
                  },
                  {
                     "reference": "Static initializer",
                     "match": "http://mngp.asianpaints.com/sap/opu/odata/SAP/ZDLR_PRTL_AVAIL_VOL_SRV/DealerDataSet?",
                     "lineNumber": 155
                  },
                  {
                     "reference": "Static initializer",
                     "match": "http://mngp.asianpaints.com/sap/opu/odata/SAP/ZDPU_CONT_VOL_SRV/HItemSet",
                     "lineNumber": 128
                  },
                  {
                     "reference": "Static initializer",
                     "match": "http://mngp.asianpaints.com/sap/opu/odata/SAP/ZLEAD_STATUS_UPDATION_SRV/LeadDataSet",
                     "lineNumber": 134
                  },
                  {
                     "reference": "Static initializer",
                     "match": "http://mngp.asianpaints.com/sap/opu/odata/sap/ZATTENDANCE_SRV/AttendanceDataSet",
                     "lineNumber": 135
                  },
                  {
                     "reference": "Static initializer",
                     "match": "http://mngp.asianpaints.com/sap/opu/odata/sap/ZBARCODE_SCAN_SRV/BARCODE_SCANSet",
                     "lineNumber": 162
                  },
                  {
                     "reference": "Static initializer",
                     "match": "http://mngp.asianpaints.com/sap/opu/odata/sap/ZCAPP_DISPLAY_TXN_SRV/TxnDetailsSet",
                     "lineNumber": 157
                  },
                  {
                     "reference": "Static initializer",
                     "match": "http://mngp.asianpaints.com/sap/opu/odata/sap/ZCAPP_POINTS_OF_USER_SRV/ContrcatorDataSet",
                     "lineNumber": 153
                  },
                  {
                     "reference": "Static initializer",
                     "match": "http://mngp.asianpaints.com/sap/opu/odata/sap/ZCAPP_REDEMPTION_NO_GEN_SRV/REDEMPTION_NUMBER_GENERATIONSet",
                     "lineNumber": 158
                  },
                  {
                     "reference": "Static initializer",
                     "match": "http://mngp.asianpaints.com/sap/opu/odata/sap/ZCONT_APP_DVC_SRV/ZCONT_DVCSet",
                     "lineNumber": 129
                  },
                  {
                     "reference": "Static initializer",
                     "match": "http://mngp.asianpaints.com/sap/opu/odata/sap/ZCONT_APP_LEAD_UPDATE_SRV/ZLEAD_UPDATESet",
                     "lineNumber": 130
                  },
                  {
                     "reference": "Static initializer",
                     "match": "http://mngp.asianpaints.com/sap/opu/odata/sap/ZLEAD_CREATION_SRV/LeadDataSet",
                     "lineNumber": 133
                  },
                  {
                     "reference": "Static initializer",
                     "match": "http://mngp.asianpaints.com/sap/opu/odata/sap/ZLEAD_REASSIGNMENT_SRV/ZTLSSO_REASSIGNMENTSet",
                     "lineNumber": 137
                  },
                  {
                     "reference": "Static initializer",
                     "match": "http://mngp.asianpaints.com/sap/opu/odata/sap/ZLOY_PREF_DEALER_SRV/PREF_DEALERSSet",
                     "lineNumber": 163
                  },
                  {
                     "reference": "Static initializer",
                     "match": "http://mngp.asianpaints.com/sap/opu/odata/sap/Z_CAPP_CONTRACTOR_PROFILE_SRV/ContractorDataSet",
                     "lineNumber": 152
                  },
                  {
                     "reference": "Static initializer",
                     "match": "http://mngp.asianpaints.com/sap/opu/odata/sap/Z_MS_VALIDATION_SRV/HeaderSet",
                     "lineNumber": 127
                  },
                  {
                     "reference": "Static initializer",
                     "match": "http://mserve.asianpaints.com/ContractorApp/myvisualization/post",
                     "lineNumber": 126
                  },
                  {
                     "reference": "Static initializer",
                     "match": "http://mserve.asianpaints.com/Oman_Loyalty/OmanSMS/sendSMS",
                     "lineNumber": 123
                  },
                  {
                     "reference": "Static initializer",
                     "match": "http://mservedev.asianpaints.com/Oman_Loyalty/SMSOM/sendSMS",
                     "lineNumber": 142
                  },
                  {
                     "reference": "Static initializer",
                     "match": "https://mngp.asianpaints.com/sap/opu/odata/sap/ZGCC_CONTRACTOR_SRV/GCCContractorProfileSet",
                     "lineNumber": 144
                  },
                  {
                     "reference": "Static initializer",
                     "match": "https://mngp.asianpaints.com/sap/opu/odata/sap/ZGCC_GET_AVAIL_VOL_SRV/Contractor_Avail_VolSet",
                     "lineNumber": 147
                  },
                  {
                     "reference": "Static initializer",
                     "match": "https://mngp.asianpaints.com/sap/opu/odata/sap/ZGCC_PREF_DEALERS_SRV/PREF_DEALERSSet",
                     "lineNumber": 146
                  },
                  {
                     "reference": "Static initializer",
                     "match": "https://mngp.asianpaints.com/sap/opu/odata/sap/ZGCC_PROFILE_LOADER_SRV_01/ContractorDataSet",
                     "lineNumber": 145
                  },
                  {
                     "reference": "Static initializer",
                     "match": "https://mngp.asianpaints.com/sap/opu/odata/sap/ZGCC_VOLUME_TRANSFER_SRV/Contractor_Vol_ReqSet",
                     "lineNumber": 148
                  },
                  {
                     "reference": "Static initializer",
                     "match": "https://mserve.asianpaints.com/LEADS/Project/Images/",
                     "lineNumber": 136
                  },
                  {
                     "reference": "Static initializer",
                     "match": "jdbc:sap://172.25.210.221:30015/?autocommit=false",
                     "lineNumber": 108
                  },
                  {
                     "reference": "Static initializer",
                     "match": "jdbc:sap://172.25.210.91:36115/?autocommit=false",
                     "lineNumber": 113
                  }
               ]
            },
            {
               "fileName": "Oman_Loyalty_war.ear/Oman_Loyalty.war/WEB-INF/classes/com/sms/SendSMS.class",
               "details": [
                  {
                     "reference": "Method sendSMS",
                     "match": "https://ismartsms.net/RestApi/api/SMS/PostSMS",
                     "lineNumber": 318
                  }
               ]
            },
            {
               "fileName": "Oman_Loyalty_war.ear/Oman_Loyalty.war/WEB-INF/lib/sapjco3.jar/com/sap/conn/jco/rt/BasXMLWriter.class",
               "details": [
                  {
                     "reference": "Static initializer",
                     "match": "http://www.sap.com/abapxml",
                     "lineNumber": 53
                  },
                  {
                     "reference": "Static initializer",
                     "match": "http://www.sap.com/abapxml/hint",
                     "lineNumber": 54
                  }
               ]
            }
         ]
      },
      {
         "ruleName": "org.apache third-party APIs are unavailable on Liberty",
         "ruleId": "HiddenThirdPartyAPIInUseApache",
         "severity": "Severe",
         "category": "WebSphere traditional to Liberty",
         "results": [
            {
               "fileName": "Oman_Loyalty_war.ear/Oman_Loyalty.war/WEB-INF/classes/com/oman/consumer/OmanSMS.class",
               "details": [
                  {
                     "reference": "Method banglaSMS",
                     "match": "org.apache.commons.codec.binary",
                     "lineNumber": 209
                  }
               ]
            }
         ]
      }
   ]
}