{
   "report": "analysis",
   "version": "1.2",
   "productVersion": "9.0",
   "productRelease": "19.0.0.2-TA1",
   "options": [
      "--sourceAppServer=was855",
      "--sourceJava=ibm7",
      "--sourceJavaEE=ee6",
      "--targetAppServer=liberty",
      "--targetJava=ibm8",
      "--targetCloud=dockerIBMCloud",
      "--excludePackages=com.ibm,com.informix,com.microsoft,com.sybase,com.sun,java,javax,net,oracle,org,sqlj,_ibmjsp"
   ],
   "totalRulesFlagged": 11,
   "filesAffected": 36,
   "totalResults": 261,
   "severitySummary": [
      {
         "severity": "Severe",
         "totalRulesFlagged": 1,
         "totalResults": 60
      },
      {
         "severity": "Warning",
         "totalRulesFlagged": 7,
         "totalResults": 69
      },
      {
         "severity": "Information",
         "totalRulesFlagged": 3,
         "totalResults": 132
      }
   ],
   "applications": [
      "/opt/IBM/WebSphere/AppServer/profiles/Dmgr01/config/cells/apwasdevCell01/applications/OTC_NEW_war.ear/OTC_NEW_war.ear"
   ],
   "rules": [
      {
         "ruleName": "Behavior change in java.lang.String and java.util.regex.Pattern split methods",
         "ruleId": "StringSplit",
         "severity": "Warning",
         "category": "Java SE version migration / Java SE 8 compatibility impacts",
         "results": [
            {
               "fileName": "OTC_NEW_war.ear/OTC_NEW.war/WEB-INF/lib/ngdbc.jar/com/sap/db/jdbc/Driver.class",
               "details": [
                  {
                     "reference": "Method _getPreferredHosts",
                     "match": "java.lang.String.split(*)",
                     "lineNumber": 1609
                  }
               ]
            },
            {
               "fileName": "OTC_NEW_war.ear/OTC_NEW.war/WEB-INF/lib/ngdbc.jar/com/sap/db/util/DriverVersionInfo.class",
               "details": [
                  {
                     "reference": "Constructor",
                     "match": "java.lang.String.split(*)",
                     "lineNumber": 54
                  }
               ]
            },
            {
               "fileName": "OTC_NEW_war.ear/OTC_NEW.war/WEB-INF/lib/ngdbc.jar/com/sap/db/util/PlatformUtils.class",
               "details": [
                  {
                     "reference": "Method getWindowsSID",
                     "match": "java.lang.String.split(*)",
                     "lineNumber": 131
                  }
               ]
            },
            {
               "fileName": "OTC_NEW_war.ear/OTC_NEW.war/WEB-INF/lib/ngdbc.jar/com/sap/db/util/VersionInfo.class",
               "details": [
                  {
                     "reference": "Constructor",
                     "match": "java.lang.String.split(*)",
                     "lineNumber": 31
                  }
               ]
            }
         ]
      },
      {
         "ruleName": "Behavior change in month name formatting for some languages",
         "ruleId": "MonthFormattingNames",
         "severity": "Information",
         "category": "Java SE version migration / Java SE 8 compatibility impacts",
         "results": [
            {
               "fileName": "OTC_NEW_war.ear/OTC_NEW.war/WEB-INF/classes/AddRooms.class",
               "details": [
                  {
                     "reference": "Method insert1",
                     "match": "java.text.SimpleDateFormat.format(*)",
                     "lineNumber": 372
                  },
                  {
                     "reference": "Method insert1",
                     "match": "java.text.SimpleDateFormat.format(*)",
                     "lineNumber": 396
                  },
                  {
                     "reference": "Method insert1",
                     "match": "java.text.SimpleDateFormat.format(*)",
                     "lineNumber": 404
                  },
                  {
                     "reference": "Method insert1",
                     "match": "java.text.SimpleDateFormat.format(*)",
                     "lineNumber": 496
                  },
                  {
                     "reference": "Method insert1",
                     "match": "java.text.SimpleDateFormat.format(*)",
                     "lineNumber": 520
                  },
                  {
                     "reference": "Method insert1",
                     "match": "java.text.SimpleDateFormat.format(*)",
                     "lineNumber": 528
                  },
                  {
                     "reference": "Method insert1",
                     "match": "java.text.SimpleDateFormat.format(*)",
                     "lineNumber": 623
                  }
               ]
            },
            {
               "fileName": "OTC_NEW_war.ear/OTC_NEW.war/WEB-INF/classes/CHANGE_ROOM.class",
               "details": [
                  {
                     "reference": "Method insert1",
                     "match": "java.text.SimpleDateFormat.format(*)",
                     "lineNumber": 375
                  },
                  {
                     "reference": "Method insert1",
                     "match": "java.text.SimpleDateFormat.format(*)",
                     "lineNumber": 438
                  },
                  {
                     "reference": "Method insert1",
                     "match": "java.text.SimpleDateFormat.format(*)",
                     "lineNumber": 489
                  },
                  {
                     "reference": "Method insert1",
                     "match": "java.text.SimpleDateFormat.format(*)",
                     "lineNumber": 497
                  }
               ]
            },
            {
               "fileName": "OTC_NEW_war.ear/OTC_NEW.war/WEB-INF/classes/CHANGE_SO.class",
               "details": [
                  {
                     "reference": "Method insert1",
                     "match": "java.text.SimpleDateFormat.format(*)",
                     "lineNumber": 397
                  },
                  {
                     "reference": "Method insert1",
                     "match": "java.text.SimpleDateFormat.format(*)",
                     "lineNumber": 405
                  },
                  {
                     "reference": "Method insert1",
                     "match": "java.text.SimpleDateFormat.format(*)",
                     "lineNumber": 535
                  },
                  {
                     "reference": "Method insert1",
                     "match": "java.text.SimpleDateFormat.format(*)",
                     "lineNumber": 543
                  }
               ]
            },
            {
               "fileName": "OTC_NEW_war.ear/OTC_NEW.war/WEB-INF/classes/Contractor_Allocation.class",
               "details": [
                  {
                     "reference": "Method insert1",
                     "match": "java.text.SimpleDateFormat.format(*)",
                     "lineNumber": 293
                  },
                  {
                     "reference": "Method insert1",
                     "match": "java.text.SimpleDateFormat.format(*)",
                     "lineNumber": 296
                  },
                  {
                     "reference": "Method insert1",
                     "match": "java.text.SimpleDateFormat.format(*)",
                     "lineNumber": 331
                  },
                  {
                     "reference": "Method insert1",
                     "match": "java.text.SimpleDateFormat.format(*)",
                     "lineNumber": 335
                  }
               ]
            },
            {
               "fileName": "OTC_NEW_war.ear/OTC_NEW.war/WEB-INF/classes/Contractor_AllocationNew.class",
               "details": [
                  {
                     "reference": "Method insert1",
                     "match": "java.text.SimpleDateFormat.format(*)",
                     "lineNumber": 538
                  },
                  {
                     "reference": "Method insert1",
                     "match": "java.text.SimpleDateFormat.format(*)",
                     "lineNumber": 541
                  },
                  {
                     "reference": "Method insert1",
                     "match": "java.text.SimpleDateFormat.format(*)",
                     "lineNumber": 576
                  },
                  {
                     "reference": "Method insert1",
                     "match": "java.text.SimpleDateFormat.format(*)",
                     "lineNumber": 580
                  },
                  {
                     "reference": "Method insert2",
                     "match": "java.text.SimpleDateFormat.format(*)",
                     "lineNumber": 457
                  },
                  {
                     "reference": "Method insert2",
                     "match": "java.text.SimpleDateFormat.format(*)",
                     "lineNumber": 466
                  }
               ]
            },
            {
               "fileName": "OTC_NEW_war.ear/OTC_NEW.war/WEB-INF/classes/GetEmpDetails.class",
               "details": [
                  {
                     "reference": "Method doGet",
                     "match": "java.text.DateFormat.format(*)",
                     "lineNumber": 173
                  },
                  {
                     "reference": "Method doGet",
                     "match": "java.text.DateFormat.format(*)",
                     "lineNumber": 174
                  },
                  {
                     "reference": "Method doGet",
                     "match": "java.text.DateFormat.format(*)",
                     "lineNumber": 175
                  },
                  {
                     "reference": "Method doGet",
                     "match": "java.text.DateFormat.format(*)",
                     "lineNumber": 176
                  },
                  {
                     "reference": "Method doGet",
                     "match": "java.text.SimpleDateFormat.format(*)",
                     "lineNumber": 153
                  },
                  {
                     "reference": "Method doGet",
                     "match": "java.text.SimpleDateFormat.format(*)",
                     "lineNumber": 444
                  },
                  {
                     "reference": "Method doGet",
                     "match": "java.text.SimpleDateFormat.format(*)",
                     "lineNumber": 457
                  }
               ]
            },
            {
               "fileName": "OTC_NEW_war.ear/OTC_NEW.war/WEB-INF/classes/GetSIteSODetailsNew.class",
               "details": [
                  {
                     "reference": "Method doGet",
                     "match": "java.text.SimpleDateFormat.format(*)",
                     "lineNumber": 416
                  },
                  {
                     "reference": "Method doGet",
                     "match": "java.text.SimpleDateFormat.format(*)",
                     "lineNumber": 429
                  },
                  {
                     "reference": "Method doGet",
                     "match": "java.text.SimpleDateFormat.format(*)",
                     "lineNumber": 642
                  },
                  {
                     "reference": "Method doGet",
                     "match": "java.text.SimpleDateFormat.format(*)",
                     "lineNumber": 643
                  },
                  {
                     "reference": "Method doGet",
                     "match": "java.text.SimpleDateFormat.format(*)",
                     "lineNumber": 788
                  },
                  {
                     "reference": "Method doGet",
                     "match": "java.text.SimpleDateFormat.format(*)",
                     "lineNumber": 801
                  },
                  {
                     "reference": "Method doGet",
                     "match": "java.text.SimpleDateFormat.format(*)",
                     "lineNumber": 1016
                  },
                  {
                     "reference": "Method doGet",
                     "match": "java.text.SimpleDateFormat.format(*)",
                     "lineNumber": 1017
                  },
                  {
                     "reference": "Method doGet",
                     "match": "java.text.SimpleDateFormat.format(*)",
                     "lineNumber": 1163
                  },
                  {
                     "reference": "Method doGet",
                     "match": "java.text.SimpleDateFormat.format(*)",
                     "lineNumber": 1176
                  },
                  {
                     "reference": "Method doGet",
                     "match": "java.text.SimpleDateFormat.format(*)",
                     "lineNumber": 1389
                  },
                  {
                     "reference": "Method doGet",
                     "match": "java.text.SimpleDateFormat.format(*)",
                     "lineNumber": 1390
                  },
                  {
                     "reference": "Method doGet",
                     "match": "java.text.SimpleDateFormat.format(*)",
                     "lineNumber": 1536
                  },
                  {
                     "reference": "Method doGet",
                     "match": "java.text.SimpleDateFormat.format(*)",
                     "lineNumber": 1549
                  },
                  {
                     "reference": "Method doGet",
                     "match": "java.text.SimpleDateFormat.format(*)",
                     "lineNumber": 1762
                  },
                  {
                     "reference": "Method doGet",
                     "match": "java.text.SimpleDateFormat.format(*)",
                     "lineNumber": 1763
                  }
               ]
            },
            {
               "fileName": "OTC_NEW_war.ear/OTC_NEW.war/WEB-INF/classes/GetSIteSODetailsNew1.class",
               "details": [
                  {
                     "reference": "Method doGet",
                     "match": "java.text.SimpleDateFormat.format(*)",
                     "lineNumber": 416
                  },
                  {
                     "reference": "Method doGet",
                     "match": "java.text.SimpleDateFormat.format(*)",
                     "lineNumber": 429
                  },
                  {
                     "reference": "Method doGet",
                     "match": "java.text.SimpleDateFormat.format(*)",
                     "lineNumber": 642
                  },
                  {
                     "reference": "Method doGet",
                     "match": "java.text.SimpleDateFormat.format(*)",
                     "lineNumber": 643
                  },
                  {
                     "reference": "Method doGet",
                     "match": "java.text.SimpleDateFormat.format(*)",
                     "lineNumber": 788
                  },
                  {
                     "reference": "Method doGet",
                     "match": "java.text.SimpleDateFormat.format(*)",
                     "lineNumber": 801
                  },
                  {
                     "reference": "Method doGet",
                     "match": "java.text.SimpleDateFormat.format(*)",
                     "lineNumber": 1016
                  },
                  {
                     "reference": "Method doGet",
                     "match": "java.text.SimpleDateFormat.format(*)",
                     "lineNumber": 1017
                  },
                  {
                     "reference": "Method doGet",
                     "match": "java.text.SimpleDateFormat.format(*)",
                     "lineNumber": 1163
                  },
                  {
                     "reference": "Method doGet",
                     "match": "java.text.SimpleDateFormat.format(*)",
                     "lineNumber": 1176
                  },
                  {
                     "reference": "Method doGet",
                     "match": "java.text.SimpleDateFormat.format(*)",
                     "lineNumber": 1389
                  },
                  {
                     "reference": "Method doGet",
                     "match": "java.text.SimpleDateFormat.format(*)",
                     "lineNumber": 1390
                  },
                  {
                     "reference": "Method doGet",
                     "match": "java.text.SimpleDateFormat.format(*)",
                     "lineNumber": 1536
                  },
                  {
                     "reference": "Method doGet",
                     "match": "java.text.SimpleDateFormat.format(*)",
                     "lineNumber": 1549
                  },
                  {
                     "reference": "Method doGet",
                     "match": "java.text.SimpleDateFormat.format(*)",
                     "lineNumber": 1762
                  },
                  {
                     "reference": "Method doGet",
                     "match": "java.text.SimpleDateFormat.format(*)",
                     "lineNumber": 1763
                  }
               ]
            },
            {
               "fileName": "OTC_NEW_war.ear/OTC_NEW.war/WEB-INF/classes/GetSiteSODetails.class",
               "details": [
                  {
                     "reference": "Method doGet",
                     "match": "java.text.SimpleDateFormat.format(*)",
                     "lineNumber": 269
                  },
                  {
                     "reference": "Method doGet",
                     "match": "java.text.SimpleDateFormat.format(*)",
                     "lineNumber": 282
                  },
                  {
                     "reference": "Method doGet",
                     "match": "java.text.SimpleDateFormat.format(*)",
                     "lineNumber": 386
                  },
                  {
                     "reference": "Method doGet",
                     "match": "java.text.SimpleDateFormat.format(*)",
                     "lineNumber": 388
                  },
                  {
                     "reference": "Method doGet",
                     "match": "java.text.SimpleDateFormat.format(*)",
                     "lineNumber": 399
                  },
                  {
                     "reference": "Method doGet",
                     "match": "java.text.SimpleDateFormat.format(*)",
                     "lineNumber": 400
                  }
               ]
            },
            {
               "fileName": "OTC_NEW_war.ear/OTC_NEW.war/WEB-INF/classes/GetSiteSODetails1.class",
               "details": [
                  {
                     "reference": "Method doGet",
                     "match": "java.text.SimpleDateFormat.format(*)",
                     "lineNumber": 382
                  },
                  {
                     "reference": "Method doGet",
                     "match": "java.text.SimpleDateFormat.format(*)",
                     "lineNumber": 395
                  },
                  {
                     "reference": "Method doGet",
                     "match": "java.text.SimpleDateFormat.format(*)",
                     "lineNumber": 608
                  },
                  {
                     "reference": "Method doGet",
                     "match": "java.text.SimpleDateFormat.format(*)",
                     "lineNumber": 609
                  },
                  {
                     "reference": "Method doGet",
                     "match": "java.text.SimpleDateFormat.format(*)",
                     "lineNumber": 753
                  },
                  {
                     "reference": "Method doGet",
                     "match": "java.text.SimpleDateFormat.format(*)",
                     "lineNumber": 766
                  },
                  {
                     "reference": "Method doGet",
                     "match": "java.text.SimpleDateFormat.format(*)",
                     "lineNumber": 981
                  },
                  {
                     "reference": "Method doGet",
                     "match": "java.text.SimpleDateFormat.format(*)",
                     "lineNumber": 982
                  },
                  {
                     "reference": "Method doGet",
                     "match": "java.text.SimpleDateFormat.format(*)",
                     "lineNumber": 1124
                  },
                  {
                     "reference": "Method doGet",
                     "match": "java.text.SimpleDateFormat.format(*)",
                     "lineNumber": 1137
                  },
                  {
                     "reference": "Method doGet",
                     "match": "java.text.SimpleDateFormat.format(*)",
                     "lineNumber": 1350
                  },
                  {
                     "reference": "Method doGet",
                     "match": "java.text.SimpleDateFormat.format(*)",
                     "lineNumber": 1351
                  }
               ]
            },
            {
               "fileName": "OTC_NEW_war.ear/OTC_NEW.war/WEB-INF/classes/GetSiteSODetails4.class",
               "details": [
                  {
                     "reference": "Method doGet",
                     "match": "java.text.SimpleDateFormat.format(*)",
                     "lineNumber": 413
                  },
                  {
                     "reference": "Method doGet",
                     "match": "java.text.SimpleDateFormat.format(*)",
                     "lineNumber": 426
                  },
                  {
                     "reference": "Method doGet",
                     "match": "java.text.SimpleDateFormat.format(*)",
                     "lineNumber": 639
                  },
                  {
                     "reference": "Method doGet",
                     "match": "java.text.SimpleDateFormat.format(*)",
                     "lineNumber": 640
                  },
                  {
                     "reference": "Method doGet",
                     "match": "java.text.SimpleDateFormat.format(*)",
                     "lineNumber": 784
                  },
                  {
                     "reference": "Method doGet",
                     "match": "java.text.SimpleDateFormat.format(*)",
                     "lineNumber": 797
                  },
                  {
                     "reference": "Method doGet",
                     "match": "java.text.SimpleDateFormat.format(*)",
                     "lineNumber": 1012
                  },
                  {
                     "reference": "Method doGet",
                     "match": "java.text.SimpleDateFormat.format(*)",
                     "lineNumber": 1013
                  },
                  {
                     "reference": "Method doGet",
                     "match": "java.text.SimpleDateFormat.format(*)",
                     "lineNumber": 1155
                  },
                  {
                     "reference": "Method doGet",
                     "match": "java.text.SimpleDateFormat.format(*)",
                     "lineNumber": 1168
                  },
                  {
                     "reference": "Method doGet",
                     "match": "java.text.SimpleDateFormat.format(*)",
                     "lineNumber": 1381
                  },
                  {
                     "reference": "Method doGet",
                     "match": "java.text.SimpleDateFormat.format(*)",
                     "lineNumber": 1382
                  },
                  {
                     "reference": "Method doGet",
                     "match": "java.text.SimpleDateFormat.format(*)",
                     "lineNumber": 1525
                  },
                  {
                     "reference": "Method doGet",
                     "match": "java.text.SimpleDateFormat.format(*)",
                     "lineNumber": 1538
                  },
                  {
                     "reference": "Method doGet",
                     "match": "java.text.SimpleDateFormat.format(*)",
                     "lineNumber": 1751
                  },
                  {
                     "reference": "Method doGet",
                     "match": "java.text.SimpleDateFormat.format(*)",
                     "lineNumber": 1752
                  }
               ]
            },
            {
               "fileName": "OTC_NEW_war.ear/OTC_NEW.war/WEB-INF/classes/OTC_CLOSURE.class",
               "details": [
                  {
                     "reference": "Method insert1",
                     "match": "java.text.SimpleDateFormat.format(*)",
                     "lineNumber": 265
                  }
               ]
            },
            {
               "fileName": "OTC_NEW_war.ear/OTC_NEW.war/WEB-INF/classes/OTC_CLOSURENew.class",
               "details": [
                  {
                     "reference": "Method insert1",
                     "match": "java.text.SimpleDateFormat.format(*)",
                     "lineNumber": 400
                  },
                  {
                     "reference": "Method insert1",
                     "match": "java.text.SimpleDateFormat.format(*)",
                     "lineNumber": 449
                  },
                  {
                     "reference": "Method insert1",
                     "match": "java.text.SimpleDateFormat.format(*)",
                     "lineNumber": 458
                  }
               ]
            },
            {
               "fileName": "OTC_NEW_war.ear/OTC_NEW.war/WEB-INF/classes/Search.class",
               "details": [
                  {
                     "reference": "Method doGet",
                     "match": "java.text.SimpleDateFormat.format(*)",
                     "lineNumber": 225
                  },
                  {
                     "reference": "Method doGet",
                     "match": "java.text.SimpleDateFormat.format(*)",
                     "lineNumber": 238
                  },
                  {
                     "reference": "Method doGet",
                     "match": "java.text.SimpleDateFormat.format(*)",
                     "lineNumber": 313
                  },
                  {
                     "reference": "Method doGet",
                     "match": "java.text.SimpleDateFormat.format(*)",
                     "lineNumber": 314
                  }
               ]
            },
            {
               "fileName": "OTC_NEW_war.ear/OTC_NEW.war/WEB-INF/classes/SearchCustomer.class",
               "details": [
                  {
                     "reference": "Method doGet",
                     "match": "java.text.SimpleDateFormat.format(*)",
                     "lineNumber": 438
                  },
                  {
                     "reference": "Method doGet",
                     "match": "java.text.SimpleDateFormat.format(*)",
                     "lineNumber": 451
                  },
                  {
                     "reference": "Method doGet",
                     "match": "java.text.SimpleDateFormat.format(*)",
                     "lineNumber": 664
                  },
                  {
                     "reference": "Method doGet",
                     "match": "java.text.SimpleDateFormat.format(*)",
                     "lineNumber": 665
                  },
                  {
                     "reference": "Method doGet",
                     "match": "java.text.SimpleDateFormat.format(*)",
                     "lineNumber": 810
                  },
                  {
                     "reference": "Method doGet",
                     "match": "java.text.SimpleDateFormat.format(*)",
                     "lineNumber": 823
                  },
                  {
                     "reference": "Method doGet",
                     "match": "java.text.SimpleDateFormat.format(*)",
                     "lineNumber": 1038
                  },
                  {
                     "reference": "Method doGet",
                     "match": "java.text.SimpleDateFormat.format(*)",
                     "lineNumber": 1039
                  },
                  {
                     "reference": "Method doGet",
                     "match": "java.text.SimpleDateFormat.format(*)",
                     "lineNumber": 1185
                  },
                  {
                     "reference": "Method doGet",
                     "match": "java.text.SimpleDateFormat.format(*)",
                     "lineNumber": 1198
                  },
                  {
                     "reference": "Method doGet",
                     "match": "java.text.SimpleDateFormat.format(*)",
                     "lineNumber": 1411
                  },
                  {
                     "reference": "Method doGet",
                     "match": "java.text.SimpleDateFormat.format(*)",
                     "lineNumber": 1412
                  },
                  {
                     "reference": "Method doGet",
                     "match": "java.text.SimpleDateFormat.format(*)",
                     "lineNumber": 1558
                  },
                  {
                     "reference": "Method doGet",
                     "match": "java.text.SimpleDateFormat.format(*)",
                     "lineNumber": 1571
                  },
                  {
                     "reference": "Method doGet",
                     "match": "java.text.SimpleDateFormat.format(*)",
                     "lineNumber": 1784
                  },
                  {
                     "reference": "Method doGet",
                     "match": "java.text.SimpleDateFormat.format(*)",
                     "lineNumber": 1785
                  }
               ]
            },
            {
               "fileName": "OTC_NEW_war.ear/OTC_NEW.war/WEB-INF/lib/ngdbc.jar/com/sap/db/jdbc/converters/AbstractDateTimeConverter.class",
               "details": [
                  {
                     "reference": "Method _formatAsUTCWithNanos",
                     "match": "java.text.DateFormat.format(*)",
                     "lineNumber": 585
                  },
                  {
                     "reference": "Method _formatAsUTCWithNanos",
                     "match": "java.text.DateFormat.format(*)",
                     "lineNumber": 587
                  }
               ]
            },
            {
               "fileName": "OTC_NEW_war.ear/OTC_NEW.war/WEB-INF/lib/ngdbc.jar/com/sap/db/jdbc/converters/CharacterConverter.class",
               "details": [
                  {
                     "reference": "Method setDate",
                     "match": "java.text.DateFormat.format(*)",
                     "lineNumber": 385
                  },
                  {
                     "reference": "Method setTime",
                     "match": "java.text.DateFormat.format(*)",
                     "lineNumber": 418
                  },
                  {
                     "reference": "Method setTimestamp",
                     "match": "java.text.DateFormat.format(*)",
                     "lineNumber": 451
                  }
               ]
            }
         ]
      },
      {
         "ruleName": "Behavior change in rounding in NumberFormat and DecimalFormat format methods",
         "ruleId": "NumberFormatRounding",
         "severity": "Information",
         "category": "Java SE version migration / Java SE 8 compatibility impacts",
         "results": [
            {
               "fileName": "OTC_NEW_war.ear/OTC_NEW.war/WEB-INF/lib/ngdbc.jar/com/sap/db/jdbc/converters/CharacterConverter.class",
               "details": [
                  {
                     "reference": "Method setDouble",
                     "match": "java.text.DecimalFormat.format(double)",
                     "lineNumber": 332
                  },
                  {
                     "reference": "Method setFloat",
                     "match": "java.text.DecimalFormat.format(double)",
                     "lineNumber": 308
                  }
               ]
            },
            {
               "fileName": "OTC_NEW_war.ear/OTC_NEW.war/WEB-INF/lib/ngdbc.jar/com/sap/db/jdbc/trace/Tracer.class",
               "details": [
                  {
                     "reference": "Method _getDisplayByteCount",
                     "match": "java.text.DecimalFormat.format(double)",
                     "lineNumber": 580
                  },
                  {
                     "reference": "Method _getDisplayCompressionRatio",
                     "match": "java.text.DecimalFormat.format(double)",
                     "lineNumber": 585
                  }
               ]
            }
         ]
      },
      {
         "ruleName": "Behavior change in the BigDecimal stripTrailingZeros method for a zero value",
         "ruleId": "BigDecimalStripTrailingZeros",
         "severity": "Information",
         "category": "Java SE version migration / Java SE 8 compatibility impacts",
         "results": [
            {
               "fileName": "OTC_NEW_war.ear/OTC_NEW.war/WEB-INF/lib/sqljdbc4.jar/microsoft/sql/DateTimeOffset.class",
               "details": [
                  {
                     "reference": "Method toString",
                     "match": "java.math.BigDecimal.stripTrailingZeros(*)",
                     "lineNumber": 127
                  }
               ]
            }
         ]
      },
      {
         "ruleName": "Check for compatibility when using system modules",
         "ruleId": "SystemLoadLibrary",
         "severity": "Warning",
         "category": "All application servers",
         "results": [
            {
               "fileName": "OTC_NEW_war.ear/OTC_NEW.war/WEB-INF/lib/ngdbc.jar/com/sap/db/jdbc/Driver.class",
               "details": [
                  {
                     "reference": "Method loadNativeAuthentication",
                     "match": "java.lang.System.loadLibrary(*)",
                     "lineNumber": 992
                  }
               ]
            }
         ]
      },
      {
         "ruleName": "Databases",
         "ruleId": "DatabasesSQLRule",
         "severity": "Warning",
         "category": "Technology connectivity considerations for IBM Cloud",
         "results": [
            {
               "fileName": "OTC_NEW_war.ear/OTC_NEW.war/WEB-INF/classes/AddRooms.class",
               "details": [
                  {
                     "reference": "Constructor",
                     "match": "java.sql",
                     "lineNumber": 32
                  }
               ]
            },
            {
               "fileName": "OTC_NEW_war.ear/OTC_NEW.war/WEB-INF/lib/ngdbc.jar/com/sap/db/jdbc/ArraySapDB.class",
               "details": [
                  {
                     "reference": "Class implements",
                     "match": "java.sql",
                     "lineNumber": 0
                  }
               ]
            },
            {
               "fileName": "OTC_NEW_war.ear/OTC_NEW.war/WEB-INF/lib/sqljdbc4.jar/microsoft/sql/DateTimeOffset$SerializationProxy.class",
               "details": [
                  {
                     "reference": "Method readResolve",
                     "match": "java.sql",
                     "lineNumber": 264
                  }
               ]
            }
         ]
      },
      {
         "ruleName": "Handling application configuration in Docker containers",
         "ruleId": "DetectPropertiesFiles",
         "severity": "Warning",
         "category": "Docker (IBM Cloud Kubernetes Service)",
         "results": [
            {
               "fileName": "OTC_NEW_war.ear/OTC_NEW.war/WEB-INF/lib/ngdbc.jar/com/sap/db/jdbc/messages.properties",
               "details": [
                  {
                     "reference": null,
                     "match": "(.*)?\\.properties",
                     "lineNumber": 0
                  }
               ]
            },
            {
               "fileName": "OTC_NEW_war.ear/OTC_NEW.war/WEB-INF/lib/ngdbc.jar/com/sap/db/jdbc/trace/TraceConfiguration.class",
               "details": [
                  {
                     "reference": "Method loadTraceSettings",
                     "match": "java.util.Properties.load(*)",
                     "lineNumber": 353
                  }
               ]
            }
         ]
      },
      {
         "ruleName": "Managing data inside and between Docker containers",
         "ruleId": "FileSystemRule",
         "severity": "Warning",
         "category": "Docker (IBM Cloud Kubernetes Service)",
         "results": [
            {
               "fileName": "OTC_NEW_war.ear/OTC_NEW.war/WEB-INF/lib/ngdbc.jar/com/sap/db/jdbc/trace/TraceConfiguration.class",
               "details": [
                  {
                     "reference": "Method saveTraceSettings",
                     "match": "java.io.FileOutputStream",
                     "lineNumber": 409
                  },
                  {
                     "reference": "Method saveTraceSettings",
                     "match": "java.io.FileOutputStream",
                     "lineNumber": 414
                  },
                  {
                     "reference": "Method saveTraceSettings",
                     "match": "java.io.FileOutputStream",
                     "lineNumber": 421
                  }
               ]
            },
            {
               "fileName": "OTC_NEW_war.ear/OTC_NEW.war/WEB-INF/lib/ngdbc.jar/com/sap/db/jdbc/trace/TraceRecordPublisher.class",
               "details": [
                  {
                     "reference": "Method _checkWriter",
                     "match": "java.io.FileOutputStream",
                     "lineNumber": 93
                  }
               ]
            },
            {
               "fileName": "OTC_NEW_war.ear/OTC_NEW.war/WEB-INF/lib/ngdbc.jar/com/sap/db/jdbc/trace/Tracer.class",
               "details": [
                  {
                     "reference": "Method _checkFileSize",
                     "match": "java.io.RandomAccessFile.write(*)",
                     "lineNumber": 501
                  },
                  {
                     "reference": "Method _checkFileSize",
                     "match": "java.io.RandomAccessFile.writeBytes(*)",
                     "lineNumber": 509
                  },
                  {
                     "reference": "Method _writeln",
                     "match": "java.io.RandomAccessFile.write(*)",
                     "lineNumber": 448
                  },
                  {
                     "reference": "Method _writeln",
                     "match": "java.io.RandomAccessFile.write(*)",
                     "lineNumber": 449
                  }
               ]
            }
         ]
      },
      {
         "ruleName": "The InitialContext lookup method can return primitive types",
         "ruleId": "DetectLookupMethod",
         "severity": "Warning",
         "category": "WebSphere traditional to Liberty",
         "results": [
            {
               "fileName": "OTC_NEW_war.ear/OTC_NEW.war/WEB-INF/lib/ngdbc.jar/com/sap/db/jdbcext/RowSetSapDB.class",
               "details": [
                  {
                     "reference": "Method _connect",
                     "match": "javax.naming.InitialContext.lookup(*)",
                     "lineNumber": 2234
                  }
               ]
            }
         ]
      },
      {
         "ruleName": "The use of java.sql.Driver and java.sql.DriverManager interfaces requires configuration ",
         "ruleId": "SqlDriverRule",
         "severity": "Severe",
         "category": "WebSphere traditional to Liberty",
         "results": [
            {
               "fileName": "OTC_NEW_war.ear/OTC_NEW.war/WEB-INF/classes/AddRooms.class",
               "details": [
                  {
                     "reference": "Method doPost",
                     "match": "java.sql.DriverManager.getConnection(*)",
                     "lineNumber": 200
                  },
                  {
                     "reference": "Method insert1",
                     "match": "java.sql.DriverManager.getConnection(*)",
                     "lineNumber": 319
                  }
               ]
            },
            {
               "fileName": "OTC_NEW_war.ear/OTC_NEW.war/WEB-INF/classes/CHANGE_ROOM.class",
               "details": [
                  {
                     "reference": "Method doPost",
                     "match": "java.sql.DriverManager.getConnection(*)",
                     "lineNumber": 199
                  },
                  {
                     "reference": "Method insert1",
                     "match": "java.sql.DriverManager.getConnection(*)",
                     "lineNumber": 318
                  }
               ]
            },
            {
               "fileName": "OTC_NEW_war.ear/OTC_NEW.war/WEB-INF/classes/CHANGE_SO.class",
               "details": [
                  {
                     "reference": "Method doPost",
                     "match": "java.sql.DriverManager.getConnection(*)",
                     "lineNumber": 232
                  },
                  {
                     "reference": "Method insert1",
                     "match": "java.sql.DriverManager.getConnection(*)",
                     "lineNumber": 358
                  }
               ]
            },
            {
               "fileName": "OTC_NEW_war.ear/OTC_NEW.war/WEB-INF/classes/Contractor_Allocation.class",
               "details": [
                  {
                     "reference": "Method doPost",
                     "match": "java.sql.DriverManager.getConnection(*)",
                     "lineNumber": 160
                  },
                  {
                     "reference": "Method insert1",
                     "match": "java.sql.DriverManager.getConnection(*)",
                     "lineNumber": 275
                  }
               ]
            },
            {
               "fileName": "OTC_NEW_war.ear/OTC_NEW.war/WEB-INF/classes/Contractor_AllocationNew.class",
               "details": [
                  {
                     "reference": "Method doPost",
                     "match": "java.sql.DriverManager.getConnection(*)",
                     "lineNumber": 259
                  },
                  {
                     "reference": "Method insert1",
                     "match": "java.sql.DriverManager.getConnection(*)",
                     "lineNumber": 521
                  },
                  {
                     "reference": "Method insert2",
                     "match": "java.sql.DriverManager.getConnection(*)",
                     "lineNumber": 418
                  }
               ]
            },
            {
               "fileName": "OTC_NEW_war.ear/OTC_NEW.war/WEB-INF/classes/GetEmpDetails.class",
               "details": [
                  {
                     "reference": "Method doGet",
                     "match": "java.sql.DriverManager.getConnection(*)",
                     "lineNumber": 190
                  },
                  {
                     "reference": "Method doGet",
                     "match": "java.sql.DriverManager.getConnection(*)",
                     "lineNumber": 452
                  }
               ]
            },
            {
               "fileName": "OTC_NEW_war.ear/OTC_NEW.war/WEB-INF/classes/GetROOMS.class",
               "details": [
                  {
                     "reference": "Method doGet",
                     "match": "java.sql.DriverManager.getConnection(*)",
                     "lineNumber": 75
                  },
                  {
                     "reference": "Method doGet",
                     "match": "java.sql.DriverManager.getConnection(*)",
                     "lineNumber": 80
                  }
               ]
            },
            {
               "fileName": "OTC_NEW_war.ear/OTC_NEW.war/WEB-INF/classes/GetSIteSODetailsNew.class",
               "details": [
                  {
                     "reference": "Method doGet",
                     "match": "java.sql.DriverManager.getConnection(*)",
                     "lineNumber": 211
                  },
                  {
                     "reference": "Method doGet",
                     "match": "java.sql.DriverManager.getConnection(*)",
                     "lineNumber": 249
                  },
                  {
                     "reference": "Method hanaCall",
                     "match": "java.sql.DriverManager.getConnection(*)",
                     "lineNumber": 1892
                  },
                  {
                     "reference": "Method hanaCall",
                     "match": "java.sql.DriverManager.getConnection(*)",
                     "lineNumber": 1896
                  }
               ]
            },
            {
               "fileName": "OTC_NEW_war.ear/OTC_NEW.war/WEB-INF/classes/GetSIteSODetailsNew1.class",
               "details": [
                  {
                     "reference": "Method doGet",
                     "match": "java.sql.DriverManager.getConnection(*)",
                     "lineNumber": 211
                  },
                  {
                     "reference": "Method doGet",
                     "match": "java.sql.DriverManager.getConnection(*)",
                     "lineNumber": 249
                  },
                  {
                     "reference": "Method hanaCall",
                     "match": "java.sql.DriverManager.getConnection(*)",
                     "lineNumber": 1892
                  },
                  {
                     "reference": "Method hanaCall",
                     "match": "java.sql.DriverManager.getConnection(*)",
                     "lineNumber": 1896
                  }
               ]
            },
            {
               "fileName": "OTC_NEW_war.ear/OTC_NEW.war/WEB-INF/classes/GetSODetails.class",
               "details": [
                  {
                     "reference": "Method doPost",
                     "match": "java.sql.DriverManager.getConnection(*)",
                     "lineNumber": 158
                  }
               ]
            },
            {
               "fileName": "OTC_NEW_war.ear/OTC_NEW.war/WEB-INF/classes/GetSiteSODetails.class",
               "details": [
                  {
                     "reference": "Method doGet",
                     "match": "java.sql.DriverManager.getConnection(*)",
                     "lineNumber": 120
                  },
                  {
                     "reference": "Method doGet",
                     "match": "java.sql.DriverManager.getConnection(*)",
                     "lineNumber": 150
                  }
               ]
            },
            {
               "fileName": "OTC_NEW_war.ear/OTC_NEW.war/WEB-INF/classes/GetSiteSODetails1.class",
               "details": [
                  {
                     "reference": "Method doGet",
                     "match": "java.sql.DriverManager.getConnection(*)",
                     "lineNumber": 186
                  },
                  {
                     "reference": "Method doGet",
                     "match": "java.sql.DriverManager.getConnection(*)",
                     "lineNumber": 224
                  },
                  {
                     "reference": "Method hanaCall",
                     "match": "java.sql.DriverManager.getConnection(*)",
                     "lineNumber": 1469
                  },
                  {
                     "reference": "Method hanaCall",
                     "match": "java.sql.DriverManager.getConnection(*)",
                     "lineNumber": 1474
                  }
               ]
            },
            {
               "fileName": "OTC_NEW_war.ear/OTC_NEW.war/WEB-INF/classes/GetSiteSODetails4.class",
               "details": [
                  {
                     "reference": "Method doGet",
                     "match": "java.sql.DriverManager.getConnection(*)",
                     "lineNumber": 214
                  },
                  {
                     "reference": "Method doGet",
                     "match": "java.sql.DriverManager.getConnection(*)",
                     "lineNumber": 252
                  },
                  {
                     "reference": "Method hanaCall",
                     "match": "java.sql.DriverManager.getConnection(*)",
                     "lineNumber": 1872
                  },
                  {
                     "reference": "Method hanaCall",
                     "match": "java.sql.DriverManager.getConnection(*)",
                     "lineNumber": 1877
                  }
               ]
            },
            {
               "fileName": "OTC_NEW_war.ear/OTC_NEW.war/WEB-INF/classes/HanaOps.class",
               "details": [
                  {
                     "reference": "Method doGet",
                     "match": "java.sql.DriverManager.getConnection(*)",
                     "lineNumber": 57
                  },
                  {
                     "reference": "Method fetch2",
                     "match": "java.sql.DriverManager.getConnection(*)",
                     "lineNumber": 178
                  },
                  {
                     "reference": "Method insert1",
                     "match": "java.sql.DriverManager.getConnection(*)",
                     "lineNumber": 147
                  },
                  {
                     "reference": "Method update1",
                     "match": "java.sql.DriverManager.getConnection(*)",
                     "lineNumber": 114
                  }
               ]
            },
            {
               "fileName": "OTC_NEW_war.ear/OTC_NEW.war/WEB-INF/classes/OTC_CLOSURE.class",
               "details": [
                  {
                     "reference": "Method doPost",
                     "match": "java.sql.DriverManager.getConnection(*)",
                     "lineNumber": 142
                  },
                  {
                     "reference": "Method insert1",
                     "match": "java.sql.DriverManager.getConnection(*)",
                     "lineNumber": 254
                  }
               ]
            },
            {
               "fileName": "OTC_NEW_war.ear/OTC_NEW.war/WEB-INF/classes/OTC_CLOSURENew.class",
               "details": [
                  {
                     "reference": "Method SAPB1Closure",
                     "match": "java.sql.DriverManager.getConnection(*)",
                     "lineNumber": 589
                  },
                  {
                     "reference": "Method SAPB1Closure",
                     "match": "java.sql.DriverManager.getConnection(*)",
                     "lineNumber": 602
                  },
                  {
                     "reference": "Method doPost",
                     "match": "java.sql.DriverManager.getConnection(*)",
                     "lineNumber": 259
                  },
                  {
                     "reference": "Method insert1",
                     "match": "java.sql.DriverManager.getConnection(*)",
                     "lineNumber": 390
                  }
               ]
            },
            {
               "fileName": "OTC_NEW_war.ear/OTC_NEW.war/WEB-INF/classes/OTC_DashBoard.class",
               "details": [
                  {
                     "reference": "Method doGet",
                     "match": "java.sql.DriverManager.getConnection(*)",
                     "lineNumber": 76
                  },
                  {
                     "reference": "Method doGet",
                     "match": "java.sql.DriverManager.getConnection(*)",
                     "lineNumber": 81
                  },
                  {
                     "reference": "Method doGet",
                     "match": "java.sql.DriverManager.getConnection(*)",
                     "lineNumber": 261
                  },
                  {
                     "reference": "Method doGet",
                     "match": "java.sql.DriverManager.getConnection(*)",
                     "lineNumber": 267
                  }
               ]
            },
            {
               "fileName": "OTC_NEW_war.ear/OTC_NEW.war/WEB-INF/classes/Search.class",
               "details": [
                  {
                     "reference": "Method doGet",
                     "match": "java.sql.DriverManager.getConnection(*)",
                     "lineNumber": 105
                  },
                  {
                     "reference": "Method doGet",
                     "match": "java.sql.DriverManager.getConnection(*)",
                     "lineNumber": 110
                  }
               ]
            },
            {
               "fileName": "OTC_NEW_war.ear/OTC_NEW.war/WEB-INF/classes/SearchCustomer.class",
               "details": [
                  {
                     "reference": "Method doGet",
                     "match": "java.sql.DriverManager.getConnection(*)",
                     "lineNumber": 219
                  },
                  {
                     "reference": "Method doGet",
                     "match": "java.sql.DriverManager.getConnection(*)",
                     "lineNumber": 257
                  },
                  {
                     "reference": "Method hanaCall",
                     "match": "java.sql.DriverManager.getConnection(*)",
                     "lineNumber": 1917
                  },
                  {
                     "reference": "Method hanaCall",
                     "match": "java.sql.DriverManager.getConnection(*)",
                     "lineNumber": 1921
                  }
               ]
            },
            {
               "fileName": "OTC_NEW_war.ear/OTC_NEW.war/WEB-INF/classes/getNewStartDate.class",
               "details": [
                  {
                     "reference": "Method doPost",
                     "match": "java.sql.DriverManager.getConnection(*)",
                     "lineNumber": 131
                  }
               ]
            },
            {
               "fileName": "OTC_NEW_war.ear/OTC_NEW.war/WEB-INF/classes/getSiteCompletionStatus.class",
               "details": [
                  {
                     "reference": "Method doPost",
                     "match": "java.sql.DriverManager.getConnection(*)",
                     "lineNumber": 134
                  }
               ]
            },
            {
               "fileName": "OTC_NEW_war.ear/OTC_NEW.war/WEB-INF/classes/getSiteSODetails2.class",
               "details": [
                  {
                     "reference": "Method doGet",
                     "match": "java.sql.DriverManager.getConnection(*)",
                     "lineNumber": 117
                  },
                  {
                     "reference": "Method doGet",
                     "match": "java.sql.DriverManager.getConnection(*)",
                     "lineNumber": 147
                  },
                  {
                     "reference": "Method doGet",
                     "match": "java.sql.DriverManager.getConnection(*)",
                     "lineNumber": 202
                  }
               ]
            },
            {
               "fileName": "OTC_NEW_war.ear/OTC_NEW.war/WEB-INF/lib/ngdbc.jar/com/sap/db/jdbcext/RowSetSapDB.class",
               "details": [
                  {
                     "reference": "Method _connect",
                     "match": "java.sql.DriverManager.getConnection(*)",
                     "lineNumber": 2240
                  }
               ]
            }
         ]
      },
      {
         "ruleName": "Validate the URL host and port for cloud access",
         "ruleId": "URLRuleDockerCloud",
         "severity": "Warning",
         "category": "Connectivity considerations for IBM Cloud (Docker and WebSphere in IBM Cloud)",
         "results": [
            {
               "fileName": "OTC_NEW_war.ear/OTC_NEW.war/WEB-INF/classes/AddRooms.class",
               "details": [
                  {
                     "reference": "Constructor",
                     "match": "jdbc:sap://172.25.110.205:31115/?autocommit=true",
                     "lineNumber": 38
                  },
                  {
                     "reference": "Method sendSMS",
                     "match": "http://mngp.asianpaints.com/sap/opu/odata/sap/Z_ZRFC_CREATE_SMS_SRV/SMS_DETAILS",
                     "lineNumber": 669
                  }
               ]
            },
            {
               "fileName": "OTC_NEW_war.ear/OTC_NEW.war/WEB-INF/classes/CHANGE_ROOM.class",
               "details": [
                  {
                     "reference": "Constructor",
                     "match": "jdbc:sap://172.25.110.205:31115/?autocommit=true",
                     "lineNumber": 39
                  },
                  {
                     "reference": "Method sendSMS",
                     "match": "http://mngp.asianpaints.com/sap/opu/odata/sap/Z_ZRFC_CREATE_SMS_SRV/SMS_DETAILS",
                     "lineNumber": 595
                  }
               ]
            },
            {
               "fileName": "OTC_NEW_war.ear/OTC_NEW.war/WEB-INF/classes/CHANGE_SO.class",
               "details": [
                  {
                     "reference": "Constructor",
                     "match": "jdbc:sap://172.25.110.205:31115/?autocommit=true",
                     "lineNumber": 35
                  },
                  {
                     "reference": "Method sendSMS",
                     "match": "http://mngp.asianpaints.com/sap/opu/odata/sap/Z_ZRFC_CREATE_SMS_SRV/SMS_DETAILS",
                     "lineNumber": 638
                  }
               ]
            },
            {
               "fileName": "OTC_NEW_war.ear/OTC_NEW.war/WEB-INF/classes/Contractor_Allocation.class",
               "details": [
                  {
                     "reference": "Method doPost",
                     "match": "jdbc:sap://172.25.210.176:37615",
                     "lineNumber": 156
                  },
                  {
                     "reference": "Method insert1",
                     "match": "jdbc:sap://172.25.210.176:37615/?autocommit=true",
                     "lineNumber": 276
                  }
               ]
            },
            {
               "fileName": "OTC_NEW_war.ear/OTC_NEW.war/WEB-INF/classes/Contractor_AllocationNew.class",
               "details": [
                  {
                     "reference": "Constructor",
                     "match": "jdbc:sap://172.25.110.205:31115/?autocommit=true",
                     "lineNumber": 37
                  },
                  {
                     "reference": "Method sendSMS",
                     "match": "http://mngp.asianpaints.com/sap/opu/odata/sap/Z_ZRFC_CREATE_SMS_SRV/SMS_DETAILS",
                     "lineNumber": 648
                  }
               ]
            },
            {
               "fileName": "OTC_NEW_war.ear/OTC_NEW.war/WEB-INF/classes/GetEmpDetails.class",
               "details": [
                  {
                     "reference": "Constructor",
                     "match": "jdbc:sap://172.25.110.205:31115/?autocommit=true",
                     "lineNumber": 43
                  },
                  {
                     "reference": "Method doGet",
                     "match": "jdbc:sqlserver://172.25.30.173;user=aphsmcrm;password=aphsmcrm;database=SUP_CRM",
                     "lineNumber": 183
                  }
               ]
            },
            {
               "fileName": "OTC_NEW_war.ear/OTC_NEW.war/WEB-INF/classes/GetROOMS.class",
               "details": [
                  {
                     "reference": "Constructor",
                     "match": "jdbc:sap://172.25.110.205:31115/?autocommit=true",
                     "lineNumber": 30
                  }
               ]
            },
            {
               "fileName": "OTC_NEW_war.ear/OTC_NEW.war/WEB-INF/classes/GetSIteSODetailsNew.class",
               "details": [
                  {
                     "reference": "Constructor",
                     "match": "jdbc:sap://172.25.110.205:31115/?autocommit=true",
                     "lineNumber": 37
                  },
                  {
                     "reference": "Method doGet",
                     "match": "jdbc:sqlserver://172.25.30.117;user=sa;password=sa;database=",
                     "lineNumber": 242
                  },
                  {
                     "reference": "Method doGet",
                     "match": "jdbc:sqlserver://172.25.30.117;user=sa;password=sa;database=APHS_CONSOLE_LIVE",
                     "lineNumber": 203
                  }
               ]
            },
            {
               "fileName": "OTC_NEW_war.ear/OTC_NEW.war/WEB-INF/classes/GetSIteSODetailsNew1.class",
               "details": [
                  {
                     "reference": "Constructor",
                     "match": "jdbc:sap://172.25.110.205:31115/?autocommit=true",
                     "lineNumber": 37
                  },
                  {
                     "reference": "Method doGet",
                     "match": "jdbc:sqlserver://172.25.30.117;user=sa;password=sa;database=",
                     "lineNumber": 242
                  },
                  {
                     "reference": "Method doGet",
                     "match": "jdbc:sqlserver://172.25.30.117;user=sa;password=sa;database=APHS_CONSOLE_LIVE",
                     "lineNumber": 203
                  }
               ]
            },
            {
               "fileName": "OTC_NEW_war.ear/OTC_NEW.war/WEB-INF/classes/GetSODetails.class",
               "details": [
                  {
                     "reference": "Method doPost",
                     "match": "jdbc:sqlserver://172.25.30.117;user=sa;password=sa;database=",
                     "lineNumber": 153
                  }
               ]
            },
            {
               "fileName": "OTC_NEW_war.ear/OTC_NEW.war/WEB-INF/classes/GetSiteSODetails.class",
               "details": [
                  {
                     "reference": "Method doGet",
                     "match": "jdbc:sqlserver://172.25.30.117;user=sa;password=sa;database=",
                     "lineNumber": 143
                  },
                  {
                     "reference": "Method doGet",
                     "match": "jdbc:sqlserver://172.25.30.117;user=sa;password=sa;database=APHS_CONSOLE_LIVE",
                     "lineNumber": 112
                  }
               ]
            },
            {
               "fileName": "OTC_NEW_war.ear/OTC_NEW.war/WEB-INF/classes/GetSiteSODetails1.class",
               "details": [
                  {
                     "reference": "Method doGet",
                     "match": "jdbc:sqlserver://172.25.30.117;user=sa;password=sa;database=",
                     "lineNumber": 217
                  },
                  {
                     "reference": "Method doGet",
                     "match": "jdbc:sqlserver://172.25.30.117;user=sa;password=sa;database=APHS_CONSOLE_LIVE",
                     "lineNumber": 178
                  },
                  {
                     "reference": "Method hanaCall",
                     "match": "jdbc:sap://172.25.210.176:37615",
                     "lineNumber": 1465
                  },
                  {
                     "reference": "Method hanaCall",
                     "match": "jdbc:sap://172.25.210.176:37615/?autocommit=true",
                     "lineNumber": 1474
                  }
               ]
            },
            {
               "fileName": "OTC_NEW_war.ear/OTC_NEW.war/WEB-INF/classes/GetSiteSODetails4.class",
               "details": [
                  {
                     "reference": "Constructor",
                     "match": "jdbc:sap://172.25.110.205:31115/?autocommit=true",
                     "lineNumber": 38
                  },
                  {
                     "reference": "Method doGet",
                     "match": "jdbc:sqlserver://172.25.30.117;user=sa;password=sa;database=",
                     "lineNumber": 245
                  },
                  {
                     "reference": "Method doGet",
                     "match": "jdbc:sqlserver://172.25.30.117;user=sa;password=sa;database=APHS_CONSOLE_LIVE",
                     "lineNumber": 206
                  }
               ]
            },
            {
               "fileName": "OTC_NEW_war.ear/OTC_NEW.war/WEB-INF/classes/HanaOps.class",
               "details": [
                  {
                     "reference": "Method doGet",
                     "match": "jdbc:sap://172.25.210.176:37615",
                     "lineNumber": 53
                  },
                  {
                     "reference": "Method fetch2",
                     "match": "jdbc:sap://172.25.210.176:37615/?autocommit=false",
                     "lineNumber": 179
                  },
                  {
                     "reference": "Method insert1",
                     "match": "jdbc:sap://172.25.210.176:37615/?autocommit=true",
                     "lineNumber": 148
                  },
                  {
                     "reference": "Method update1",
                     "match": "jdbc:sap://172.25.210.176:37615/?autocommit=true",
                     "lineNumber": 115
                  }
               ]
            },
            {
               "fileName": "OTC_NEW_war.ear/OTC_NEW.war/WEB-INF/classes/OTC_CLOSURE.class",
               "details": [
                  {
                     "reference": "Method doPost",
                     "match": "jdbc:sap://172.25.210.176:37615",
                     "lineNumber": 138
                  },
                  {
                     "reference": "Method insert1",
                     "match": "jdbc:sap://172.25.210.176:37615/?autocommit=true",
                     "lineNumber": 255
                  },
                  {
                     "reference": "Method sendSMS",
                     "match": "http://mngp.asianpaints.com/sap/opu/odata/sap/Z_ZRFC_CREATE_SMS_SRV/SMS_DETAILS",
                     "lineNumber": 318
                  }
               ]
            },
            {
               "fileName": "OTC_NEW_war.ear/OTC_NEW.war/WEB-INF/classes/OTC_CLOSURENew.class",
               "details": [
                  {
                     "reference": "Constructor",
                     "match": "jdbc:sap://172.25.110.205:31115/?autocommit=true",
                     "lineNumber": 41
                  },
                  {
                     "reference": "Method SAPB1Closure",
                     "match": "jdbc:sqlserver://172.25.30.117;user=sa;password=sa;database=",
                     "lineNumber": 601
                  },
                  {
                     "reference": "Method SAPB1Closure",
                     "match": "jdbc:sqlserver://172.25.30.117;user=sa;password=sa;database=APHS_CONSOLE_LIVE",
                     "lineNumber": 582
                  },
                  {
                     "reference": "Method sendSMS",
                     "match": "http://mngp.asianpaints.com/sap/opu/odata/sap/Z_ZRFC_CREATE_SMS_SRV/SMS_DETAILS",
                     "lineNumber": 503
                  }
               ]
            },
            {
               "fileName": "OTC_NEW_war.ear/OTC_NEW.war/WEB-INF/classes/OTC_DashBoard.class",
               "details": [
                  {
                     "reference": "Constructor",
                     "match": "jdbc:sap://172.25.110.205:31115/?autocommit=true",
                     "lineNumber": 32
                  }
               ]
            },
            {
               "fileName": "OTC_NEW_war.ear/OTC_NEW.war/WEB-INF/classes/Search.class",
               "details": [
                  {
                     "reference": "Constructor",
                     "match": "jdbc:sap://172.25.110.205:31115/?autocommit=true",
                     "lineNumber": 35
                  }
               ]
            },
            {
               "fileName": "OTC_NEW_war.ear/OTC_NEW.war/WEB-INF/classes/SearchCustomer.class",
               "details": [
                  {
                     "reference": "Constructor",
                     "match": "jdbc:sap://172.25.110.205:31115/?autocommit=true",
                     "lineNumber": 38
                  },
                  {
                     "reference": "Method doGet",
                     "match": "jdbc:sqlserver://172.25.30.117;user=sa;password=sa;database=",
                     "lineNumber": 250
                  },
                  {
                     "reference": "Method doGet",
                     "match": "jdbc:sqlserver://172.25.30.117;user=sa;password=sa;database=APHS_CONSOLE_LIVE",
                     "lineNumber": 211
                  }
               ]
            },
            {
               "fileName": "OTC_NEW_war.ear/OTC_NEW.war/WEB-INF/classes/getNewStartDate.class",
               "details": [
                  {
                     "reference": "Constructor",
                     "match": "jdbc:sap://172.25.110.205:31115/?autocommit=true",
                     "lineNumber": 33
                  }
               ]
            },
            {
               "fileName": "OTC_NEW_war.ear/OTC_NEW.war/WEB-INF/classes/getSiteCompletionStatus.class",
               "details": [
                  {
                     "reference": "Constructor",
                     "match": "jdbc:sap://172.25.110.205:31115/?autocommit=true",
                     "lineNumber": 33
                  }
               ]
            },
            {
               "fileName": "OTC_NEW_war.ear/OTC_NEW.war/WEB-INF/classes/getSiteSODetails2.class",
               "details": [
                  {
                     "reference": "Method doGet",
                     "match": "jdbc:sap://172.25.210.176:37615/?autocommit=true",
                     "lineNumber": 203
                  },
                  {
                     "reference": "Method doGet",
                     "match": "jdbc:sqlserver://172.25.30.117;user=sa;password=sa;database=",
                     "lineNumber": 140
                  },
                  {
                     "reference": "Method doGet",
                     "match": "jdbc:sqlserver://172.25.30.117;user=sa;password=sa;database=APHS_CONSOLE_LIVE",
                     "lineNumber": 109
                  }
               ]
            }
         ]
      }
   ]
}