{
   "report": "analysis",
   "version": "1.2",
   "productVersion": "9.0",
   "productRelease": "19.0.0.2-TA1",
   "options": [
      "--sourceAppServer=was855",
      "--sourceJava=ibm7",
      "--sourceJavaEE=ee6",
      "--targetAppServer=was90",
      "--targetJava=ibm8",
      "--targetJavaEE=ee7",
      "--targetCloud=vmIBMCloud",
      "--excludePackages=com.ibm,com.informix,com.microsoft,com.sybase,com.sun,java,javax,net,oracle,org,sqlj,_ibmjsp"
   ],
   "totalRulesFlagged": 11,
   "filesAffected": 44,
   "totalResults": 167,
   "severitySummary": [
      {
         "severity": "Severe",
         "totalRulesFlagged": 1,
         "totalResults": 2
      },
      {
         "severity": "Warning",
         "totalRulesFlagged": 7,
         "totalResults": 32
      },
      {
         "severity": "Information",
         "totalRulesFlagged": 3,
         "totalResults": 133
      }
   ],
   "applications": [
      "/opt/IBM/WebSphere/AppServer/profiles/Dmgr01/config/cells/apwasdevCell01/applications/PaintTotal_war.ear/PaintTotal_war.ear"
   ],
   "rules": [
      {
         "ruleName": "Behavior change in java.lang.String and java.util.regex.Pattern split methods",
         "ruleId": "StringSplit",
         "severity": "Warning",
         "category": "Java SE version migration / Java SE 8 compatibility impacts",
         "results": [
            {
               "fileName": "PaintTotal_war.ear/PaintTotal.war/WEB-INF/classes/com/asianpaints/painttotal/PaintTotalBot.class",
               "details": [
                  {
                     "reference": "Method onVolumeByBP",
                     "match": "java.lang.String.split(*)",
                     "lineNumber": 704
                  }
               ]
            },
            {
               "fileName": "PaintTotal_war.ear/PaintTotal.war/WEB-INF/classes/com/asianpaints/painttotal/SSOBot.class",
               "details": [
                  {
                     "reference": "Method onVolumeByDate",
                     "match": "java.lang.String.split(*)",
                     "lineNumber": 437
                  }
               ]
            },
            {
               "fileName": "PaintTotal_war.ear/PaintTotal.war/WEB-INF/classes/com/asianpaints/painttotal/SiteBot.class",
               "details": [
                  {
                     "reference": "Method onCategoryPaint",
                     "match": "java.lang.String.split(*)",
                     "lineNumber": 571
                  }
               ]
            },
            {
               "fileName": "PaintTotal_war.ear/PaintTotal.war/WEB-INF/lib/teamchat-client-sdk.2.1.jar/com/mysql/fabric/jdbc/FabricMySQLConnectionProxy.class",
               "details": [
                  {
                     "reference": "Method setShardTable",
                     "match": "java.lang.String.split(*)",
                     "lineNumber": 296
                  }
               ]
            },
            {
               "fileName": "PaintTotal_war.ear/PaintTotal.war/WEB-INF/lib/teamchat-client-sdk.2.1.jar/com/mysql/fabric/proto/xmlrpc/DigestAuthentication.class",
               "details": [
                  {
                     "reference": "Method parseDigestChallenge",
                     "match": "java.lang.String.split(*)",
                     "lineNumber": 149
                  }
               ]
            },
            {
               "fileName": "PaintTotal_war.ear/PaintTotal.war/WEB-INF/lib/teamchat-client-sdk.2.1.jar/com/mysql/fabric/proto/xmlrpc/XmlRpcClient.class",
               "details": [
                  {
                     "reference": "Method unmarshallServer",
                     "match": "java.lang.String.split(*)",
                     "lineNumber": 119
                  }
               ]
            },
            {
               "fileName": "PaintTotal_war.ear/PaintTotal.war/WEB-INF/lib/teamchat-client-sdk.2.1.jar/com/mysql/jdbc/ExportControlled.class",
               "details": [
                  {
                     "reference": "Method transformSocketToSSLSocket",
                     "match": "java.lang.String.split(*)",
                     "lineNumber": 92
                  }
               ]
            },
            {
               "fileName": "PaintTotal_war.ear/PaintTotal.war/WEB-INF/lib/teamchat-client-sdk.2.1.jar/com/mysql/jdbc/MysqlIO.class",
               "details": [
                  {
                     "reference": "Method getConnectionAttributesAsProperties",
                     "match": "java.lang.String.split(*)",
                     "lineNumber": 1843
                  }
               ]
            },
            {
               "fileName": "PaintTotal_war.ear/PaintTotal.war/WEB-INF/lib/teamchat-client-sdk.2.1.jar/com/mysql/jdbc/StandardSocketFactory.class",
               "details": [
                  {
                     "reference": "Method isLocallyConnected",
                     "match": "java.lang.String.split(*)",
                     "lineNumber": 268
                  }
               ]
            }
         ]
      },
      {
         "ruleName": "Behavior change in month name formatting for some languages",
         "ruleId": "MonthFormattingNames",
         "severity": "Information",
         "category": "Java SE version migration / Java SE 8 compatibility impacts",
         "results": [
            {
               "fileName": "PaintTotal_war.ear/PaintTotal.war/WEB-INF/classes/com/asianpaints/painttotal/GenerateReport.class",
               "details": [
                  {
                     "reference": "Method doGet",
                     "match": "java.text.SimpleDateFormat.format(*)",
                     "lineNumber": 128
                  },
                  {
                     "reference": "Method doGet",
                     "match": "java.text.SimpleDateFormat.format(*)",
                     "lineNumber": 128
                  },
                  {
                     "reference": "Method doGet",
                     "match": "java.text.SimpleDateFormat.format(*)",
                     "lineNumber": 133
                  },
                  {
                     "reference": "Method doGet",
                     "match": "java.text.SimpleDateFormat.format(*)",
                     "lineNumber": 133
                  },
                  {
                     "reference": "Method doGet",
                     "match": "java.text.SimpleDateFormat.format(*)",
                     "lineNumber": 155
                  },
                  {
                     "reference": "Method doGet",
                     "match": "java.text.SimpleDateFormat.format(*)",
                     "lineNumber": 192
                  },
                  {
                     "reference": "Method doGet",
                     "match": "java.text.SimpleDateFormat.format(*)",
                     "lineNumber": 194
                  },
                  {
                     "reference": "Method doGet",
                     "match": "java.text.SimpleDateFormat.format(*)",
                     "lineNumber": 196
                  },
                  {
                     "reference": "Method doGet",
                     "match": "java.text.SimpleDateFormat.format(*)",
                     "lineNumber": 198
                  },
                  {
                     "reference": "Method doGet",
                     "match": "java.text.SimpleDateFormat.format(*)",
                     "lineNumber": 200
                  },
                  {
                     "reference": "Method doGet",
                     "match": "java.text.SimpleDateFormat.format(*)",
                     "lineNumber": 202
                  },
                  {
                     "reference": "Method doGet",
                     "match": "java.text.SimpleDateFormat.format(*)",
                     "lineNumber": 204
                  }
               ]
            },
            {
               "fileName": "PaintTotal_war.ear/PaintTotal.war/WEB-INF/classes/com/asianpaints/painttotal/PaintTotalBot.class",
               "details": [
                  {
                     "reference": "Method insert_and_update_status",
                     "match": "java.text.SimpleDateFormat.format(*)",
                     "lineNumber": 1004
                  },
                  {
                     "reference": "Method insert_and_update_status",
                     "match": "java.text.SimpleDateFormat.format(*)",
                     "lineNumber": 1005
                  },
                  {
                     "reference": "Method insert_and_update_status",
                     "match": "java.text.SimpleDateFormat.format(*)",
                     "lineNumber": 1016
                  },
                  {
                     "reference": "Method insert_and_update_status",
                     "match": "java.text.SimpleDateFormat.format(*)",
                     "lineNumber": 1037
                  },
                  {
                     "reference": "Method onCCAFilter",
                     "match": "java.text.SimpleDateFormat.format(*)",
                     "lineNumber": 857
                  },
                  {
                     "reference": "Method onCCAFilter",
                     "match": "java.text.SimpleDateFormat.format(*)",
                     "lineNumber": 862
                  },
                  {
                     "reference": "Method onCreateGroup",
                     "match": "java.text.SimpleDateFormat.format(*)",
                     "lineNumber": 154
                  },
                  {
                     "reference": "Method onCreateGroup",
                     "match": "java.text.SimpleDateFormat.format(*)",
                     "lineNumber": 210
                  },
                  {
                     "reference": "Method onCreateGroup",
                     "match": "java.text.SimpleDateFormat.format(*)",
                     "lineNumber": 211
                  },
                  {
                     "reference": "Method onCreateGroup",
                     "match": "java.text.SimpleDateFormat.format(*)",
                     "lineNumber": 211
                  },
                  {
                     "reference": "Method onCreateGroup",
                     "match": "java.text.SimpleDateFormat.format(*)",
                     "lineNumber": 222
                  },
                  {
                     "reference": "Method onCreateGroup",
                     "match": "java.text.SimpleDateFormat.format(*)",
                     "lineNumber": 223
                  },
                  {
                     "reference": "Method onHandleReportForDealer",
                     "match": "java.text.SimpleDateFormat.format(*)",
                     "lineNumber": 524
                  },
                  {
                     "reference": "Method onSiteVisitFilter",
                     "match": "java.text.SimpleDateFormat.format(*)",
                     "lineNumber": 309
                  },
                  {
                     "reference": "Method onSiteVisitFilter",
                     "match": "java.text.SimpleDateFormat.format(*)",
                     "lineNumber": 310
                  },
                  {
                     "reference": "Method onTodayPendingPayment",
                     "match": "java.text.SimpleDateFormat.format(*)",
                     "lineNumber": 260
                  },
                  {
                     "reference": "Method onTodayPendingPayment",
                     "match": "java.text.SimpleDateFormat.format(*)",
                     "lineNumber": 263
                  },
                  {
                     "reference": "Method onTotalPendingPayment",
                     "match": "java.text.SimpleDateFormat.format(*)",
                     "lineNumber": 344
                  },
                  {
                     "reference": "Method onTotalPendingPayment",
                     "match": "java.text.SimpleDateFormat.format(*)",
                     "lineNumber": 352
                  },
                  {
                     "reference": "Method onVolumeByDate",
                     "match": "java.text.SimpleDateFormat.format(*)",
                     "lineNumber": 659
                  },
                  {
                     "reference": "Method onVolumeByDate",
                     "match": "java.text.SimpleDateFormat.format(*)",
                     "lineNumber": 659
                  },
                  {
                     "reference": "Method onVolumeByDate",
                     "match": "java.text.SimpleDateFormat.format(*)",
                     "lineNumber": 665
                  },
                  {
                     "reference": "Method onVolumeByDate",
                     "match": "java.text.SimpleDateFormat.format(*)",
                     "lineNumber": 665
                  }
               ]
            },
            {
               "fileName": "PaintTotal_war.ear/PaintTotal.war/WEB-INF/classes/com/asianpaints/painttotal/SSOBot.class",
               "details": [
                  {
                     "reference": "Method onCCAFilter",
                     "match": "java.text.SimpleDateFormat.format(*)",
                     "lineNumber": 212
                  },
                  {
                     "reference": "Method onCCAFilter",
                     "match": "java.text.SimpleDateFormat.format(*)",
                     "lineNumber": 217
                  },
                  {
                     "reference": "Method onSiteVisitFilter",
                     "match": "java.text.SimpleDateFormat.format(*)",
                     "lineNumber": 176
                  },
                  {
                     "reference": "Method onSiteVisitFilter",
                     "match": "java.text.SimpleDateFormat.format(*)",
                     "lineNumber": 177
                  },
                  {
                     "reference": "Method onVolumeByDate",
                     "match": "java.text.SimpleDateFormat.format(*)",
                     "lineNumber": 443
                  },
                  {
                     "reference": "Method onVolumeByDate",
                     "match": "java.text.SimpleDateFormat.format(*)",
                     "lineNumber": 444
                  },
                  {
                     "reference": "Method onVolumeByDate",
                     "match": "java.text.SimpleDateFormat.format(*)",
                     "lineNumber": 448
                  },
                  {
                     "reference": "Method onVolumeByDate",
                     "match": "java.text.SimpleDateFormat.format(*)",
                     "lineNumber": 448
                  }
               ]
            },
            {
               "fileName": "PaintTotal_war.ear/PaintTotal.war/WEB-INF/classes/com/asianpaints/painttotal/SiteBot.class",
               "details": [
                  {
                     "reference": "Method handlePayment",
                     "match": "java.text.SimpleDateFormat.format(*)",
                     "lineNumber": 747
                  },
                  {
                     "reference": "Method handlePayment",
                     "match": "java.text.SimpleDateFormat.format(*)",
                     "lineNumber": 748
                  },
                  {
                     "reference": "Method handle_update_work",
                     "match": "java.text.SimpleDateFormat.format(*)",
                     "lineNumber": 1101
                  },
                  {
                     "reference": "Method handle_update_work",
                     "match": "java.text.SimpleDateFormat.format(*)",
                     "lineNumber": 1106
                  },
                  {
                     "reference": "Method handle_update_work",
                     "match": "java.text.SimpleDateFormat.format(*)",
                     "lineNumber": 1113
                  },
                  {
                     "reference": "Method handle_update_work",
                     "match": "java.text.SimpleDateFormat.format(*)",
                     "lineNumber": 1118
                  },
                  {
                     "reference": "Method handle_update_work",
                     "match": "java.text.SimpleDateFormat.format(*)",
                     "lineNumber": 1125
                  },
                  {
                     "reference": "Method handle_update_work",
                     "match": "java.text.SimpleDateFormat.format(*)",
                     "lineNumber": 1130
                  },
                  {
                     "reference": "Method handle_update_work",
                     "match": "java.text.SimpleDateFormat.format(*)",
                     "lineNumber": 1137
                  },
                  {
                     "reference": "Method handle_update_work",
                     "match": "java.text.SimpleDateFormat.format(*)",
                     "lineNumber": 1142
                  },
                  {
                     "reference": "Method handle_update_work",
                     "match": "java.text.SimpleDateFormat.format(*)",
                     "lineNumber": 1149
                  },
                  {
                     "reference": "Method handle_update_work",
                     "match": "java.text.SimpleDateFormat.format(*)",
                     "lineNumber": 1154
                  },
                  {
                     "reference": "Method handle_update_work",
                     "match": "java.text.SimpleDateFormat.format(*)",
                     "lineNumber": 1161
                  },
                  {
                     "reference": "Method handle_update_work",
                     "match": "java.text.SimpleDateFormat.format(*)",
                     "lineNumber": 1166
                  },
                  {
                     "reference": "Method handle_update_work",
                     "match": "java.text.SimpleDateFormat.format(*)",
                     "lineNumber": 1173
                  },
                  {
                     "reference": "Method handle_update_work",
                     "match": "java.text.SimpleDateFormat.format(*)",
                     "lineNumber": 1178
                  },
                  {
                     "reference": "Method handle_update_work",
                     "match": "java.text.SimpleDateFormat.format(*)",
                     "lineNumber": 1186
                  },
                  {
                     "reference": "Method handle_update_work",
                     "match": "java.text.SimpleDateFormat.format(*)",
                     "lineNumber": 1191
                  },
                  {
                     "reference": "Method handle_update_work",
                     "match": "java.text.SimpleDateFormat.format(*)",
                     "lineNumber": 1198
                  },
                  {
                     "reference": "Method handle_update_work",
                     "match": "java.text.SimpleDateFormat.format(*)",
                     "lineNumber": 1203
                  },
                  {
                     "reference": "Method handle_update_work",
                     "match": "java.text.SimpleDateFormat.format(*)",
                     "lineNumber": 1210
                  },
                  {
                     "reference": "Method handle_update_work",
                     "match": "java.text.SimpleDateFormat.format(*)",
                     "lineNumber": 1215
                  },
                  {
                     "reference": "Method handle_update_work",
                     "match": "java.text.SimpleDateFormat.format(*)",
                     "lineNumber": 1222
                  },
                  {
                     "reference": "Method handle_update_work",
                     "match": "java.text.SimpleDateFormat.format(*)",
                     "lineNumber": 1227
                  },
                  {
                     "reference": "Method onGetAmount",
                     "match": "java.text.SimpleDateFormat.format(*)",
                     "lineNumber": 444
                  },
                  {
                     "reference": "Method onGetAmount",
                     "match": "java.text.SimpleDateFormat.format(*)",
                     "lineNumber": 449
                  },
                  {
                     "reference": "Method onGetAmount",
                     "match": "java.text.SimpleDateFormat.format(*)",
                     "lineNumber": 468
                  },
                  {
                     "reference": "Method onGetAmount",
                     "match": "java.text.SimpleDateFormat.format(*)",
                     "lineNumber": 473
                  },
                  {
                     "reference": "Method onGetAmount",
                     "match": "java.text.SimpleDateFormat.format(*)",
                     "lineNumber": 493
                  },
                  {
                     "reference": "Method onGetAmount",
                     "match": "java.text.SimpleDateFormat.format(*)",
                     "lineNumber": 493
                  },
                  {
                     "reference": "Method onGetFeedback",
                     "match": "java.text.SimpleDateFormat.format(*)",
                     "lineNumber": 1406
                  },
                  {
                     "reference": "Method onSiteLost",
                     "match": "java.text.SimpleDateFormat.format(*)",
                     "lineNumber": 699
                  },
                  {
                     "reference": "Method onSitevisit",
                     "match": "java.text.SimpleDateFormat.format(*)",
                     "lineNumber": 671
                  },
                  {
                     "reference": "Method onTaskCompleted",
                     "match": "java.text.SimpleDateFormat.format(*)",
                     "lineNumber": 782
                  }
               ]
            },
            {
               "fileName": "PaintTotal_war.ear/PaintTotal.war/WEB-INF/classes/com/asianpaints/painttotal/services/Daily_Alert.class",
               "details": [
                  {
                     "reference": "Method checkSiteMonitoringDate",
                     "match": "java.text.SimpleDateFormat.format(*)",
                     "lineNumber": 688
                  },
                  {
                     "reference": "Method expPaymentAlert",
                     "match": "java.text.SimpleDateFormat.format(*)",
                     "lineNumber": 45
                  },
                  {
                     "reference": "Method expPaymentAlert",
                     "match": "java.text.SimpleDateFormat.format(*)",
                     "lineNumber": 48
                  },
                  {
                     "reference": "Method expPaymentAlert",
                     "match": "java.text.SimpleDateFormat.format(*)",
                     "lineNumber": 55
                  },
                  {
                     "reference": "Method expPaymentAlert",
                     "match": "java.text.SimpleDateFormat.format(*)",
                     "lineNumber": 58
                  },
                  {
                     "reference": "Method expWorkAlert",
                     "match": "java.text.SimpleDateFormat.format(*)",
                     "lineNumber": 87
                  },
                  {
                     "reference": "Method expWorkAlert",
                     "match": "java.text.SimpleDateFormat.format(*)",
                     "lineNumber": 91
                  },
                  {
                     "reference": "Method getOverView",
                     "match": "java.text.SimpleDateFormat.format(*)",
                     "lineNumber": 167
                  },
                  {
                     "reference": "Method getOverView",
                     "match": "java.text.SimpleDateFormat.format(*)",
                     "lineNumber": 169
                  },
                  {
                     "reference": "Method getOverView",
                     "match": "java.text.SimpleDateFormat.format(*)",
                     "lineNumber": 178
                  },
                  {
                     "reference": "Method getOverView",
                     "match": "java.text.SimpleDateFormat.format(*)",
                     "lineNumber": 180
                  },
                  {
                     "reference": "Method getOverView",
                     "match": "java.text.SimpleDateFormat.format(*)",
                     "lineNumber": 201
                  },
                  {
                     "reference": "Method getOverView",
                     "match": "java.text.SimpleDateFormat.format(*)",
                     "lineNumber": 233
                  },
                  {
                     "reference": "Method recordPayment",
                     "match": "java.text.SimpleDateFormat.format(*)",
                     "lineNumber": 629
                  },
                  {
                     "reference": "Method recordPayment",
                     "match": "java.text.SimpleDateFormat.format(*)",
                     "lineNumber": 630
                  },
                  {
                     "reference": "Method showFeedbackByDate",
                     "match": "java.text.SimpleDateFormat.format(*)",
                     "lineNumber": 728
                  },
                  {
                     "reference": "Method showFeedbackByDate",
                     "match": "java.text.SimpleDateFormat.format(*)",
                     "lineNumber": 728
                  },
                  {
                     "reference": "Method showFeedbackByDate",
                     "match": "java.text.SimpleDateFormat.format(*)",
                     "lineNumber": 742
                  },
                  {
                     "reference": "Method showFeedbackByDate",
                     "match": "java.text.SimpleDateFormat.format(*)",
                     "lineNumber": 742
                  }
               ]
            },
            {
               "fileName": "PaintTotal_war.ear/PaintTotal.war/WEB-INF/classes/com/asianpaints/painttotal/services/LogtoDB.class",
               "details": [
                  {
                     "reference": "Method logDB",
                     "match": "java.text.SimpleDateFormat.format(*)",
                     "lineNumber": 17
                  }
               ]
            },
            {
               "fileName": "PaintTotal_war.ear/PaintTotal.war/WEB-INF/lib/jxl-2.6.10.jar/jxl/demo/Write.class",
               "details": [
                  {
                     "reference": "Method writeDateFormatSheet",
                     "match": "java.text.SimpleDateFormat.format(*)",
                     "lineNumber": 497
                  },
                  {
                     "reference": "Method writeDateFormatSheet",
                     "match": "java.text.SimpleDateFormat.format(*)",
                     "lineNumber": 617
                  },
                  {
                     "reference": "Method writeDateFormatSheet",
                     "match": "java.text.SimpleDateFormat.format(*)",
                     "lineNumber": 626
                  },
                  {
                     "reference": "Method writeDateFormatSheet",
                     "match": "java.text.SimpleDateFormat.format(*)",
                     "lineNumber": 635
                  },
                  {
                     "reference": "Method writeDateFormatSheet",
                     "match": "java.text.SimpleDateFormat.format(*)",
                     "lineNumber": 644
                  },
                  {
                     "reference": "Method writeDateFormatSheet",
                     "match": "java.text.SimpleDateFormat.format(*)",
                     "lineNumber": 653
                  },
                  {
                     "reference": "Method writeDateFormatSheet",
                     "match": "java.text.SimpleDateFormat.format(*)",
                     "lineNumber": 662
                  },
                  {
                     "reference": "Method writeDateFormatSheet",
                     "match": "java.text.SimpleDateFormat.format(*)",
                     "lineNumber": 671
                  },
                  {
                     "reference": "Method writeDateFormatSheet",
                     "match": "java.text.SimpleDateFormat.format(*)",
                     "lineNumber": 680
                  },
                  {
                     "reference": "Method writeDateFormatSheet",
                     "match": "java.text.SimpleDateFormat.format(*)",
                     "lineNumber": 689
                  },
                  {
                     "reference": "Method writeDateFormatSheet",
                     "match": "java.text.SimpleDateFormat.format(*)",
                     "lineNumber": 698
                  },
                  {
                     "reference": "Method writeDateFormatSheet",
                     "match": "java.text.SimpleDateFormat.format(*)",
                     "lineNumber": 707
                  },
                  {
                     "reference": "Method writeDateFormatSheet",
                     "match": "java.text.SimpleDateFormat.format(*)",
                     "lineNumber": 716
                  },
                  {
                     "reference": "Method writeDateFormatSheet",
                     "match": "java.text.SimpleDateFormat.format(*)",
                     "lineNumber": 725
                  }
               ]
            },
            {
               "fileName": "PaintTotal_war.ear/PaintTotal.war/WEB-INF/lib/jxl-2.6.10.jar/jxl/read/biff/DateRecord.class",
               "details": [
                  {
                     "reference": "Method getContents",
                     "match": "java.text.DateFormat.format(*)",
                     "lineNumber": 236
                  }
               ]
            },
            {
               "fileName": "PaintTotal_war.ear/PaintTotal.war/WEB-INF/lib/teamchat-client-sdk.2.1.jar/com/mysql/jdbc/EscapeProcessor.class",
               "details": [
                  {
                     "reference": "Method processTimestampToken",
                     "match": "java.text.SimpleDateFormat.format(*)",
                     "lineNumber": 387
                  }
               ]
            },
            {
               "fileName": "PaintTotal_war.ear/PaintTotal.war/WEB-INF/lib/teamchat-client-sdk.2.1.jar/com/mysql/jdbc/PreparedStatement.class",
               "details": [
                  {
                     "reference": "Method getDateTime",
                     "match": "java.text.SimpleDateFormat.format(*)",
                     "lineNumber": 1858
                  },
                  {
                     "reference": "Method newSetDateInternal",
                     "match": "java.text.SimpleDateFormat.format(*)",
                     "lineNumber": 4388
                  },
                  {
                     "reference": "Method newSetTimeInternal",
                     "match": "java.text.SimpleDateFormat.format(*)",
                     "lineNumber": 4370
                  },
                  {
                     "reference": "Method newSetTimestampInternal",
                     "match": "java.text.SimpleDateFormat.format(*)",
                     "lineNumber": 4349
                  },
                  {
                     "reference": "Method setDate",
                     "match": "java.text.SimpleDateFormat.format(*)",
                     "lineNumber": 3309
                  },
                  {
                     "reference": "Method setTimestampInternal",
                     "match": "java.text.SimpleDateFormat.format(*)",
                     "lineNumber": 4313
                  }
               ]
            },
            {
               "fileName": "PaintTotal_war.ear/PaintTotal.war/WEB-INF/lib/teamchat-client-sdk.2.1.jar/com/teamchat/client/sdk/impl/TeamchatAPIImpl.class",
               "details": [
                  {
                     "reference": "Method log",
                     "match": "java.text.DateFormat.format(*)",
                     "lineNumber": 0
                  }
               ]
            }
         ]
      },
      {
         "ruleName": "Behavior change in most Collection.removeAll and Collection.retainAll implementations",
         "ruleId": "CollectionMethods",
         "severity": "Information",
         "category": "Java SE version migration / Java SE 8 compatibility impacts",
         "results": [
            {
               "fileName": "PaintTotal_war.ear/PaintTotal.war/WEB-INF/lib/teamchat-client-sdk.2.1.jar/com/mysql/jdbc/DatabaseMetaData.class",
               "details": [
                  {
                     "reference": "Method getSQLKeywords",
                     "match": "java.util.Set.removeAll(*)",
                     "lineNumber": 4294
                  }
               ]
            },
            {
               "fileName": "PaintTotal_war.ear/PaintTotal.war/WEB-INF/lib/teamchat-client-sdk.2.1.jar/com/mysql/jdbc/LoadBalancingConnectionProxy.class",
               "details": [
                  {
                     "reference": "Method getGlobalBlacklist",
                     "match": "java.util.Set.retainAll(*)",
                     "lineNumber": 622
                  }
               ]
            },
            {
               "fileName": "PaintTotal_war.ear/PaintTotal.war/WEB-INF/lib/teamchat-client-sdk.2.1.jar/com/mysql/jdbc/RandomBalanceStrategy.class",
               "details": [
                  {
                     "reference": "Method pickConnection",
                     "match": "java.util.List.removeAll(*)",
                     "lineNumber": 57
                  },
                  {
                     "reference": "Method pickConnection",
                     "match": "java.util.List.removeAll(*)",
                     "lineNumber": 100
                  }
               ]
            }
         ]
      },
      {
         "ruleName": "Behavior change in rounding in NumberFormat and DecimalFormat format methods",
         "ruleId": "NumberFormatRounding",
         "severity": "Information",
         "category": "Java SE version migration / Java SE 8 compatibility impacts",
         "results": [
            {
               "fileName": "PaintTotal_war.ear/PaintTotal.war/WEB-INF/classes/com/asianpaints/painttotal/services/Daily_Alert.class",
               "details": [
                  {
                     "reference": "Method showFeedbackByDate",
                     "match": "java.text.DecimalFormat.format(double)",
                     "lineNumber": 747
                  }
               ]
            },
            {
               "fileName": "PaintTotal_war.ear/PaintTotal.war/WEB-INF/lib/jxl-2.6.10.jar/jxl/biff/DVParser.class",
               "details": [
                  {
                     "reference": "Constructor",
                     "match": "java.text.DecimalFormat.format(double)",
                     "lineNumber": 575
                  },
                  {
                     "reference": "Constructor",
                     "match": "java.text.DecimalFormat.format(double)",
                     "lineNumber": 579
                  }
               ]
            },
            {
               "fileName": "PaintTotal_war.ear/PaintTotal.war/WEB-INF/lib/jxl-2.6.10.jar/jxl/read/biff/NumberFormulaRecord.class",
               "details": [
                  {
                     "reference": "Method getContents",
                     "match": "java.text.NumberFormat.format(double)",
                     "lineNumber": 131
                  }
               ]
            },
            {
               "fileName": "PaintTotal_war.ear/PaintTotal.war/WEB-INF/lib/jxl-2.6.10.jar/jxl/read/biff/NumberRecord.class",
               "details": [
                  {
                     "reference": "Method getContents",
                     "match": "java.text.NumberFormat.format(double)",
                     "lineNumber": 97
                  }
               ]
            },
            {
               "fileName": "PaintTotal_war.ear/PaintTotal.war/WEB-INF/lib/jxl-2.6.10.jar/jxl/read/biff/NumberValue.class",
               "details": [
                  {
                     "reference": "Method getContents",
                     "match": "java.text.NumberFormat.format(double)",
                     "lineNumber": 168
                  }
               ]
            },
            {
               "fileName": "PaintTotal_war.ear/PaintTotal.war/WEB-INF/lib/jxl-2.6.10.jar/jxl/read/biff/RKRecord.class",
               "details": [
                  {
                     "reference": "Method getContents",
                     "match": "java.text.NumberFormat.format(double)",
                     "lineNumber": 96
                  }
               ]
            },
            {
               "fileName": "PaintTotal_war.ear/PaintTotal.war/WEB-INF/lib/jxl-2.6.10.jar/jxl/read/biff/SharedNumberFormulaRecord.class",
               "details": [
                  {
                     "reference": "Method getContents",
                     "match": "java.text.NumberFormat.format(double)",
                     "lineNumber": 127
                  }
               ]
            },
            {
               "fileName": "PaintTotal_war.ear/PaintTotal.war/WEB-INF/lib/jxl-2.6.10.jar/jxl/write/biff/NumberRecord.class",
               "details": [
                  {
                     "reference": "Method getContents",
                     "match": "java.text.NumberFormat.format(double)",
                     "lineNumber": 147
                  }
               ]
            }
         ]
      },
      {
         "ruleName": "CDI scans for implicit beans when there is no beans.xml file",
         "ruleId": "MissingBeansFile",
         "severity": "Warning",
         "category": "Java EE 7 / CDI",
         "results": [
            {
               "fileName": "PaintTotal_war.ear/PaintTotal.war",
               "details": [
                  {
                     "reference": null,
                     "match": ".*(\\.war|\\.jar)",
                     "lineNumber": 0
                  }
               ]
            },
            {
               "fileName": "PaintTotal_war.ear/PaintTotal.war/WEB-INF/lib/javax.mail-1.5.3.jar",
               "details": [
                  {
                     "reference": null,
                     "match": ".*(\\.war|\\.jar)",
                     "lineNumber": 0
                  }
               ]
            },
            {
               "fileName": "PaintTotal_war.ear/PaintTotal.war/WEB-INF/lib/jxl-2.6.10.jar",
               "details": [
                  {
                     "reference": null,
                     "match": ".*(\\.war|\\.jar)",
                     "lineNumber": 0
                  }
               ]
            },
            {
               "fileName": "PaintTotal_war.ear/PaintTotal.war/WEB-INF/lib/ojdbc7.jar",
               "details": [
                  {
                     "reference": null,
                     "match": ".*(\\.war|\\.jar)",
                     "lineNumber": 0
                  }
               ]
            },
            {
               "fileName": "PaintTotal_war.ear/PaintTotal.war/WEB-INF/lib/teamchat-client-sdk.2.1.jar",
               "details": [
                  {
                     "reference": null,
                     "match": ".*(\\.war|\\.jar)",
                     "lineNumber": 0
                  }
               ]
            }
         ]
      },
      {
         "ruleName": "Databases",
         "ruleId": "DatabasesRule",
         "severity": "Warning",
         "category": "Technology connectivity considerations for IBM Cloud",
         "results": [
            {
               "fileName": "PaintTotal_war.ear/PaintTotal.war/WEB-INF/classes/com/asianpaints/painttotal/GenerateReport.class",
               "details": [
                  {
                     "reference": "Method doGet",
                     "match": "java.sql",
                     "lineNumber": 137
                  }
               ]
            },
            {
               "fileName": "PaintTotal_war.ear/PaintTotal.war/WEB-INF/lib/teamchat-client-sdk.2.1.jar/com/mysql/fabric/hibernate/FabricMultiTenantConnectionProvider.class",
               "details": [
                  {
                     "reference": "Class implements",
                     "match": "org.hibernate.service.jdbc.connections.spi",
                     "lineNumber": 0
                  },
                  {
                     "reference": "Method getAnyConnection",
                     "match": "java.sql",
                     "lineNumber": 94
                  }
               ]
            }
         ]
      },
      {
         "ruleName": "Do not start unmanaged threads within the web or EJB container",
         "ruleId": "CreateThreadMethodsInWebOrEjbProject",
         "severity": "Warning",
         "category": "All application servers",
         "results": [
            {
               "fileName": "PaintTotal_war.ear/PaintTotal.war/WEB-INF/lib/teamchat-client-sdk.2.1.jar/com/mysql/jdbc/NonRegisteringDriver.class",
               "details": [
                  {
                     "reference": "Static initializer",
                     "match": "com.mysql.jdbc.AbandonedConnectionCleanupThread.start(*)",
                     "lineNumber": 106
                  }
               ]
            },
            {
               "fileName": "PaintTotal_war.ear/PaintTotal.war/WEB-INF/lib/teamchat-client-sdk.2.1.jar/com/mysql/jdbc/StatementImpl$CancelTask.class",
               "details": [
                  {
                     "reference": "Method run",
                     "match": "java.lang.Thread.start(*)",
                     "lineNumber": 164
                  }
               ]
            },
            {
               "fileName": "PaintTotal_war.ear/PaintTotal.war/WEB-INF/lib/teamchat-client-sdk.2.1.jar/com/teamchat/client/sdk/events/EventStreamConnector.class",
               "details": [
                  {
                     "reference": "Method start",
                     "match": "java.lang.Thread.start(*)",
                     "lineNumber": 0
                  }
               ]
            },
            {
               "fileName": "PaintTotal_war.ear/PaintTotal.war/WEB-INF/lib/teamchat-client-sdk.2.1.jar/com/teamchat/client/utils/FormIDQueue.class",
               "details": [
                  {
                     "reference": "Method executeNextTaskIn",
                     "match": "java.lang.Runnable.run(*)",
                     "lineNumber": 0
                  }
               ]
            }
         ]
      },
      {
         "ruleName": "JavaMail server",
         "ruleId": "MailServerRule",
         "severity": "Warning",
         "category": "Technology connectivity considerations for IBM Cloud",
         "results": [
            {
               "fileName": "PaintTotal_war.ear/PaintTotal.war/WEB-INF/classes/com/asianpaints/painttotal/services/MailReport$1.class",
               "details": [
                  {
                     "reference": "Constructor",
                     "match": "javax.mail",
                     "lineNumber": 74
                  }
               ]
            }
         ]
      },
      {
         "ruleName": "MBean and MXBean interfaces must be public",
         "ruleId": "MXBeanRule",
         "severity": "Severe",
         "category": "Java SE version migration / Java SE 8 compatibility impacts",
         "results": [
            {
               "fileName": "PaintTotal_war.ear/PaintTotal.war/WEB-INF/lib/teamchat-client-sdk.2.1.jar/com/mysql/jdbc/jmx/LoadBalanceConnectionGroupManager.class",
               "details": [
                  {
                     "reference": "Method registerJmx",
                     "match": "javax.management.MBeanServer.registerMBean(*)",
                     "lineNumber": 50
                  }
               ]
            },
            {
               "fileName": "PaintTotal_war.ear/PaintTotal.war/WEB-INF/lib/teamchat-client-sdk.2.1.jar/com/mysql/jdbc/jmx/ReplicationGroupManager.class",
               "details": [
                  {
                     "reference": "Method registerJmx",
                     "match": "javax.management.MBeanServer.registerMBean(*)",
                     "lineNumber": 46
                  }
               ]
            }
         ]
      },
      {
         "ruleName": "Validate the URL host and port for cloud access",
         "ruleId": "URLRuleDockerCloud",
         "severity": "Warning",
         "category": "Connectivity considerations for IBM Cloud (Docker and WebSphere in IBM Cloud)",
         "results": [
            {
               "fileName": "PaintTotal_war.ear/PaintTotal.war/WEB-INF/classes/com/asianpaints/painttotal/SSOBot.class",
               "details": [
                  {
                     "reference": "Method onGetDump",
                     "match": "http://mservedev.asianpaints.com/PT/GenerateReport?SSOEMAIL=",
                     "lineNumber": 530
                  }
               ]
            },
            {
               "fileName": "PaintTotal_war.ear/PaintTotal.war/WEB-INF/lib/jxl-2.6.10.jar/jxl/demo/ReadWrite.class",
               "details": [
                  {
                     "reference": "Method modify",
                     "match": "http://www.andykhan.com/jexcelapi/index.html",
                     "lineNumber": 269
                  }
               ]
            },
            {
               "fileName": "PaintTotal_war.ear/PaintTotal.war/WEB-INF/lib/jxl-2.6.10.jar/jxl/demo/Write.class",
               "details": [
                  {
                     "reference": "Method writeLabelFormatSheet",
                     "match": "http://www.amazon.co.uk/exec/obidos/ASIN/0571058086/qid=1099836249/sr=1-3/ref=sr_1_11_3/202-6017285-1620664",
                     "lineNumber": 1083
                  },
                  {
                     "reference": "Method writeLabelFormatSheet",
                     "match": "http://www.andykhan.com/jexcelapi",
                     "lineNumber": 1055
                  }
               ]
            },
            {
               "fileName": "PaintTotal_war.ear/PaintTotal.war/WEB-INF/lib/jxl-2.6.10.jar/jxl/read/biff/HyperlinkRecord.class",
               "details": [
                  {
                     "reference": "Constructor",
                     "match": "http://www.andykhan.com/jexcelapi/index.html",
                     "lineNumber": 211
                  },
                  {
                     "reference": "Constructor",
                     "match": "http://www.andykhan.com/jexcelapi/index.html",
                     "lineNumber": 232
                  }
               ]
            },
            {
               "fileName": "PaintTotal_war.ear/PaintTotal.war/WEB-INF/lib/teamchat-client-sdk.2.1.jar/com/mysql/fabric/hibernate/FabricMultiTenantConnectionProvider.class",
               "details": [
                  {
                     "reference": "Method getReadWriteConnectionFromServerGroup",
                     "match": "jdbc:mysql://%s:%s/%s",
                     "lineNumber": 81
                  }
               ]
            },
            {
               "fileName": "PaintTotal_war.ear/PaintTotal.war/WEB-INF/lib/teamchat-client-sdk.2.1.jar/com/mysql/jdbc/util/BaseBugReport.class",
               "details": [
                  {
                     "reference": "Method getUrl",
                     "match": "jdbc:mysql:///test",
                     "lineNumber": 182
                  }
               ]
            },
            {
               "fileName": "PaintTotal_war.ear/PaintTotal.war/WEB-INF/lib/teamchat-client-sdk.2.1.jar/com/mysql/jdbc/util/TimezoneDump.class",
               "details": [
                  {
                     "reference": "Field DEFAULT_URL",
                     "match": "jdbc:mysql:///test",
                     "lineNumber": 0
                  },
                  {
                     "reference": "Method main",
                     "match": "jdbc:mysql:///test",
                     "lineNumber": 53
                  }
               ]
            }
         ]
      }
   ]
}