{
   "report": "analysis",
   "version": "1.2",
   "productVersion": "9.0",
   "productRelease": "19.0.0.2-TA1",
   "options": [
      "--sourceAppServer=was855",
      "--sourceJava=ibm7",
      "--sourceJavaEE=ee6",
      "--targetAppServer=was90",
      "--targetJava=ibm8",
      "--targetJavaEE=ee7",
      "--targetCloud=vmIBMCloud",
      "--excludePackages=com.ibm,com.informix,com.microsoft,com.sybase,com.sun,java,javax,net,oracle,org,sqlj,_ibmjsp"
   ],
   "totalRulesFlagged": 5,
   "filesAffected": 3,
   "totalResults": 7,
   "severitySummary": [
      {
         "severity": "Severe",
         "totalRulesFlagged": 1,
         "totalResults": 2
      },
      {
         "severity": "Warning",
         "totalRulesFlagged": 3,
         "totalResults": 4
      },
      {
         "severity": "Information",
         "totalRulesFlagged": 1,
         "totalResults": 1
      }
   ],
   "applications": [
      "/opt/IBM/WebSphere/AppServer/profiles/Dmgr01/config/cells/apwasdevCell01/applications/QR_Tools_war.ear/QR_Tools_war.ear"
   ],
   "rules": [
      {
         "ruleName": "Behavior change in month name formatting for some languages",
         "ruleId": "MonthFormattingNames",
         "severity": "Information",
         "category": "Java SE version migration / Java SE 8 compatibility impacts",
         "results": [
            {
               "fileName": "QR_Tools_war.ear/QR_Tools.war/WEB-INF/classes/Redirect.class",
               "details": [
                  {
                     "reference": "Method doGet",
                     "match": "java.text.SimpleDateFormat.format(*)",
                     "lineNumber": 50
                  }
               ]
            }
         ]
      },
      {
         "ruleName": "CDI scans for implicit beans when there is no beans.xml file",
         "ruleId": "MissingBeansFile",
         "severity": "Warning",
         "category": "Java EE 7 / CDI",
         "results": [
            {
               "fileName": "QR_Tools_war.ear/QR_Tools.war",
               "details": [
                  {
                     "reference": null,
                     "match": ".*(\\.war|\\.jar)",
                     "lineNumber": 0
                  }
               ]
            },
            {
               "fileName": "QR_Tools_war.ear/QR_Tools.war/WEB-INF/lib/servlet-api.jar",
               "details": [
                  {
                     "reference": null,
                     "match": ".*(\\.war|\\.jar)",
                     "lineNumber": 0
                  }
               ]
            }
         ]
      },
      {
         "ruleName": "Check for a behavior change on the sendRedirect method",
         "ruleId": "SendRedirectBehaviorChange",
         "severity": "Severe",
         "category": "Java EE 7 / Servlet 3.1",
         "results": [
            {
               "fileName": "QR_Tools_war.ear/QR_Tools.war/WEB-INF/classes/Redirect.class",
               "details": [
                  {
                     "reference": "Method doGet",
                     "match": "javax.servlet.http.HttpServletResponse.sendRedirect(\"https://www.youtube.com/user/AsianPaintsIndia\")",
                     "lineNumber": 85
                  },
                  {
                     "reference": "Method doGet",
                     "match": "javax.servlet.http.HttpServletResponse.sendRedirect(java.lang.String)",
                     "lineNumber": 49
                  }
               ]
            }
         ]
      },
      {
         "ruleName": "Databases",
         "ruleId": "DatabasesSQLRule",
         "severity": "Warning",
         "category": "Technology connectivity considerations for IBM Cloud",
         "results": [
            {
               "fileName": "QR_Tools_war.ear/QR_Tools.war/WEB-INF/classes/Redirect.class",
               "details": [
                  {
                     "reference": "Method doGet",
                     "match": "java.sql",
                     "lineNumber": 45
                  }
               ]
            }
         ]
      },
      {
         "ruleName": "Validate the URL host and port for cloud access",
         "ruleId": "URLRuleDockerCloud",
         "severity": "Warning",
         "category": "Connectivity considerations for IBM Cloud (Docker and WebSphere in IBM Cloud)",
         "results": [
            {
               "fileName": "QR_Tools_war.ear/QR_Tools.war/WEB-INF/classes/Redirect.class",
               "details": [
                  {
                     "reference": "Method doGet",
                     "match": "https://www.youtube.com/user/AsianPaintsIndia",
                     "lineNumber": 85
                  }
               ]
            }
         ]
      }
   ]
}