{
   "report": "analysis",
   "version": "1.2",
   "productVersion": "9.0",
   "productRelease": "19.0.0.2-TA1",
   "options": [
      "--sourceAppServer=was855",
      "--sourceJava=ibm7",
      "--sourceJavaEE=ee6",
      "--targetAppServer=liberty",
      "--targetJava=ibm8",
      "--targetCloud=dockerIBMCloud",
      "--excludePackages=com.ibm,com.informix,com.microsoft,com.sybase,com.sun,java,javax,net,oracle,org,sqlj,_ibmjsp"
   ],
   "totalRulesFlagged": 6,
   "filesAffected": 6,
   "totalResults": 24,
   "severitySummary": [
      {
         "severity": "Severe",
         "totalRulesFlagged": 1,
         "totalResults": 1
      },
      {
         "severity": "Warning",
         "totalRulesFlagged": 5,
         "totalResults": 23
      }
   ],
   "applications": [
      "/opt/IBM/WebSphere/AppServer/profiles/Dmgr01/config/cells/apwasdevCell01/applications/Retail_Complaints_war.ear/Retail_Complaints_war.ear"
   ],
   "rules": [
      {
         "ruleName": "Behavior change in java.lang.String and java.util.regex.Pattern split methods",
         "ruleId": "StringSplit",
         "severity": "Warning",
         "category": "Java SE version migration / Java SE 8 compatibility impacts",
         "results": [
            {
               "fileName": "Retail_Complaints_war.ear/Retail_Complaints.war/WEB-INF/classes/JSONObject.class",
               "details": [
                  {
                     "reference": "Constructor",
                     "match": "java.lang.String.split(*)",
                     "lineNumber": 324
                  }
               ]
            },
            {
               "fileName": "Retail_Complaints_war.ear/Retail_Complaints.war/WEB-INF/classes/getDetails.class",
               "details": [
                  {
                     "reference": "Method doGet",
                     "match": "java.lang.String.split(*)",
                     "lineNumber": 69
                  }
               ]
            },
            {
               "fileName": "Retail_Complaints_war.ear/Retail_Complaints.war/WEB-INF/classes/getDetails1.class",
               "details": [
                  {
                     "reference": "Method doGet",
                     "match": "java.lang.String.split(*)",
                     "lineNumber": 67
                  }
               ]
            },
            {
               "fileName": "Retail_Complaints_war.ear/Retail_Complaints.war/WEB-INF/classes/login.class",
               "details": [
                  {
                     "reference": "Method doPost",
                     "match": "java.lang.String.split(*)",
                     "lineNumber": 100
                  }
               ]
            }
         ]
      },
      {
         "ruleName": "Databases",
         "ruleId": "DatabasesSQLRule",
         "severity": "Warning",
         "category": "Technology connectivity considerations for IBM Cloud",
         "results": [
            {
               "fileName": "Retail_Complaints_war.ear/Retail_Complaints.war/WEB-INF/classes/getDetails.class",
               "details": [
                  {
                     "reference": "Method doGet",
                     "match": "java.sql",
                     "lineNumber": 134
                  }
               ]
            }
         ]
      },
      {
         "ruleName": "Java EE security",
         "ruleId": "ApplicationSecurityRule",
         "severity": "Warning",
         "category": "Technology connectivity considerations for IBM Cloud",
         "results": [
            {
               "fileName": "Retail_Complaints_war.ear/Retail_Complaints.war/WEB-INF/web.xml",
               "details": [
                  {
                     "reference": null,
                     "match": "security-constraint",
                     "lineNumber": 32
                  }
               ]
            }
         ]
      },
      {
         "ruleName": "Managing data inside and between Docker containers",
         "ruleId": "FileSystemRule",
         "severity": "Warning",
         "category": "Docker (IBM Cloud Kubernetes Service)",
         "results": [
            {
               "fileName": "Retail_Complaints_war.ear/Retail_Complaints.war/WEB-INF/classes/getDetails.class",
               "details": [
                  {
                     "reference": "Method doGet",
                     "match": "java.io.FileWriter",
                     "lineNumber": 998
                  },
                  {
                     "reference": "Method doGet",
                     "match": "java.io.FileWriter",
                     "lineNumber": 1002
                  },
                  {
                     "reference": "Method doGet",
                     "match": "java.io.FileWriter",
                     "lineNumber": 1009
                  }
               ]
            },
            {
               "fileName": "Retail_Complaints_war.ear/Retail_Complaints.war/WEB-INF/classes/getDetails1.class",
               "details": [
                  {
                     "reference": "Method doGet",
                     "match": "java.io.FileWriter",
                     "lineNumber": 955
                  },
                  {
                     "reference": "Method doGet",
                     "match": "java.io.FileWriter",
                     "lineNumber": 962
                  },
                  {
                     "reference": "Method doGet",
                     "match": "java.io.FileWriter",
                     "lineNumber": 970
                  }
               ]
            },
            {
               "fileName": "Retail_Complaints_war.ear/Retail_Complaints.war/WEB-INF/classes/upload.class",
               "details": [
                  {
                     "reference": "Method doPost",
                     "match": "java.io.FileOutputStream",
                     "lineNumber": 142
                  },
                  {
                     "reference": "Method doPost",
                     "match": "java.io.FileOutputStream",
                     "lineNumber": 145
                  },
                  {
                     "reference": "Method doPost",
                     "match": "java.io.FileOutputStream",
                     "lineNumber": 192
                  },
                  {
                     "reference": "Method doPost",
                     "match": "java.io.FileOutputStream",
                     "lineNumber": 195
                  },
                  {
                     "reference": "Method doPost",
                     "match": "java.io.FileOutputStream",
                     "lineNumber": 230
                  },
                  {
                     "reference": "Method doPost",
                     "match": "java.io.FileWriter",
                     "lineNumber": 155
                  },
                  {
                     "reference": "Method doPost",
                     "match": "java.io.FileWriter",
                     "lineNumber": 159
                  },
                  {
                     "reference": "Method doPost",
                     "match": "java.io.FileWriter",
                     "lineNumber": 205
                  },
                  {
                     "reference": "Method doPost",
                     "match": "java.io.FileWriter",
                     "lineNumber": 209
                  },
                  {
                     "reference": "Method doPost",
                     "match": "java.io.FileWriter",
                     "lineNumber": 230
                  }
               ]
            }
         ]
      },
      {
         "ruleName": "The use of java.sql.Driver and java.sql.DriverManager interfaces requires configuration ",
         "ruleId": "SqlDriverRule",
         "severity": "Severe",
         "category": "WebSphere traditional to Liberty",
         "results": [
            {
               "fileName": "Retail_Complaints_war.ear/Retail_Complaints.war/WEB-INF/classes/getDetails.class",
               "details": [
                  {
                     "reference": "Method doGet",
                     "match": "java.sql.DriverManager.getConnection(*)",
                     "lineNumber": 137
                  }
               ]
            }
         ]
      },
      {
         "ruleName": "Validate the URL host and port for cloud access",
         "ruleId": "URLRuleDockerCloud",
         "severity": "Warning",
         "category": "Connectivity considerations for IBM Cloud (Docker and WebSphere in IBM Cloud)",
         "results": [
            {
               "fileName": "Retail_Complaints_war.ear/Retail_Complaints.war/WEB-INF/classes/login.class",
               "details": [
                  {
                     "reference": "Method doPost",
                     "match": "ldap://192.168.40.15:389/DC=asianpaints,DC=com",
                     "lineNumber": 134
                  }
               ]
            }
         ]
      }
   ]
}