{
   "report": "analysis",
   "version": "1.2",
   "productVersion": "9.0",
   "productRelease": "19.0.0.2-TA1",
   "options": [
      "--sourceAppServer=was855",
      "--sourceJava=ibm7",
      "--sourceJavaEE=ee6",
      "--targetAppServer=liberty",
      "--targetJava=ibm8",
      "--targetCloud=dockerIBMCloud",
      "--excludePackages=com.ibm,com.informix,com.microsoft,com.sybase,com.sun,java,javax,net,oracle,org,sqlj,_ibmjsp"
   ],
   "totalRulesFlagged": 8,
   "filesAffected": 49,
   "totalResults": 95,
   "severitySummary": [
      {
         "severity": "Severe",
         "totalRulesFlagged": 2,
         "totalResults": 5
      },
      {
         "severity": "Warning",
         "totalRulesFlagged": 5,
         "totalResults": 80
      },
      {
         "severity": "Information",
         "totalRulesFlagged": 1,
         "totalResults": 10
      }
   ],
   "applications": [
      "/opt/IBM/WebSphere/AppServer/profiles/Dmgr01/config/cells/apwasdevCell01/applications/SavingProject_war.ear/SavingProject_war.ear"
   ],
   "rules": [
      {
         "ruleName": "Behavior change in java.lang.String and java.util.regex.Pattern split methods",
         "ruleId": "StringSplit",
         "severity": "Warning",
         "category": "Java SE version migration / Java SE 8 compatibility impacts",
         "results": [
            {
               "fileName": "SavingProject_war.ear/SavingProject.war/WEB-INF/classes/DAMService/CustomDamServices.class",
               "details": [
                  {
                     "reference": "Method getFolderIdByPath",
                     "match": "java.lang.String.split(*)",
                     "lineNumber": 59
                  }
               ]
            },
            {
               "fileName": "SavingProject_war.ear/SavingProject.war/WEB-INF/classes/DAMService/FolderServices.class",
               "details": [
                  {
                     "reference": "Method getFolderIdByPath_old",
                     "match": "java.lang.String.split(*)",
                     "lineNumber": 80
                  }
               ]
            },
            {
               "fileName": "SavingProject_war.ear/SavingProject.war/WEB-INF/classes/DAMService/Upload_File_To_DAM_Service.class",
               "details": [
                  {
                     "reference": "Method upload_DAM",
                     "match": "java.lang.String.split(*)",
                     "lineNumber": 153
                  }
               ]
            }
         ]
      },
      {
         "ruleName": "Behavior change in month name formatting for some languages",
         "ruleId": "MonthFormattingNames",
         "severity": "Information",
         "category": "Java SE version migration / Java SE 8 compatibility impacts",
         "results": [
            {
               "fileName": "SavingProject_war.ear/SavingProject.war/WEB-INF/classes/DAMService/LogToDB.class",
               "details": [
                  {
                     "reference": "Method logToFile",
                     "match": "java.text.SimpleDateFormat.format(*)",
                     "lineNumber": 80
                  },
                  {
                     "reference": "Method logToFile",
                     "match": "java.text.SimpleDateFormat.format(*)",
                     "lineNumber": 84
                  },
                  {
                     "reference": "Method logToFile",
                     "match": "java.text.SimpleDateFormat.format(*)",
                     "lineNumber": 86
                  }
               ]
            },
            {
               "fileName": "SavingProject_war.ear/SavingProject.war/WEB-INF/classes/DAMService/UploadDAM.class",
               "details": [
                  {
                     "reference": "Method uplodPDF",
                     "match": "java.text.SimpleDateFormat.format(*)",
                     "lineNumber": 70
                  },
                  {
                     "reference": "Method uplodPDF",
                     "match": "java.text.SimpleDateFormat.format(*)",
                     "lineNumber": 75
                  }
               ]
            },
            {
               "fileName": "SavingProject_war.ear/SavingProject.war/WEB-INF/classes/SaveProject.class",
               "details": [
                  {
                     "reference": "Method doPost",
                     "match": "java.text.SimpleDateFormat.format(*)",
                     "lineNumber": 97
                  }
               ]
            },
            {
               "fileName": "SavingProject_war.ear/SavingProject.war/WEB-INF/classes/Services/LogToDB.class",
               "details": [
                  {
                     "reference": "Method error",
                     "match": "java.text.SimpleDateFormat.format(*)",
                     "lineNumber": 77
                  },
                  {
                     "reference": "Method error",
                     "match": "java.text.SimpleDateFormat.format(*)",
                     "lineNumber": 83
                  },
                  {
                     "reference": "Method logDB",
                     "match": "java.text.SimpleDateFormat.format(*)",
                     "lineNumber": 46
                  }
               ]
            },
            {
               "fileName": "SavingProject_war.ear/SavingProject.war/WEB-INF/classes/razuna/search/FolderCreation.class",
               "details": [
                  {
                     "reference": "Method main",
                     "match": "java.text.SimpleDateFormat.format(*)",
                     "lineNumber": 34
                  }
               ]
            }
         ]
      },
      {
         "ruleName": "Databases",
         "ruleId": "DatabasesSQLRule",
         "severity": "Warning",
         "category": "Technology connectivity considerations for IBM Cloud",
         "results": [
            {
               "fileName": "SavingProject_war.ear/SavingProject.war/WEB-INF/classes/DAMService/LogToDB.class",
               "details": [
                  {
                     "reference": "Constructor",
                     "match": "java.sql",
                     "lineNumber": 18
                  }
               ]
            }
         ]
      },
      {
         "ruleName": "Handling application configuration in Docker containers",
         "ruleId": "DetectPropertiesFiles",
         "severity": "Warning",
         "category": "Docker (IBM Cloud Kubernetes Service)",
         "results": [
            {
               "fileName": "SavingProject_war.ear/SavingProject.war/WEB-INF/lib/httpclient-4.3.4.jar/META-INF/maven/org.apache.httpcomponents/httpclient/pom.properties",
               "details": [
                  {
                     "reference": null,
                     "match": "(.*)?\\.properties",
                     "lineNumber": 0
                  }
               ]
            },
            {
               "fileName": "SavingProject_war.ear/SavingProject.war/WEB-INF/lib/httpclient-4.3.4.jar/org/apache/http/client/version.properties",
               "details": [
                  {
                     "reference": null,
                     "match": "(.*)?\\.properties",
                     "lineNumber": 0
                  }
               ]
            },
            {
               "fileName": "SavingProject_war.ear/SavingProject.war/WEB-INF/lib/httpcore-4.3.2.jar/META-INF/maven/org.apache.httpcomponents/httpcore/pom.properties",
               "details": [
                  {
                     "reference": null,
                     "match": "(.*)?\\.properties",
                     "lineNumber": 0
                  }
               ]
            },
            {
               "fileName": "SavingProject_war.ear/SavingProject.war/WEB-INF/lib/httpcore-4.3.2.jar/org/apache/http/version.properties",
               "details": [
                  {
                     "reference": null,
                     "match": "(.*)?\\.properties",
                     "lineNumber": 0
                  }
               ]
            },
            {
               "fileName": "SavingProject_war.ear/SavingProject.war/WEB-INF/lib/ojdbc6.jar/oracle/jdbc/driver/Messages.properties",
               "details": [
                  {
                     "reference": null,
                     "match": "(.*)?\\.properties",
                     "lineNumber": 0
                  }
               ]
            },
            {
               "fileName": "SavingProject_war.ear/SavingProject.war/WEB-INF/lib/ojdbc6.jar/oracle/jdbc/driver/Messages_ar.properties",
               "details": [
                  {
                     "reference": null,
                     "match": "(.*)?\\.properties",
                     "lineNumber": 0
                  }
               ]
            },
            {
               "fileName": "SavingProject_war.ear/SavingProject.war/WEB-INF/lib/ojdbc6.jar/oracle/jdbc/driver/Messages_ca.properties",
               "details": [
                  {
                     "reference": null,
                     "match": "(.*)?\\.properties",
                     "lineNumber": 0
                  }
               ]
            },
            {
               "fileName": "SavingProject_war.ear/SavingProject.war/WEB-INF/lib/ojdbc6.jar/oracle/jdbc/driver/Messages_cs.properties",
               "details": [
                  {
                     "reference": null,
                     "match": "(.*)?\\.properties",
                     "lineNumber": 0
                  }
               ]
            },
            {
               "fileName": "SavingProject_war.ear/SavingProject.war/WEB-INF/lib/ojdbc6.jar/oracle/jdbc/driver/Messages_da.properties",
               "details": [
                  {
                     "reference": null,
                     "match": "(.*)?\\.properties",
                     "lineNumber": 0
                  }
               ]
            },
            {
               "fileName": "SavingProject_war.ear/SavingProject.war/WEB-INF/lib/ojdbc6.jar/oracle/jdbc/driver/Messages_de.properties",
               "details": [
                  {
                     "reference": null,
                     "match": "(.*)?\\.properties",
                     "lineNumber": 0
                  }
               ]
            },
            {
               "fileName": "SavingProject_war.ear/SavingProject.war/WEB-INF/lib/ojdbc6.jar/oracle/jdbc/driver/Messages_el.properties",
               "details": [
                  {
                     "reference": null,
                     "match": "(.*)?\\.properties",
                     "lineNumber": 0
                  }
               ]
            },
            {
               "fileName": "SavingProject_war.ear/SavingProject.war/WEB-INF/lib/ojdbc6.jar/oracle/jdbc/driver/Messages_es.properties",
               "details": [
                  {
                     "reference": null,
                     "match": "(.*)?\\.properties",
                     "lineNumber": 0
                  }
               ]
            },
            {
               "fileName": "SavingProject_war.ear/SavingProject.war/WEB-INF/lib/ojdbc6.jar/oracle/jdbc/driver/Messages_fi.properties",
               "details": [
                  {
                     "reference": null,
                     "match": "(.*)?\\.properties",
                     "lineNumber": 0
                  }
               ]
            },
            {
               "fileName": "SavingProject_war.ear/SavingProject.war/WEB-INF/lib/ojdbc6.jar/oracle/jdbc/driver/Messages_fr.properties",
               "details": [
                  {
                     "reference": null,
                     "match": "(.*)?\\.properties",
                     "lineNumber": 0
                  }
               ]
            },
            {
               "fileName": "SavingProject_war.ear/SavingProject.war/WEB-INF/lib/ojdbc6.jar/oracle/jdbc/driver/Messages_hu.properties",
               "details": [
                  {
                     "reference": null,
                     "match": "(.*)?\\.properties",
                     "lineNumber": 0
                  }
               ]
            },
            {
               "fileName": "SavingProject_war.ear/SavingProject.war/WEB-INF/lib/ojdbc6.jar/oracle/jdbc/driver/Messages_it.properties",
               "details": [
                  {
                     "reference": null,
                     "match": "(.*)?\\.properties",
                     "lineNumber": 0
                  }
               ]
            },
            {
               "fileName": "SavingProject_war.ear/SavingProject.war/WEB-INF/lib/ojdbc6.jar/oracle/jdbc/driver/Messages_iw.properties",
               "details": [
                  {
                     "reference": null,
                     "match": "(.*)?\\.properties",
                     "lineNumber": 0
                  }
               ]
            },
            {
               "fileName": "SavingProject_war.ear/SavingProject.war/WEB-INF/lib/ojdbc6.jar/oracle/jdbc/driver/Messages_ja.properties",
               "details": [
                  {
                     "reference": null,
                     "match": "(.*)?\\.properties",
                     "lineNumber": 0
                  }
               ]
            },
            {
               "fileName": "SavingProject_war.ear/SavingProject.war/WEB-INF/lib/ojdbc6.jar/oracle/jdbc/driver/Messages_ko.properties",
               "details": [
                  {
                     "reference": null,
                     "match": "(.*)?\\.properties",
                     "lineNumber": 0
                  }
               ]
            },
            {
               "fileName": "SavingProject_war.ear/SavingProject.war/WEB-INF/lib/ojdbc6.jar/oracle/jdbc/driver/Messages_nl.properties",
               "details": [
                  {
                     "reference": null,
                     "match": "(.*)?\\.properties",
                     "lineNumber": 0
                  }
               ]
            },
            {
               "fileName": "SavingProject_war.ear/SavingProject.war/WEB-INF/lib/ojdbc6.jar/oracle/jdbc/driver/Messages_no.properties",
               "details": [
                  {
                     "reference": null,
                     "match": "(.*)?\\.properties",
                     "lineNumber": 0
                  }
               ]
            },
            {
               "fileName": "SavingProject_war.ear/SavingProject.war/WEB-INF/lib/ojdbc6.jar/oracle/jdbc/driver/Messages_pl.properties",
               "details": [
                  {
                     "reference": null,
                     "match": "(.*)?\\.properties",
                     "lineNumber": 0
                  }
               ]
            },
            {
               "fileName": "SavingProject_war.ear/SavingProject.war/WEB-INF/lib/ojdbc6.jar/oracle/jdbc/driver/Messages_pt.properties",
               "details": [
                  {
                     "reference": null,
                     "match": "(.*)?\\.properties",
                     "lineNumber": 0
                  }
               ]
            },
            {
               "fileName": "SavingProject_war.ear/SavingProject.war/WEB-INF/lib/ojdbc6.jar/oracle/jdbc/driver/Messages_pt_BR.properties",
               "details": [
                  {
                     "reference": null,
                     "match": "(.*)?\\.properties",
                     "lineNumber": 0
                  }
               ]
            },
            {
               "fileName": "SavingProject_war.ear/SavingProject.war/WEB-INF/lib/ojdbc6.jar/oracle/jdbc/driver/Messages_ro.properties",
               "details": [
                  {
                     "reference": null,
                     "match": "(.*)?\\.properties",
                     "lineNumber": 0
                  }
               ]
            },
            {
               "fileName": "SavingProject_war.ear/SavingProject.war/WEB-INF/lib/ojdbc6.jar/oracle/jdbc/driver/Messages_ru.properties",
               "details": [
                  {
                     "reference": null,
                     "match": "(.*)?\\.properties",
                     "lineNumber": 0
                  }
               ]
            },
            {
               "fileName": "SavingProject_war.ear/SavingProject.war/WEB-INF/lib/ojdbc6.jar/oracle/jdbc/driver/Messages_sk.properties",
               "details": [
                  {
                     "reference": null,
                     "match": "(.*)?\\.properties",
                     "lineNumber": 0
                  }
               ]
            },
            {
               "fileName": "SavingProject_war.ear/SavingProject.war/WEB-INF/lib/ojdbc6.jar/oracle/jdbc/driver/Messages_sv.properties",
               "details": [
                  {
                     "reference": null,
                     "match": "(.*)?\\.properties",
                     "lineNumber": 0
                  }
               ]
            },
            {
               "fileName": "SavingProject_war.ear/SavingProject.war/WEB-INF/lib/ojdbc6.jar/oracle/jdbc/driver/Messages_th.properties",
               "details": [
                  {
                     "reference": null,
                     "match": "(.*)?\\.properties",
                     "lineNumber": 0
                  }
               ]
            },
            {
               "fileName": "SavingProject_war.ear/SavingProject.war/WEB-INF/lib/ojdbc6.jar/oracle/jdbc/driver/Messages_tr.properties",
               "details": [
                  {
                     "reference": null,
                     "match": "(.*)?\\.properties",
                     "lineNumber": 0
                  }
               ]
            },
            {
               "fileName": "SavingProject_war.ear/SavingProject.war/WEB-INF/lib/ojdbc6.jar/oracle/jdbc/driver/Messages_zh_CN.properties",
               "details": [
                  {
                     "reference": null,
                     "match": "(.*)?\\.properties",
                     "lineNumber": 0
                  }
               ]
            },
            {
               "fileName": "SavingProject_war.ear/SavingProject.war/WEB-INF/lib/ojdbc6.jar/oracle/jdbc/driver/Messages_zh_TW.properties",
               "details": [
                  {
                     "reference": null,
                     "match": "(.*)?\\.properties",
                     "lineNumber": 0
                  }
               ]
            },
            {
               "fileName": "SavingProject_war.ear/SavingProject.war/WEB-INF/lib/ojdbc6.jar/oracle/net/mesg/Message.properties",
               "details": [
                  {
                     "reference": null,
                     "match": "(.*)?\\.properties",
                     "lineNumber": 0
                  }
               ]
            }
         ]
      },
      {
         "ruleName": "Managing data inside and between Docker containers",
         "ruleId": "FileSystemRule",
         "severity": "Warning",
         "category": "Docker (IBM Cloud Kubernetes Service)",
         "results": [
            {
               "fileName": "SavingProject_war.ear/SavingProject.war/WEB-INF/classes/DAMService/LogToDB.class",
               "details": [
                  {
                     "reference": "Method logToFile",
                     "match": "java.io.FileWriter",
                     "lineNumber": 92
                  },
                  {
                     "reference": "Method logToFile",
                     "match": "java.io.FileWriter",
                     "lineNumber": 96
                  },
                  {
                     "reference": "Method logToFile",
                     "match": "java.io.FileWriter",
                     "lineNumber": 102
                  }
               ]
            },
            {
               "fileName": "SavingProject_war.ear/SavingProject.war/WEB-INF/classes/DAMService/Upload_File_To_DAM_Service.class",
               "details": [
                  {
                     "reference": "Method upload_DAM",
                     "match": "java.io.FileOutputStream",
                     "lineNumber": 224
                  },
                  {
                     "reference": "Method upload_DAM",
                     "match": "java.io.FileOutputStream",
                     "lineNumber": 225
                  },
                  {
                     "reference": "Method upload_DAM",
                     "match": "java.io.FileOutputStream",
                     "lineNumber": 226
                  },
                  {
                     "reference": "Method upload_DAM",
                     "match": "java.io.FileOutputStream",
                     "lineNumber": 298
                  }
               ]
            },
            {
               "fileName": "SavingProject_war.ear/SavingProject.war/WEB-INF/classes/SaveProject.class",
               "details": [
                  {
                     "reference": "Method doPost",
                     "match": "java.io.FileWriter",
                     "lineNumber": 205
                  },
                  {
                     "reference": "Method doPost",
                     "match": "java.io.FileWriter",
                     "lineNumber": 206
                  },
                  {
                     "reference": "Method doPost",
                     "match": "java.io.FileWriter",
                     "lineNumber": 207
                  },
                  {
                     "reference": "Method doPost",
                     "match": "java.io.FileWriter",
                     "lineNumber": 291
                  }
               ]
            },
            {
               "fileName": "SavingProject_war.ear/SavingProject.war/WEB-INF/classes/Services/LogToDB.class",
               "details": [
                  {
                     "reference": "Method error",
                     "match": "java.io.FileWriter",
                     "lineNumber": 94
                  },
                  {
                     "reference": "Method error",
                     "match": "java.io.FileWriter",
                     "lineNumber": 98
                  },
                  {
                     "reference": "Method error",
                     "match": "java.io.FileWriter",
                     "lineNumber": 104
                  }
               ]
            },
            {
               "fileName": "SavingProject_war.ear/SavingProject.war/WEB-INF/classes/razuna/search/ZipCreation.class",
               "details": [
                  {
                     "reference": "Method zip",
                     "match": "java.io.FileOutputStream",
                     "lineNumber": 32
                  },
                  {
                     "reference": "Method zip",
                     "match": "java.io.FileOutputStream",
                     "lineNumber": 57
                  }
               ]
            }
         ]
      },
      {
         "ruleName": "The use of java.sql.Driver and java.sql.DriverManager interfaces requires configuration ",
         "ruleId": "SqlDriverRule",
         "severity": "Severe",
         "category": "WebSphere traditional to Liberty",
         "results": [
            {
               "fileName": "SavingProject_war.ear/SavingProject.war/WEB-INF/classes/Services/DBConnect.class",
               "details": [
                  {
                     "reference": "Method Connect",
                     "match": "java.sql.DriverManager.getConnection(*)",
                     "lineNumber": 57
                  }
               ]
            },
            {
               "fileName": "SavingProject_war.ear/SavingProject.war/WEB-INF/classes/Services/LogToDB.class",
               "details": [
                  {
                     "reference": "Method logDB",
                     "match": "java.sql.DriverManager.getConnection(*)",
                     "lineNumber": 37
                  }
               ]
            },
            {
               "fileName": "SavingProject_war.ear/SavingProject.war/WEB-INF/classes/razuna/search/FolderCreation.class",
               "details": [
                  {
                     "reference": "Method main",
                     "match": "java.sql.DriverManager.getConnection(*)",
                     "lineNumber": 23
                  },
                  {
                     "reference": "Method main",
                     "match": "java.sql.DriverManager.getConnection(*)",
                     "lineNumber": 24
                  }
               ]
            }
         ]
      },
      {
         "ruleName": "Validate the URL host and port for cloud access",
         "ruleId": "URLRuleDockerCloud",
         "severity": "Warning",
         "category": "Connectivity considerations for IBM Cloud (Docker and WebSphere in IBM Cloud)",
         "results": [
            {
               "fileName": "SavingProject_war.ear/SavingProject.war/WEB-INF/classes/DAMService/AssetServices.class",
               "details": [
                  {
                     "reference": "Method main",
                     "match": "http://digital.razuna.org\t",
                     "lineNumber": 21
                  }
               ]
            },
            {
               "fileName": "SavingProject_war.ear/SavingProject.war/WEB-INF/classes/DAMService/CustomDamServices.class",
               "details": [
                  {
                     "reference": "Field LINK",
                     "match": "http://digital.razuna.org",
                     "lineNumber": 0
                  }
               ]
            },
            {
               "fileName": "SavingProject_war.ear/SavingProject.war/WEB-INF/classes/DAMService/UploadToDAM.class",
               "details": [
                  {
                     "reference": "Constructor",
                     "match": "http://digital.razuna.org",
                     "lineNumber": 7
                  },
                  {
                     "reference": "Field LINK",
                     "match": "http://digital.razuna.org",
                     "lineNumber": 0
                  }
               ]
            },
            {
               "fileName": "SavingProject_war.ear/SavingProject.war/WEB-INF/classes/DAMService/Upload_File_To_DAM_Service.class",
               "details": [
                  {
                     "reference": "Constructor",
                     "match": "http://digital.razuna.org",
                     "lineNumber": 31
                  },
                  {
                     "reference": "Field LINK",
                     "match": "http://digital.razuna.org",
                     "lineNumber": 0
                  },
                  {
                     "reference": "Method upload_DAM",
                     "match": "http://digital.razuna.org",
                     "lineNumber": 108
                  },
                  {
                     "reference": "Method upload_DAM",
                     "match": "http://digital.razuna.org",
                     "lineNumber": 109
                  },
                  {
                     "reference": "Method upload_DAM",
                     "match": "http://digital.razuna.org",
                     "lineNumber": 123
                  },
                  {
                     "reference": "Method upload_DAM",
                     "match": "http://digital.razuna.org",
                     "lineNumber": 134
                  },
                  {
                     "reference": "Method upload_DAM",
                     "match": "http://digital.razuna.org",
                     "lineNumber": 145
                  },
                  {
                     "reference": "Method upload_DAM",
                     "match": "http://digital.razuna.org",
                     "lineNumber": 168
                  },
                  {
                     "reference": "Method upload_DAM",
                     "match": "http://digital.razuna.org",
                     "lineNumber": 170
                  },
                  {
                     "reference": "Method upload_DAM",
                     "match": "http://digital.razuna.org",
                     "lineNumber": 181
                  },
                  {
                     "reference": "Method upload_DAM",
                     "match": "http://digital.razuna.org",
                     "lineNumber": 191
                  },
                  {
                     "reference": "Method upload_DAM",
                     "match": "http://digital.razuna.org",
                     "lineNumber": 200
                  },
                  {
                     "reference": "Method upload_DAM",
                     "match": "http://digital.razuna.org",
                     "lineNumber": 269
                  },
                  {
                     "reference": "Method upload_DAM",
                     "match": "http://digital.razuna.org/index.cfm",
                     "lineNumber": 232
                  }
               ]
            },
            {
               "fileName": "SavingProject_war.ear/SavingProject.war/WEB-INF/classes/UploadProjectImage.class",
               "details": [
                  {
                     "reference": "Method uploadImage",
                     "match": "http://digital.razuna.org/index.cfm",
                     "lineNumber": 294
                  },
                  {
                     "reference": "Method uploadImage",
                     "match": "http://digital.razuna.org/index.cfm",
                     "lineNumber": 305
                  }
               ]
            },
            {
               "fileName": "SavingProject_war.ear/SavingProject.war/WEB-INF/classes/razuna/search/AssetUpload.class",
               "details": [
                  {
                     "reference": "Method getAssestInfo",
                     "match": "http://digital.razuna.org/global/api2/asset.cfc?method=getasset&api_key=",
                     "lineNumber": 163
                  },
                  {
                     "reference": "Method main",
                     "match": "http://digital.razuna.org//index.cfm",
                     "lineNumber": 46
                  }
               ]
            },
            {
               "fileName": "SavingProject_war.ear/SavingProject.war/WEB-INF/classes/razuna/search/FolderCreation.class",
               "details": [
                  {
                     "reference": "Method createFolder",
                     "match": "http://digital.razuna.org/global/api2/folder.cfc?method=setfolder&api_key=",
                     "lineNumber": 55
                  },
                  {
                     "reference": "Method createFolder",
                     "match": "http://digital.razuna.org/global/api2/folder.cfc?method=setfolder&api_key=",
                     "lineNumber": 61
                  }
               ]
            },
            {
               "fileName": "SavingProject_war.ear/SavingProject.war/WEB-INF/classes/razuna/search/FolderSearch.class",
               "details": [
                  {
                     "reference": "Method SearchRazuna",
                     "match": "http://digital.razuna.org/global/api2/folder.cfc?method=getfolders&api_key=",
                     "lineNumber": 35
                  },
                  {
                     "reference": "Method SearchRazuna",
                     "match": "http://digital.razuna.org/global/api2/folder.cfc?method=getfolders&api_key=",
                     "lineNumber": 45
                  }
               ]
            },
            {
               "fileName": "SavingProject_war.ear/SavingProject.war/WEB-INF/classes/razuna/webservicecall/WebService.class",
               "details": [
                  {
                     "reference": "Method main",
                     "match": "http://digital.razuna.org/global/api2/folder.cfc?method=getfolders&api_key=BEDAB24F80064841A967E8FBA260C37&folderid=8028E97AFE824A5AA7C03ACD2290D34D",
                     "lineNumber": 21
                  }
               ]
            }
         ]
      },
      {
         "ruleName": "org.apache third-party APIs are unavailable on Liberty",
         "ruleId": "HiddenThirdPartyAPIInUseApache",
         "severity": "Severe",
         "category": "WebSphere traditional to Liberty",
         "results": [
            {
               "fileName": "SavingProject_war.ear/SavingProject.war/WEB-INF/classes/DAMService/AssetServices.class",
               "details": [
                  {
                     "reference": "Method getRenditionsOfAsset",
                     "match": "org.apache.commons.httpclient",
                     "lineNumber": 43
                  }
               ]
            }
         ]
      }
   ]
}