{
   "report": "analysis",
   "version": "1.2",
   "productVersion": "9.0",
   "productRelease": "19.0.0.2-TA1",
   "options": [
      "--sourceAppServer=was855",
      "--sourceJava=ibm7",
      "--sourceJavaEE=ee6",
      "--targetAppServer=was90",
      "--targetJava=ibm8",
      "--targetJavaEE=ee7",
      "--targetCloud=vmIBMCloud",
      "--excludePackages=com.ibm,com.informix,com.microsoft,com.sybase,com.sun,java,javax,net,oracle,org,sqlj,_ibmjsp"
   ],
   "totalRulesFlagged": 4,
   "filesAffected": 6,
   "totalResults": 26,
   "severitySummary": [
      {
         "severity": "Severe",
         "totalRulesFlagged": 1,
         "totalResults": 22
      },
      {
         "severity": "Warning",
         "totalRulesFlagged": 2,
         "totalResults": 3
      },
      {
         "severity": "Information",
         "totalRulesFlagged": 1,
         "totalResults": 1
      }
   ],
   "applications": [
      "/opt/IBM/WebSphere/AppServer/profiles/Dmgr01/config/cells/apwasdevCell01/applications/SiteTagging_war.ear/SiteTagging_war.ear"
   ],
   "rules": [
      {
         "ruleName": "Behavior change in month name formatting for some languages",
         "ruleId": "MonthFormattingNames",
         "severity": "Information",
         "category": "Java SE version migration / Java SE 8 compatibility impacts",
         "results": [
            {
               "fileName": "SiteTagging_war.ear/SiteTagging.war/WEB-INF/classes/SubmitSiteData.class",
               "details": [
                  {
                     "reference": "Method doPost",
                     "match": "java.text.SimpleDateFormat.format(*)",
                     "lineNumber": 103
                  }
               ]
            }
         ]
      },
      {
         "ruleName": "CDI scans for implicit beans when there is no beans.xml file",
         "ruleId": "MissingBeansFile",
         "severity": "Warning",
         "category": "Java EE 7 / CDI",
         "results": [
            {
               "fileName": "SiteTagging_war.ear/SiteTagging.war",
               "details": [
                  {
                     "reference": null,
                     "match": ".*(\\.war|\\.jar)",
                     "lineNumber": 0
                  }
               ]
            },
            {
               "fileName": "SiteTagging_war.ear/SiteTagging.war/WEB-INF/lib/ojdbc6.jar",
               "details": [
                  {
                     "reference": null,
                     "match": ".*(\\.war|\\.jar)",
                     "lineNumber": 0
                  }
               ]
            }
         ]
      },
      {
         "ruleName": "Databases",
         "ruleId": "DatabasesSQLRule",
         "severity": "Warning",
         "category": "Technology connectivity considerations for IBM Cloud",
         "results": [
            {
               "fileName": "SiteTagging_war.ear/SiteTagging.war/WEB-INF/classes/Services/DBConnect.class",
               "details": [
                  {
                     "reference": "Constructor",
                     "match": "java.sql",
                     "lineNumber": 17
                  }
               ]
            }
         ]
      },
      {
         "ruleName": "The Apache HTTP client API was removed",
         "ruleId": "ApacheHTTPRule",
         "severity": "Severe",
         "category": "WebSphere version migration / V8.0, V8.5 and V9.0 migration",
         "results": [
            {
               "fileName": "SiteTagging_war.ear/SiteTagging.war/WEB-INF/classes/SiteDetailsByTerritory.class",
               "details": [
                  {
                     "reference": "Method doGet",
                     "match": "org.apache.http",
                     "lineNumber": 106
                  },
                  {
                     "reference": "Method doGet",
                     "match": "org.apache.http",
                     "lineNumber": 108
                  },
                  {
                     "reference": "Method doGet",
                     "match": "org.apache.http",
                     "lineNumber": 110
                  },
                  {
                     "reference": "Method doGet",
                     "match": "org.apache.http",
                     "lineNumber": 145
                  },
                  {
                     "reference": "Method doGet",
                     "match": "org.apache.http.client",
                     "lineNumber": 106
                  },
                  {
                     "reference": "Method doGet",
                     "match": "org.apache.http.client",
                     "lineNumber": 145
                  },
                  {
                     "reference": "Method doGet",
                     "match": "org.apache.http.client.methods",
                     "lineNumber": 102
                  },
                  {
                     "reference": "Method doGet",
                     "match": "org.apache.http.client.methods",
                     "lineNumber": 103
                  },
                  {
                     "reference": "Method doGet",
                     "match": "org.apache.http.client.methods",
                     "lineNumber": 106
                  },
                  {
                     "reference": "Method doGet",
                     "match": "org.apache.http.client.methods",
                     "lineNumber": 145
                  },
                  {
                     "reference": "Method doGet",
                     "match": "org.apache.http.impl.client",
                     "lineNumber": 93
                  }
               ]
            },
            {
               "fileName": "SiteTagging_war.ear/SiteTagging.war/WEB-INF/classes/TerritoryBP.class",
               "details": [
                  {
                     "reference": "Method doGet",
                     "match": "org.apache.http",
                     "lineNumber": 89
                  },
                  {
                     "reference": "Method doGet",
                     "match": "org.apache.http",
                     "lineNumber": 91
                  },
                  {
                     "reference": "Method doGet",
                     "match": "org.apache.http",
                     "lineNumber": 93
                  },
                  {
                     "reference": "Method doGet",
                     "match": "org.apache.http",
                     "lineNumber": 139
                  },
                  {
                     "reference": "Method doGet",
                     "match": "org.apache.http.client",
                     "lineNumber": 89
                  },
                  {
                     "reference": "Method doGet",
                     "match": "org.apache.http.client",
                     "lineNumber": 139
                  },
                  {
                     "reference": "Method doGet",
                     "match": "org.apache.http.client.methods",
                     "lineNumber": 85
                  },
                  {
                     "reference": "Method doGet",
                     "match": "org.apache.http.client.methods",
                     "lineNumber": 86
                  },
                  {
                     "reference": "Method doGet",
                     "match": "org.apache.http.client.methods",
                     "lineNumber": 89
                  },
                  {
                     "reference": "Method doGet",
                     "match": "org.apache.http.client.methods",
                     "lineNumber": 139
                  },
                  {
                     "reference": "Method doGet",
                     "match": "org.apache.http.impl.client",
                     "lineNumber": 80
                  }
               ]
            }
         ]
      }
   ]
}