{
   "report": "analysis",
   "version": "1.2",
   "productVersion": "9.0",
   "productRelease": "19.0.0.2-TA1",
   "options": [
      "--sourceAppServer=was855",
      "--sourceJava=ibm7",
      "--sourceJavaEE=ee6",
      "--targetAppServer=was90",
      "--targetJava=ibm8",
      "--targetJavaEE=ee7",
      "--targetCloud=vmIBMCloud",
      "--excludePackages=com.ibm,com.informix,com.microsoft,com.sybase,com.sun,java,javax,net,oracle,org,sqlj,_ibmjsp"
   ],
   "totalRulesFlagged": 5,
   "filesAffected": 9,
   "totalResults": 32,
   "severitySummary": [
      {
         "severity": "Warning",
         "totalRulesFlagged": 4,
         "totalResults": 6
      },
      {
         "severity": "Information",
         "totalRulesFlagged": 1,
         "totalResults": 26
      }
   ],
   "applications": [
      "/opt/IBM/WebSphere/AppServer/profiles/Dmgr01/config/cells/apwasdevCell01/applications/TaskQueueChecker_war.ear/TaskQueueChecker_war.ear"
   ],
   "rules": [
      {
         "ruleName": "Behavior change in month name formatting for some languages",
         "ruleId": "MonthFormattingNames",
         "severity": "Information",
         "category": "Java SE version migration / Java SE 8 compatibility impacts",
         "results": [
            {
               "fileName": "TaskQueueChecker_war.ear/TaskQueueChecker.war/WEB-INF/classes/CCHServiceMails.class",
               "details": [
                  {
                     "reference": "Method doGet",
                     "match": "java.text.SimpleDateFormat.format(*)",
                     "lineNumber": 87
                  },
                  {
                     "reference": "Method doGet",
                     "match": "java.text.SimpleDateFormat.format(*)",
                     "lineNumber": 87
                  },
                  {
                     "reference": "Method doGet",
                     "match": "java.text.SimpleDateFormat.format(*)",
                     "lineNumber": 118
                  },
                  {
                     "reference": "Method doGet",
                     "match": "java.text.SimpleDateFormat.format(*)",
                     "lineNumber": 118
                  },
                  {
                     "reference": "Method doGet",
                     "match": "java.text.SimpleDateFormat.format(*)",
                     "lineNumber": 148
                  },
                  {
                     "reference": "Method doGet",
                     "match": "java.text.SimpleDateFormat.format(*)",
                     "lineNumber": 148
                  },
                  {
                     "reference": "Method doGet",
                     "match": "java.text.SimpleDateFormat.format(*)",
                     "lineNumber": 161
                  }
               ]
            },
            {
               "fileName": "TaskQueueChecker_war.ear/TaskQueueChecker.war/WEB-INF/classes/DVRFailUpdate.class",
               "details": [
                  {
                     "reference": "Method doGet",
                     "match": "java.text.SimpleDateFormat.format(*)",
                     "lineNumber": 63
                  }
               ]
            },
            {
               "fileName": "TaskQueueChecker_war.ear/TaskQueueChecker.war/WEB-INF/classes/Services/PushNotification.class",
               "details": [
                  {
                     "reference": "Method registerDevice",
                     "match": "java.text.SimpleDateFormat.format(*)",
                     "lineNumber": 338
                  },
                  {
                     "reference": "Method registerDevice",
                     "match": "java.text.SimpleDateFormat.format(*)",
                     "lineNumber": 340
                  },
                  {
                     "reference": "Method registerDevice",
                     "match": "java.text.SimpleDateFormat.format(*)",
                     "lineNumber": 353
                  },
                  {
                     "reference": "Method sendAllNotification",
                     "match": "java.text.SimpleDateFormat.format(*)",
                     "lineNumber": 142
                  },
                  {
                     "reference": "Method sendAllNotification",
                     "match": "java.text.SimpleDateFormat.format(*)",
                     "lineNumber": 236
                  },
                  {
                     "reference": "Method unregisterDevice",
                     "match": "java.text.SimpleDateFormat.format(*)",
                     "lineNumber": 438
                  }
               ]
            },
            {
               "fileName": "TaskQueueChecker_war.ear/TaskQueueChecker.war/WEB-INF/classes/Services/RESTCall.class",
               "details": [
                  {
                     "reference": "Method run",
                     "match": "java.text.SimpleDateFormat.format(*)",
                     "lineNumber": 192
                  },
                  {
                     "reference": "Method run",
                     "match": "java.text.SimpleDateFormat.format(*)",
                     "lineNumber": 199
                  },
                  {
                     "reference": "Method run",
                     "match": "java.text.SimpleDateFormat.format(*)",
                     "lineNumber": 238
                  }
               ]
            },
            {
               "fileName": "TaskQueueChecker_war.ear/TaskQueueChecker.war/WEB-INF/classes/VSIQueue.class",
               "details": [
                  {
                     "reference": "Method doGet",
                     "match": "java.text.SimpleDateFormat.format(*)",
                     "lineNumber": 84
                  },
                  {
                     "reference": "Method doGet",
                     "match": "java.text.SimpleDateFormat.format(*)",
                     "lineNumber": 84
                  },
                  {
                     "reference": "Method doGet",
                     "match": "java.text.SimpleDateFormat.format(*)",
                     "lineNumber": 92
                  },
                  {
                     "reference": "Method doGet",
                     "match": "java.text.SimpleDateFormat.format(*)",
                     "lineNumber": 92
                  },
                  {
                     "reference": "Method doGet",
                     "match": "java.text.SimpleDateFormat.format(*)",
                     "lineNumber": 101
                  },
                  {
                     "reference": "Method doGet",
                     "match": "java.text.SimpleDateFormat.format(*)",
                     "lineNumber": 101
                  },
                  {
                     "reference": "Method doGet",
                     "match": "java.text.SimpleDateFormat.format(*)",
                     "lineNumber": 110
                  },
                  {
                     "reference": "Method doGet",
                     "match": "java.text.SimpleDateFormat.format(*)",
                     "lineNumber": 110
                  },
                  {
                     "reference": "Method doGet",
                     "match": "java.text.SimpleDateFormat.format(*)",
                     "lineNumber": 120
                  }
               ]
            }
         ]
      },
      {
         "ruleName": "CDI scans for implicit beans when there is no beans.xml file",
         "ruleId": "MissingBeansFile",
         "severity": "Warning",
         "category": "Java EE 7 / CDI",
         "results": [
            {
               "fileName": "TaskQueueChecker_war.ear/TaskQueueChecker.war",
               "details": [
                  {
                     "reference": null,
                     "match": ".*(\\.war|\\.jar)",
                     "lineNumber": 0
                  }
               ]
            },
            {
               "fileName": "TaskQueueChecker_war.ear/TaskQueueChecker.war/WEB-INF/lib/httpclient-4.3.4.jar",
               "details": [
                  {
                     "reference": null,
                     "match": ".*(\\.war|\\.jar)",
                     "lineNumber": 0
                  }
               ]
            },
            {
               "fileName": "TaskQueueChecker_war.ear/TaskQueueChecker.war/WEB-INF/lib/httpcore-4.3.2.jar",
               "details": [
                  {
                     "reference": null,
                     "match": ".*(\\.war|\\.jar)",
                     "lineNumber": 0
                  }
               ]
            }
         ]
      },
      {
         "ruleName": "Databases",
         "ruleId": "DatabasesSQLRule",
         "severity": "Warning",
         "category": "Technology connectivity considerations for IBM Cloud",
         "results": [
            {
               "fileName": "TaskQueueChecker_war.ear/TaskQueueChecker.war/WEB-INF/classes/CCHServiceMails.class",
               "details": [
                  {
                     "reference": "Method doGet",
                     "match": "java.sql",
                     "lineNumber": 61
                  }
               ]
            }
         ]
      },
      {
         "ruleName": "Do not start unmanaged threads within the web or EJB container",
         "ruleId": "CreateThreadMethodsInWebOrEjbProject",
         "severity": "Warning",
         "category": "All application servers",
         "results": [
            {
               "fileName": "TaskQueueChecker_war.ear/TaskQueueChecker.war/WEB-INF/classes/DVRFailUpdate.class",
               "details": [
                  {
                     "reference": "Method doGet",
                     "match": "Services.RESTCall.run(*)",
                     "lineNumber": 161
                  }
               ]
            }
         ]
      },
      {
         "ruleName": "JavaMail server",
         "ruleId": "MailServerRule",
         "severity": "Warning",
         "category": "Technology connectivity considerations for IBM Cloud",
         "results": [
            {
               "fileName": "TaskQueueChecker_war.ear/TaskQueueChecker.war/WEB-INF/classes/CCHServiceMails$1.class",
               "details": [
                  {
                     "reference": "Constructor",
                     "match": "javax.mail",
                     "lineNumber": 228
                  }
               ]
            }
         ]
      }
   ]
}