{
   "report": "analysis",
   "version": "1.2",
   "productVersion": "9.0",
   "productRelease": "19.0.0.2-TA1",
   "options": [
      "--sourceAppServer=was855",
      "--sourceJava=ibm7",
      "--sourceJavaEE=ee6",
      "--targetAppServer=was90",
      "--targetJava=ibm8",
      "--targetJavaEE=ee7",
      "--targetCloud=vmIBMCloud",
      "--excludePackages=com.ibm,com.informix,com.microsoft,com.sybase,com.sun,java,javax,net,oracle,org,sqlj,_ibmjsp"
   ],
   "totalRulesFlagged": 10,
   "filesAffected": 69,
   "totalResults": 137,
   "severitySummary": [
      {
         "severity": "Warning",
         "totalRulesFlagged": 7,
         "totalResults": 93
      },
      {
         "severity": "Information",
         "totalRulesFlagged": 3,
         "totalResults": 44
      }
   ],
   "applications": [
      "/opt/IBM/WebSphere/AppServer/profiles/Dmgr01/config/cells/apwasdevCell01/applications/visionapi_war.ear/visionapi_war.ear"
   ],
   "rules": [
      {
         "ruleName": "Behavior change in java.lang.String and java.util.regex.Pattern split methods",
         "ruleId": "StringSplit",
         "severity": "Warning",
         "category": "Java SE version migration / Java SE 8 compatibility impacts",
         "results": [
            {
               "fileName": "visionapi_war.ear/visionapi.war/WEB-INF/classes/readImagefromFileNet.class",
               "details": [
                  {
                     "reference": "Method doPost",
                     "match": "java.lang.String.split(*)",
                     "lineNumber": 50
                  }
               ]
            },
            {
               "fileName": "visionapi_war.ear/visionapi.war/WEB-INF/lib/Jace.jar/com/filenet/api/engine/RealmInfo.class",
               "details": [
                  {
                     "reference": "Method getDynamicGroupObjectClassList",
                     "match": "java.lang.String.split(*)",
                     "lineNumber": 784
                  }
               ]
            },
            {
               "fileName": "visionapi_war.ear/visionapi.war/WEB-INF/lib/Jace.jar/com/filenet/api/property/PropertyFilter.class",
               "details": [
                  {
                     "reference": "Method addIncludeType",
                     "match": "java.lang.String.split(*)",
                     "lineNumber": 375
                  }
               ]
            },
            {
               "fileName": "visionapi_war.ear/visionapi.war/WEB-INF/lib/Jace.jar/com/filenet/api/util/Encryption.class",
               "details": [
                  {
                     "reference": "Method getEncryptionProperties",
                     "match": "java.lang.String.split(*)",
                     "lineNumber": 129
                  }
               ]
            },
            {
               "fileName": "visionapi_war.ear/visionapi.war/WEB-INF/lib/Jace.jar/com/filenet/apiimpl/core/EngineObjectUtil.class",
               "details": [
                  {
                     "reference": "Static initializer",
                     "match": "java.lang.String.split(*)",
                     "lineNumber": 177
                  }
               ]
            },
            {
               "fileName": "visionapi_war.ear/visionapi.war/WEB-INF/lib/Jace.jar/com/filenet/apiimpl/jdbc/Connection.class",
               "details": [
                  {
                     "reference": "Constructor",
                     "match": "java.lang.String.split(*)",
                     "lineNumber": 74
                  }
               ]
            },
            {
               "fileName": "visionapi_war.ear/visionapi.war/WEB-INF/lib/Jace.jar/com/filenet/apiimpl/util/Crypto.class",
               "details": [
                  {
                     "reference": "Method initCipherParam",
                     "match": "java.lang.String.split(*)",
                     "lineNumber": 137
                  }
               ]
            },
            {
               "fileName": "visionapi_war.ear/visionapi.war/WEB-INF/lib/Jace.jar/com/filenet/apiimpl/util/LocaleUtils.class",
               "details": [
                  {
                     "reference": "Method validateLocaleName",
                     "match": "java.util.regex.Pattern.split(*)",
                     "lineNumber": 71
                  }
               ]
            },
            {
               "fileName": "visionapi_war.ear/visionapi.war/WEB-INF/lib/Jace.jar/com/filenet/apiimpl/wsi/MtomInputStreamManager.class",
               "details": [
                  {
                     "reference": "Method parseOutStartAndBoundary",
                     "match": "java.lang.String.split(*)",
                     "lineNumber": 103
                  }
               ]
            },
            {
               "fileName": "visionapi_war.ear/visionapi.war/WEB-INF/lib/Jace.jar/com/filenet/apiimpl/wsi/serialization/Util.class",
               "details": [
                  {
                     "reference": "Method parseStringList",
                     "match": "java.lang.String.split(*)",
                     "lineNumber": 235
                  }
               ]
            },
            {
               "fileName": "visionapi_war.ear/visionapi.war/WEB-INF/lib/Jace.jar/com/filenet/apiimpl/wsi/serialization/operation/GetSearchMetadataRequestSerialization.class",
               "details": [
                  {
                     "reference": "Method deserialize",
                     "match": "java.lang.String.split(*)",
                     "lineNumber": 100
                  }
               ]
            },
            {
               "fileName": "visionapi_war.ear/visionapi.war/WEB-INF/lib/listener.jar/com/filenet/pch/LinuxPerfMon.class",
               "details": [
                  {
                     "reference": "Method requestData",
                     "match": "java.lang.String.split(*)",
                     "lineNumber": 96
                  }
               ]
            }
         ]
      },
      {
         "ruleName": "Behavior change in month name formatting for some languages",
         "ruleId": "MonthFormattingNames",
         "severity": "Information",
         "category": "Java SE version migration / Java SE 8 compatibility impacts",
         "results": [
            {
               "fileName": "visionapi_war.ear/visionapi.war/WEB-INF/lib/Jace.jar/com/filenet/apiimpl/util/ErrorLayout.class",
               "details": [
                  {
                     "reference": "Method format",
                     "match": "java.text.SimpleDateFormat.format(*)",
                     "lineNumber": 89
                  }
               ]
            },
            {
               "fileName": "visionapi_war.ear/visionapi.war/WEB-INF/lib/Jace.jar/com/filenet/apiimpl/util/ImportExportUtil.class",
               "details": [
                  {
                     "reference": "Method toXmlDateTime",
                     "match": "java.text.SimpleDateFormat.format(*)",
                     "lineNumber": 209
                  }
               ]
            },
            {
               "fileName": "visionapi_war.ear/visionapi.war/WEB-INF/lib/Jace.jar/com/filenet/apiimpl/util/TraceLayout.class",
               "details": [
                  {
                     "reference": "Method format",
                     "match": "java.text.SimpleDateFormat.format(*)",
                     "lineNumber": 111
                  }
               ]
            },
            {
               "fileName": "visionapi_war.ear/visionapi.war/WEB-INF/lib/Jace.jar/com/filenet/apiimpl/util/XMLObjectReader.class",
               "details": [
                  {
                     "reference": "Method formatDate",
                     "match": "java.text.DateFormat.format(*)",
                     "lineNumber": 644
                  }
               ]
            },
            {
               "fileName": "visionapi_war.ear/visionapi.war/WEB-INF/lib/Jace.jar/com/filenet/apiimpl/wsi/ServiceSessionNst.class",
               "details": [
                  {
                     "reference": "Method cInitHttpConnection",
                     "match": "java.text.SimpleDateFormat.format(*)",
                     "lineNumber": 298
                  }
               ]
            },
            {
               "fileName": "visionapi_war.ear/visionapi.war/WEB-INF/lib/Jace.jar/com/filenet/apiimpl/wsi/serialization/Util.class",
               "details": [
                  {
                     "reference": "Method toDateTimeString",
                     "match": "java.text.DateFormat.format(*)",
                     "lineNumber": 335
                  }
               ]
            },
            {
               "fileName": "visionapi_war.ear/visionapi.war/WEB-INF/lib/javaapi.jar/com/filenet/wcm/api/impl/PropertiesConverter.class",
               "details": [
                  {
                     "reference": "Method doValue",
                     "match": "java.text.SimpleDateFormat.format(*)",
                     "lineNumber": 105
                  }
               ]
            },
            {
               "fileName": "visionapi_war.ear/visionapi.war/WEB-INF/lib/javaapi.jar/com/filenet/wcm/api/impl/bd/BdUtil.class",
               "details": [
                  {
                     "reference": "Method getISODate",
                     "match": "java.text.SimpleDateFormat.format(*)",
                     "lineNumber": 670
                  }
               ]
            },
            {
               "fileName": "visionapi_war.ear/visionapi.war/WEB-INF/lib/javaapi.jar/com/filenet/wcm/api/impl/bd/SearchExecuteXMLSchema.class",
               "details": [
                  {
                     "reference": "Method formatValue",
                     "match": "java.text.SimpleDateFormat.format(*)",
                     "lineNumber": 386
                  }
               ]
            },
            {
               "fileName": "visionapi_war.ear/visionapi.war/WEB-INF/lib/javaapi.jar/com/filenet/wcm/api/impl/bd/StoredSearchExecute$DateConverter.class",
               "details": [
                  {
                     "reference": "Method getISOFormat",
                     "match": "java.text.SimpleDateFormat.format(*)",
                     "lineNumber": 192
                  }
               ]
            },
            {
               "fileName": "visionapi_war.ear/visionapi.war/WEB-INF/lib/jxl-2.6.10.jar/jxl/demo/Write.class",
               "details": [
                  {
                     "reference": "Method writeDateFormatSheet",
                     "match": "java.text.SimpleDateFormat.format(*)",
                     "lineNumber": 497
                  },
                  {
                     "reference": "Method writeDateFormatSheet",
                     "match": "java.text.SimpleDateFormat.format(*)",
                     "lineNumber": 617
                  },
                  {
                     "reference": "Method writeDateFormatSheet",
                     "match": "java.text.SimpleDateFormat.format(*)",
                     "lineNumber": 626
                  },
                  {
                     "reference": "Method writeDateFormatSheet",
                     "match": "java.text.SimpleDateFormat.format(*)",
                     "lineNumber": 635
                  },
                  {
                     "reference": "Method writeDateFormatSheet",
                     "match": "java.text.SimpleDateFormat.format(*)",
                     "lineNumber": 644
                  },
                  {
                     "reference": "Method writeDateFormatSheet",
                     "match": "java.text.SimpleDateFormat.format(*)",
                     "lineNumber": 653
                  },
                  {
                     "reference": "Method writeDateFormatSheet",
                     "match": "java.text.SimpleDateFormat.format(*)",
                     "lineNumber": 662
                  },
                  {
                     "reference": "Method writeDateFormatSheet",
                     "match": "java.text.SimpleDateFormat.format(*)",
                     "lineNumber": 671
                  },
                  {
                     "reference": "Method writeDateFormatSheet",
                     "match": "java.text.SimpleDateFormat.format(*)",
                     "lineNumber": 680
                  },
                  {
                     "reference": "Method writeDateFormatSheet",
                     "match": "java.text.SimpleDateFormat.format(*)",
                     "lineNumber": 689
                  },
                  {
                     "reference": "Method writeDateFormatSheet",
                     "match": "java.text.SimpleDateFormat.format(*)",
                     "lineNumber": 698
                  },
                  {
                     "reference": "Method writeDateFormatSheet",
                     "match": "java.text.SimpleDateFormat.format(*)",
                     "lineNumber": 707
                  },
                  {
                     "reference": "Method writeDateFormatSheet",
                     "match": "java.text.SimpleDateFormat.format(*)",
                     "lineNumber": 716
                  },
                  {
                     "reference": "Method writeDateFormatSheet",
                     "match": "java.text.SimpleDateFormat.format(*)",
                     "lineNumber": 725
                  }
               ]
            },
            {
               "fileName": "visionapi_war.ear/visionapi.war/WEB-INF/lib/jxl-2.6.10.jar/jxl/read/biff/DateRecord.class",
               "details": [
                  {
                     "reference": "Method getContents",
                     "match": "java.text.DateFormat.format(*)",
                     "lineNumber": 236
                  }
               ]
            }
         ]
      },
      {
         "ruleName": "Behavior change in most Collection.removeAll and Collection.retainAll implementations",
         "ruleId": "CollectionMethods",
         "severity": "Information",
         "category": "Java SE version migration / Java SE 8 compatibility impacts",
         "results": [
            {
               "fileName": "visionapi_war.ear/visionapi.war/WEB-INF/lib/Jace.jar/com/filenet/apiimpl/core/ListImpl$ListUpdates.class",
               "details": [
                  {
                     "reference": "Method removeAll",
                     "match": "java.util.List.removeAll(*)",
                     "lineNumber": 1494
                  },
                  {
                     "reference": "Method retainAll",
                     "match": "java.util.List.retainAll(*)",
                     "lineNumber": 1549
                  }
               ]
            },
            {
               "fileName": "visionapi_war.ear/visionapi.war/WEB-INF/lib/javaapi.jar/com/filenet/wcm/api/impl/ChoiceListImpl.class",
               "details": [
                  {
                     "reference": "Method removeAll",
                     "match": "java.util.List.removeAll(*)",
                     "lineNumber": 78
                  },
                  {
                     "reference": "Method retainAll",
                     "match": "java.util.List.retainAll(*)",
                     "lineNumber": 82
                  }
               ]
            },
            {
               "fileName": "visionapi_war.ear/visionapi.war/WEB-INF/lib/javaapi.jar/com/filenet/wcm/api/impl/ValuesImpl.class",
               "details": [
                  {
                     "reference": "Method removeAll",
                     "match": "java.util.List.removeAll(*)",
                     "lineNumber": 191
                  },
                  {
                     "reference": "Method retainAll",
                     "match": "java.util.List.retainAll(*)",
                     "lineNumber": 186
                  }
               ]
            }
         ]
      },
      {
         "ruleName": "Behavior change in rounding in NumberFormat and DecimalFormat format methods",
         "ruleId": "NumberFormatRounding",
         "severity": "Information",
         "category": "Java SE version migration / Java SE 8 compatibility impacts",
         "results": [
            {
               "fileName": "visionapi_war.ear/visionapi.war/WEB-INF/lib/Jace.jar/com/filenet/apiimpl/smm/Statistics.class",
               "details": [
                  {
                     "reference": "Method printResult",
                     "match": "java.text.DecimalFormat.format(double)",
                     "lineNumber": 122
                  },
                  {
                     "reference": "Method printResult",
                     "match": "java.text.DecimalFormat.format(double)",
                     "lineNumber": 122
                  },
                  {
                     "reference": "Method printResult",
                     "match": "java.text.DecimalFormat.format(double)",
                     "lineNumber": 122
                  },
                  {
                     "reference": "Method printResult",
                     "match": "java.text.DecimalFormat.format(double)",
                     "lineNumber": 122
                  },
                  {
                     "reference": "Method printResult",
                     "match": "java.text.DecimalFormat.format(double)",
                     "lineNumber": 122
                  }
               ]
            },
            {
               "fileName": "visionapi_war.ear/visionapi.war/WEB-INF/lib/jxl-2.6.10.jar/jxl/biff/DVParser.class",
               "details": [
                  {
                     "reference": "Constructor",
                     "match": "java.text.DecimalFormat.format(double)",
                     "lineNumber": 575
                  },
                  {
                     "reference": "Constructor",
                     "match": "java.text.DecimalFormat.format(double)",
                     "lineNumber": 579
                  }
               ]
            },
            {
               "fileName": "visionapi_war.ear/visionapi.war/WEB-INF/lib/jxl-2.6.10.jar/jxl/read/biff/NumberFormulaRecord.class",
               "details": [
                  {
                     "reference": "Method getContents",
                     "match": "java.text.NumberFormat.format(double)",
                     "lineNumber": 131
                  }
               ]
            },
            {
               "fileName": "visionapi_war.ear/visionapi.war/WEB-INF/lib/jxl-2.6.10.jar/jxl/read/biff/NumberRecord.class",
               "details": [
                  {
                     "reference": "Method getContents",
                     "match": "java.text.NumberFormat.format(double)",
                     "lineNumber": 97
                  }
               ]
            },
            {
               "fileName": "visionapi_war.ear/visionapi.war/WEB-INF/lib/jxl-2.6.10.jar/jxl/read/biff/NumberValue.class",
               "details": [
                  {
                     "reference": "Method getContents",
                     "match": "java.text.NumberFormat.format(double)",
                     "lineNumber": 168
                  }
               ]
            },
            {
               "fileName": "visionapi_war.ear/visionapi.war/WEB-INF/lib/jxl-2.6.10.jar/jxl/read/biff/RKRecord.class",
               "details": [
                  {
                     "reference": "Method getContents",
                     "match": "java.text.NumberFormat.format(double)",
                     "lineNumber": 96
                  }
               ]
            },
            {
               "fileName": "visionapi_war.ear/visionapi.war/WEB-INF/lib/jxl-2.6.10.jar/jxl/read/biff/SharedNumberFormulaRecord.class",
               "details": [
                  {
                     "reference": "Method getContents",
                     "match": "java.text.NumberFormat.format(double)",
                     "lineNumber": 127
                  }
               ]
            },
            {
               "fileName": "visionapi_war.ear/visionapi.war/WEB-INF/lib/jxl-2.6.10.jar/jxl/write/biff/NumberRecord.class",
               "details": [
                  {
                     "reference": "Method getContents",
                     "match": "java.text.NumberFormat.format(double)",
                     "lineNumber": 147
                  }
               ]
            }
         ]
      },
      {
         "ruleName": "CDI scans for implicit beans when there is no beans.xml file",
         "ruleId": "MissingBeansFile",
         "severity": "Warning",
         "category": "Java EE 7 / CDI",
         "results": [
            {
               "fileName": "visionapi_war.ear/visionapi.war",
               "details": [
                  {
                     "reference": null,
                     "match": ".*(\\.war|\\.jar)",
                     "lineNumber": 0
                  }
               ]
            },
            {
               "fileName": "visionapi_war.ear/visionapi.war/WEB-INF/lib/Jace.jar",
               "details": [
                  {
                     "reference": null,
                     "match": ".*(\\.war|\\.jar)",
                     "lineNumber": 0
                  }
               ]
            },
            {
               "fileName": "visionapi_war.ear/visionapi.war/WEB-INF/lib/javaapi.jar",
               "details": [
                  {
                     "reference": null,
                     "match": ".*(\\.war|\\.jar)",
                     "lineNumber": 0
                  }
               ]
            },
            {
               "fileName": "visionapi_war.ear/visionapi.war/WEB-INF/lib/json-simple-1.1.1.jar",
               "details": [
                  {
                     "reference": null,
                     "match": ".*(\\.war|\\.jar)",
                     "lineNumber": 0
                  }
               ]
            },
            {
               "fileName": "visionapi_war.ear/visionapi.war/WEB-INF/lib/jxl-2.6.10.jar",
               "details": [
                  {
                     "reference": null,
                     "match": ".*(\\.war|\\.jar)",
                     "lineNumber": 0
                  }
               ]
            },
            {
               "fileName": "visionapi_war.ear/visionapi.war/WEB-INF/lib/listener.jar",
               "details": [
                  {
                     "reference": null,
                     "match": ".*(\\.war|\\.jar)",
                     "lineNumber": 0
                  }
               ]
            },
            {
               "fileName": "visionapi_war.ear/visionapi.war/WEB-INF/lib/log4j-1.2.14.jar",
               "details": [
                  {
                     "reference": null,
                     "match": ".*(\\.war|\\.jar)",
                     "lineNumber": 0
                  }
               ]
            },
            {
               "fileName": "visionapi_war.ear/visionapi.war/WEB-INF/lib/log4j.jar",
               "details": [
                  {
                     "reference": null,
                     "match": ".*(\\.war|\\.jar)",
                     "lineNumber": 0
                  }
               ]
            },
            {
               "fileName": "visionapi_war.ear/visionapi.war/WEB-INF/lib/mail.jar",
               "details": [
                  {
                     "reference": null,
                     "match": ".*(\\.war|\\.jar)",
                     "lineNumber": 0
                  }
               ]
            },
            {
               "fileName": "visionapi_war.ear/visionapi.war/WEB-INF/lib/p8cjares.jar",
               "details": [
                  {
                     "reference": null,
                     "match": ".*(\\.war|\\.jar)",
                     "lineNumber": 0
                  }
               ]
            },
            {
               "fileName": "visionapi_war.ear/visionapi.war/WEB-INF/lib/stax-api.jar",
               "details": [
                  {
                     "reference": null,
                     "match": ".*(\\.war|\\.jar)",
                     "lineNumber": 0
                  }
               ]
            },
            {
               "fileName": "visionapi_war.ear/visionapi.war/WEB-INF/lib/tika-core-0.4.jar",
               "details": [
                  {
                     "reference": null,
                     "match": ".*(\\.war|\\.jar)",
                     "lineNumber": 0
                  }
               ]
            },
            {
               "fileName": "visionapi_war.ear/visionapi.war/WEB-INF/lib/xlxpScanner.jar",
               "details": [
                  {
                     "reference": null,
                     "match": ".*(\\.war|\\.jar)",
                     "lineNumber": 0
                  }
               ]
            },
            {
               "fileName": "visionapi_war.ear/visionapi.war/WEB-INF/lib/xlxpScannerUtils.jar",
               "details": [
                  {
                     "reference": null,
                     "match": ".*(\\.war|\\.jar)",
                     "lineNumber": 0
                  }
               ]
            }
         ]
      },
      {
         "ruleName": "Check for compatibility when using system modules",
         "ruleId": "SystemLoadLibrary",
         "severity": "Warning",
         "category": "All application servers",
         "results": [
            {
               "fileName": "visionapi_war.ear/visionapi.war/WEB-INF/lib/listener.jar/com/filenet/pch/WinPerfMon.class",
               "details": [
                  {
                     "reference": "Static initializer",
                     "match": "java.lang.System.loadLibrary(*)",
                     "lineNumber": 253
                  }
               ]
            }
         ]
      },
      {
         "ruleName": "Databases",
         "ruleId": "DatabasesSQLRule",
         "severity": "Warning",
         "category": "Technology connectivity considerations for IBM Cloud",
         "results": [
            {
               "fileName": "visionapi_war.ear/visionapi.war/WEB-INF/lib/Jace.jar/com/filenet/api/jdbc/Driver.class",
               "details": [
                  {
                     "reference": "Class implements",
                     "match": "java.sql",
                     "lineNumber": 0
                  }
               ]
            }
         ]
      },
      {
         "ruleName": "Do not start unmanaged threads within the web or EJB container",
         "ruleId": "CreateThreadMethodsInWebOrEjbProject",
         "severity": "Warning",
         "category": "All application servers",
         "results": [
            {
               "fileName": "visionapi_war.ear/visionapi.war/WEB-INF/lib/Jace.jar/com/filenet/apiimpl/transport/ejb/ContentPush.class",
               "details": [
                  {
                     "reference": "Method multiThreadUpload",
                     "match": "java.lang.Thread.start(*)",
                     "lineNumber": 245
                  }
               ]
            },
            {
               "fileName": "visionapi_war.ear/visionapi.war/WEB-INF/lib/listener.jar/com/filenet/pch/internal/Networker13$ManagerConnection$DiscarderThread.class",
               "details": [
                  {
                     "reference": "Constructor",
                     "match": "com.filenet.pch.internal.Networker13$ManagerConnection$DiscarderThread.start(*)",
                     "lineNumber": 72
                  }
               ]
            },
            {
               "fileName": "visionapi_war.ear/visionapi.war/WEB-INF/lib/listener.jar/com/filenet/pch/internal/Networker13$ManagerConnection$ReaderThread.class",
               "details": [
                  {
                     "reference": "Constructor",
                     "match": "com.filenet.pch.internal.Networker13$ManagerConnection$ReaderThread.start(*)",
                     "lineNumber": 48
                  }
               ]
            },
            {
               "fileName": "visionapi_war.ear/visionapi.war/WEB-INF/lib/listener.jar/com/filenet/pch/internal/Networker13$ManagerConnection$WriterThread.class",
               "details": [
                  {
                     "reference": "Constructor",
                     "match": "com.filenet.pch.internal.Networker13$ManagerConnection$WriterThread.start(*)",
                     "lineNumber": 59
                  }
               ]
            },
            {
               "fileName": "visionapi_war.ear/visionapi.war/WEB-INF/lib/listener.jar/com/filenet/pch/internal/NetworkerBase$ExecuteCustomMsg.class",
               "details": [
                  {
                     "reference": "Constructor",
                     "match": "com.filenet.pch.internal.NetworkerBase$ExecuteCustomMsg.start(*)",
                     "lineNumber": 444
                  }
               ]
            },
            {
               "fileName": "visionapi_war.ear/visionapi.war/WEB-INF/lib/listener.jar/com/filenet/pch/internal/NetworkerBase.class",
               "details": [
                  {
                     "reference": "Constructor",
                     "match": "com.filenet.pch.internal.NetworkerBase.start(*)",
                     "lineNumber": 219
                  }
               ]
            }
         ]
      },
      {
         "ruleName": "Remote EJB providers",
         "ruleId": "RemoteEJBProvidersRule",
         "severity": "Warning",
         "category": "Technology connectivity considerations for IBM Cloud (not Liberty Core)",
         "results": [
            {
               "fileName": "visionapi_war.ear/visionapi.war/WEB-INF/lib/Jace.jar/com/filenet/apiimpl/transport/ejbstubs/Engine.class",
               "details": [
                  {
                     "reference": "Class implements",
                     "match": "javax.ejb.EJBObject",
                     "lineNumber": 0
                  }
               ]
            }
         ]
      },
      {
         "ruleName": "Validate the URL host and port for cloud access",
         "ruleId": "URLRuleDockerCloud",
         "severity": "Warning",
         "category": "Connectivity considerations for IBM Cloud (Docker and WebSphere in IBM Cloud)",
         "results": [
            {
               "fileName": "visionapi_war.ear/visionapi.war/WEB-INF/classes/visionapi/FilenetAPI.class",
               "details": [
                  {
                     "reference": "Method setConnection",
                     "match": "http://172.25.10.47:9080/wsi/FNCEWS40MTOM/",
                     "lineNumber": 40
                  }
               ]
            },
            {
               "fileName": "visionapi_war.ear/visionapi.war/WEB-INF/classes/visionapi/apicall.class",
               "details": [
                  {
                     "reference": "Static initializer",
                     "match": "https://vision.googleapis.com/v1/images:annotate?key=",
                     "lineNumber": 18
                  }
               ]
            },
            {
               "fileName": "visionapi_war.ear/visionapi.war/WEB-INF/lib/Jace.jar/com/filenet/apiimpl/wsi/ClientBinding.class",
               "details": [
                  {
                     "reference": "Static initializer",
                     "match": "http://www.filenet.com/ns/fnce/2005/02/ws/DIME/wsdl",
                     "lineNumber": 87
                  },
                  {
                     "reference": "Static initializer",
                     "match": "http://www.filenet.com/ns/fnce/2006/11/ws/DIME/wsdl",
                     "lineNumber": 57
                  },
                  {
                     "reference": "Static initializer",
                     "match": "http://www.filenet.com/ns/fnce/2006/11/ws/MTOM/wsdl",
                     "lineNumber": 75
                  },
                  {
                     "reference": "Static initializer",
                     "match": "http://www.filenet.com/ns/fnce/2006/11/ws/SOAP/wsdl",
                     "lineNumber": 66
                  },
                  {
                     "reference": "Static initializer",
                     "match": "http://www.filenet.com/ns/fnce/2006/11/ws/schema",
                     "lineNumber": 41
                  }
               ]
            },
            {
               "fileName": "visionapi_war.ear/visionapi.war/WEB-INF/lib/Jace.jar/com/filenet/apiimpl/wsi/Namespaces.class",
               "details": [
                  {
                     "reference": "Field FNCEWS10_DIME_SCHEMA",
                     "match": "http://www.filenet.com/ns/fnce/2004/06/ws/DIME/schema",
                     "lineNumber": 0
                  },
                  {
                     "reference": "Field FNCEWS10_DIME_WSDL",
                     "match": "http://www.filenet.com/ns/fnce/2004/06/ws/DIME/wsdl",
                     "lineNumber": 0
                  },
                  {
                     "reference": "Field FNCEWS10_SCHEMA",
                     "match": "http://www.filenet.com/ns/fnce/2004/06/ws/schema",
                     "lineNumber": 0
                  },
                  {
                     "reference": "Field FNCEWS10_SOAP_WSDL",
                     "match": "http://www.filenet.com/ns/fnce/2004/06/ws/SOAP/wsdl",
                     "lineNumber": 0
                  },
                  {
                     "reference": "Field FNCEWS10_WSDL",
                     "match": "http://www.filenet.com/ns/fnce/2004/06/ws/wsdl",
                     "lineNumber": 0
                  },
                  {
                     "reference": "Field FNCEWS35_DIME_SCHEMA",
                     "match": "http://www.filenet.com/ns/fnce/2005/02/ws/DIME/schema",
                     "lineNumber": 0
                  },
                  {
                     "reference": "Field FNCEWS35_DIME_WSDL",
                     "match": "http://www.filenet.com/ns/fnce/2005/02/ws/DIME/wsdl",
                     "lineNumber": 0
                  },
                  {
                     "reference": "Field FNCEWS35_SCHEMA",
                     "match": "http://www.filenet.com/ns/fnce/2005/02/ws/schema",
                     "lineNumber": 0
                  },
                  {
                     "reference": "Field FNCEWS35_SOAP_WSDL",
                     "match": "http://www.filenet.com/ns/fnce/2005/02/ws/SOAP/wsdl",
                     "lineNumber": 0
                  },
                  {
                     "reference": "Field FNCEWS35_WSDL",
                     "match": "http://www.filenet.com/ns/fnce/2005/02/ws/wsdl",
                     "lineNumber": 0
                  },
                  {
                     "reference": "Field FNCEWS40_DIME_SCHEMA",
                     "match": "http://www.filenet.com/ns/fnce/2006/11/ws/DIME/schema",
                     "lineNumber": 0
                  },
                  {
                     "reference": "Field FNCEWS40_DIME_WSDL",
                     "match": "http://www.filenet.com/ns/fnce/2006/11/ws/DIME/wsdl",
                     "lineNumber": 0
                  },
                  {
                     "reference": "Field FNCEWS40_MTOM_SCHEMA",
                     "match": "http://www.filenet.com/ns/fnce/2006/11/ws/MTOM/schema",
                     "lineNumber": 0
                  },
                  {
                     "reference": "Field FNCEWS40_MTOM_WSDL",
                     "match": "http://www.filenet.com/ns/fnce/2006/11/ws/MTOM/wsdl",
                     "lineNumber": 0
                  },
                  {
                     "reference": "Field FNCEWS40_SCHEMA",
                     "match": "http://www.filenet.com/ns/fnce/2006/11/ws/schema",
                     "lineNumber": 0
                  },
                  {
                     "reference": "Field FNCEWS40_SOAP_WSDL",
                     "match": "http://www.filenet.com/ns/fnce/2006/11/ws/SOAP/wsdl",
                     "lineNumber": 0
                  },
                  {
                     "reference": "Field FNCEWS40_WSDL",
                     "match": "http://www.filenet.com/ns/fnce/2006/11/ws/wsdl",
                     "lineNumber": 0
                  },
                  {
                     "reference": "Field FNCEWS_DIME_SCHEMA",
                     "match": "http://www.filenet.com/ns/fnce/2006/11/ws/DIME/schema",
                     "lineNumber": 0
                  },
                  {
                     "reference": "Field FNCEWS_DIME_WSDL",
                     "match": "http://www.filenet.com/ns/fnce/2006/11/ws/DIME/wsdl",
                     "lineNumber": 0
                  },
                  {
                     "reference": "Field FNCEWS_MTOM_SCHEMA",
                     "match": "http://www.filenet.com/ns/fnce/2006/11/ws/MTOM/schema",
                     "lineNumber": 0
                  },
                  {
                     "reference": "Field FNCEWS_MTOM_WSDL",
                     "match": "http://www.filenet.com/ns/fnce/2006/11/ws/MTOM/wsdl",
                     "lineNumber": 0
                  },
                  {
                     "reference": "Field FNCEWS_SCHEMA",
                     "match": "http://www.filenet.com/ns/fnce/2006/11/ws/schema",
                     "lineNumber": 0
                  },
                  {
                     "reference": "Field FNCEWS_SOAP_WSDL",
                     "match": "http://www.filenet.com/ns/fnce/2006/11/ws/SOAP/wsdl",
                     "lineNumber": 0
                  },
                  {
                     "reference": "Field FNCEWS_WSDL",
                     "match": "http://www.filenet.com/ns/fnce/2006/11/ws/wsdl",
                     "lineNumber": 0
                  },
                  {
                     "reference": "Static initializer",
                     "match": "http://www.filenet.com/ns/fnce/",
                     "lineNumber": 119
                  },
                  {
                     "reference": "Static initializer",
                     "match": "http://www.filenet.com/ns/fnce/xxxx/xx/ws/",
                     "lineNumber": 113
                  },
                  {
                     "reference": "Static initializer",
                     "match": "http://www.filenet.com/ns/fnce/xxxx/xx/ws/schema",
                     "lineNumber": 111
                  },
                  {
                     "reference": "Static initializer",
                     "match": "http://www.filenet.com/ns/fnce/xxxx/xx/ws/xxxx/wsdl",
                     "lineNumber": 115
                  }
               ]
            },
            {
               "fileName": "visionapi_war.ear/visionapi.war/WEB-INF/lib/Jace.jar/com/filenet/apiimpl/wsi/ServiceSessionNst.class",
               "details": [
                  {
                     "reference": "Method bBigBlobONamespaces",
                     "match": "http://www.filenet.com/ns/fnce/2005/02/ws/DIME/schema",
                     "lineNumber": 209
                  },
                  {
                     "reference": "Method bBigBlobONamespaces",
                     "match": "http://www.filenet.com/ns/fnce/2005/02/ws/schema",
                     "lineNumber": 208
                  },
                  {
                     "reference": "Method bBigBlobONamespaces",
                     "match": "http://www.filenet.com/ns/fnce/2006/11/ws/DIME/schema",
                     "lineNumber": 207
                  },
                  {
                     "reference": "Method bBigBlobONamespaces",
                     "match": "http://www.filenet.com/ns/fnce/2006/11/ws/MTOM/schema",
                     "lineNumber": 206
                  },
                  {
                     "reference": "Method bBigBlobONamespaces",
                     "match": "http://www.filenet.com/ns/fnce/2006/11/ws/schema",
                     "lineNumber": 205
                  },
                  {
                     "reference": "Method sPrepareToSerializeResponse",
                     "match": "http://www.filenet.com/ns/fnce/2006/11/ws/schema",
                     "lineNumber": 1198
                  }
               ]
            },
            {
               "fileName": "visionapi_war.ear/visionapi.war/WEB-INF/lib/Jace.jar/com/filenet/apiimpl/wsi/serialization/Registry.class",
               "details": [
                  {
                     "reference": "Static initializer",
                     "match": "http://www.filenet.com/ns/fnce/2004/06/ws/DIME/wsdl",
                     "lineNumber": 49
                  },
                  {
                     "reference": "Static initializer",
                     "match": "http://www.filenet.com/ns/fnce/2004/06/ws/SOAP/wsdl",
                     "lineNumber": 48
                  },
                  {
                     "reference": "Static initializer",
                     "match": "http://www.filenet.com/ns/fnce/2005/02/ws/DIME/wsdl",
                     "lineNumber": 204
                  },
                  {
                     "reference": "Static initializer",
                     "match": "http://www.filenet.com/ns/fnce/2005/02/ws/SOAP/wsdl",
                     "lineNumber": 203
                  },
                  {
                     "reference": "Static initializer",
                     "match": "http://www.filenet.com/ns/fnce/2006/11/ws/DIME/wsdl",
                     "lineNumber": 213
                  },
                  {
                     "reference": "Static initializer",
                     "match": "http://www.filenet.com/ns/fnce/2006/11/ws/MTOM/wsdl",
                     "lineNumber": 214
                  },
                  {
                     "reference": "Static initializer",
                     "match": "http://www.filenet.com/ns/fnce/2006/11/ws/SOAP/wsdl",
                     "lineNumber": 212
                  }
               ]
            },
            {
               "fileName": "visionapi_war.ear/visionapi.war/WEB-INF/lib/Jace.jar/p8cews/wsdl/FNCEWS35DIME.wsdl",
               "details": [
                  {
                     "reference": null,
                     "match": "address.location=http://localhost:6070/FNCEWS35DIME/",
                     "lineNumber": 133
                  }
               ]
            },
            {
               "fileName": "visionapi_war.ear/visionapi.war/WEB-INF/lib/Jace.jar/p8cews/wsdl/FNCEWS35SOAP.wsdl",
               "details": [
                  {
                     "reference": null,
                     "match": "address.location=http://localhost:6070/FNCEWS35SOAP/",
                     "lineNumber": 84
                  }
               ]
            },
            {
               "fileName": "visionapi_war.ear/visionapi.war/WEB-INF/lib/Jace.jar/p8cews/wsdl/FNCEWS40DIME.wsdl",
               "details": [
                  {
                     "reference": null,
                     "match": "address.location=http://localhost:6070/FNCEWS40DIME/",
                     "lineNumber": 147
                  }
               ]
            },
            {
               "fileName": "visionapi_war.ear/visionapi.war/WEB-INF/lib/Jace.jar/p8cews/wsdl/FNCEWS40MTOM.wsdl",
               "details": [
                  {
                     "reference": null,
                     "match": "address.location=http://localhost:6070/FNCEWS40MTOM/",
                     "lineNumber": 97
                  }
               ]
            },
            {
               "fileName": "visionapi_war.ear/visionapi.war/WEB-INF/lib/Jace.jar/p8cews/wsdl/FNCEWS40SOAP.wsdl",
               "details": [
                  {
                     "reference": null,
                     "match": "address.location=http://localhost:6070/FNCEWS40SOAP/",
                     "lineNumber": 97
                  }
               ]
            },
            {
               "fileName": "visionapi_war.ear/visionapi.war/WEB-INF/lib/jxl-2.6.10.jar/jxl/demo/ReadWrite.class",
               "details": [
                  {
                     "reference": "Method modify",
                     "match": "http://www.andykhan.com/jexcelapi/index.html",
                     "lineNumber": 269
                  }
               ]
            },
            {
               "fileName": "visionapi_war.ear/visionapi.war/WEB-INF/lib/jxl-2.6.10.jar/jxl/demo/Write.class",
               "details": [
                  {
                     "reference": "Method writeLabelFormatSheet",
                     "match": "http://www.amazon.co.uk/exec/obidos/ASIN/0571058086/qid=1099836249/sr=1-3/ref=sr_1_11_3/202-6017285-1620664",
                     "lineNumber": 1083
                  },
                  {
                     "reference": "Method writeLabelFormatSheet",
                     "match": "http://www.andykhan.com/jexcelapi",
                     "lineNumber": 1055
                  }
               ]
            },
            {
               "fileName": "visionapi_war.ear/visionapi.war/WEB-INF/lib/jxl-2.6.10.jar/jxl/read/biff/HyperlinkRecord.class",
               "details": [
                  {
                     "reference": "Constructor",
                     "match": "http://www.andykhan.com/jexcelapi/index.html",
                     "lineNumber": 211
                  },
                  {
                     "reference": "Constructor",
                     "match": "http://www.andykhan.com/jexcelapi/index.html",
                     "lineNumber": 232
                  }
               ]
            }
         ]
      }
   ]
}