{
   "report": "analysis",
   "version": "1.2",
   "productVersion": "9.0",
   "productRelease": "19.0.0.2-TA1",
   "options": [
      "--sourceAppServer=was855",
      "--sourceJava=ibm7",
      "--sourceJavaEE=ee6",
      "--targetAppServer=liberty",
      "--targetJava=ibm8",
      "--targetCloud=dockerIBMCloud",
      "--excludePackages=com.ibm,com.informix,com.microsoft,com.sybase,com.sun,java,javax,net,oracle,org,sqlj,_ibmjsp"
   ],
   "totalRulesFlagged": 9,
   "filesAffected": 100,
   "totalResults": 164,
   "severitySummary": [
      {
         "severity": "Severe",
         "totalRulesFlagged": 1,
         "totalResults": 2
      },
      {
         "severity": "Warning",
         "totalRulesFlagged": 6,
         "totalResults": 148
      },
      {
         "severity": "Information",
         "totalRulesFlagged": 2,
         "totalResults": 14
      }
   ],
   "applications": [
      "/opt/IBM/WebSphere/AppServer/profiles/Dmgr01/config/cells/apwasdevCell01/applications/Visualizer_war.ear/Visualizer_war.ear"
   ],
   "rules": [
      {
         "ruleName": "Behavior change in java.lang.String and java.util.regex.Pattern split methods",
         "ruleId": "StringSplit",
         "severity": "Warning",
         "category": "Java SE version migration / Java SE 8 compatibility impacts",
         "results": [
            {
               "fileName": "Visualizer_war.ear/Visualizer.war/WEB-INF/classes/DAMService/CustomDamServices.class",
               "details": [
                  {
                     "reference": "Method getFolderIdByPath",
                     "match": "java.lang.String.split(*)",
                     "lineNumber": 59
                  }
               ]
            },
            {
               "fileName": "Visualizer_war.ear/Visualizer.war/WEB-INF/classes/DAMService/FolderServices.class",
               "details": [
                  {
                     "reference": "Method getFolderIdByPath_old",
                     "match": "java.lang.String.split(*)",
                     "lineNumber": 80
                  }
               ]
            },
            {
               "fileName": "Visualizer_war.ear/Visualizer.war/WEB-INF/classes/DAMService/Upload_File_To_DAM_Service.class",
               "details": [
                  {
                     "reference": "Method upload_DAM",
                     "match": "java.lang.String.split(*)",
                     "lineNumber": 153
                  }
               ]
            },
            {
               "fileName": "Visualizer_war.ear/Visualizer.war/WEB-INF/lib/cors-filter-1.7.jar/com/thetransactioncompany/cors/CORSConfiguration.class",
               "details": [
                  {
                     "reference": "Method parseWords",
                     "match": "java.lang.String.split(*)",
                     "lineNumber": 247
                  }
               ]
            },
            {
               "fileName": "Visualizer_war.ear/Visualizer.war/WEB-INF/lib/cors-filter-1.7.jar/com/thetransactioncompany/cors/CORSRequestHandler.class",
               "details": [
                  {
                     "reference": "Method parseMultipleHeaderValues",
                     "match": "java.lang.String.split(*)",
                     "lineNumber": 122
                  }
               ]
            },
            {
               "fileName": "Visualizer_war.ear/Visualizer.war/WEB-INF/lib/cors-filter-1.7.jar/com/thetransactioncompany/cors/HeaderFieldName.class",
               "details": [
                  {
                     "reference": "Method formatCanonical",
                     "match": "java.lang.String.split(*)",
                     "lineNumber": 51
                  }
               ]
            }
         ]
      },
      {
         "ruleName": "Behavior change in month name formatting for some languages",
         "ruleId": "MonthFormattingNames",
         "severity": "Information",
         "category": "Java SE version migration / Java SE 8 compatibility impacts",
         "results": [
            {
               "fileName": "Visualizer_war.ear/Visualizer.war/WEB-INF/classes/DAMService/LogToDB.class",
               "details": [
                  {
                     "reference": "Method logDB",
                     "match": "java.text.SimpleDateFormat.format(*)",
                     "lineNumber": 37
                  },
                  {
                     "reference": "Method logToFile",
                     "match": "java.text.SimpleDateFormat.format(*)",
                     "lineNumber": 79
                  },
                  {
                     "reference": "Method logToFile",
                     "match": "java.text.SimpleDateFormat.format(*)",
                     "lineNumber": 83
                  },
                  {
                     "reference": "Method logToFile",
                     "match": "java.text.SimpleDateFormat.format(*)",
                     "lineNumber": 85
                  }
               ]
            },
            {
               "fileName": "Visualizer_war.ear/Visualizer.war/WEB-INF/classes/DAMService/UploadDAM.class",
               "details": [
                  {
                     "reference": "Method uplodPDF",
                     "match": "java.text.SimpleDateFormat.format(*)",
                     "lineNumber": 70
                  },
                  {
                     "reference": "Method uplodPDF",
                     "match": "java.text.SimpleDateFormat.format(*)",
                     "lineNumber": 75
                  }
               ]
            },
            {
               "fileName": "Visualizer_war.ear/Visualizer.war/WEB-INF/classes/search/FolderCreation.class",
               "details": [
                  {
                     "reference": "Method main",
                     "match": "java.text.SimpleDateFormat.format(*)",
                     "lineNumber": 34
                  }
               ]
            },
            {
               "fileName": "Visualizer_war.ear/Visualizer.war/WEB-INF/lib/gson-2.3.1.jar/com/google/gson/DefaultDateTypeAdapter.class",
               "details": [
                  {
                     "reference": "Method serialize",
                     "match": "java.text.DateFormat.format(*)",
                     "lineNumber": 72
                  }
               ]
            },
            {
               "fileName": "Visualizer_war.ear/Visualizer.war/WEB-INF/lib/gson-2.3.1.jar/com/google/gson/internal/bind/DateTypeAdapter.class",
               "details": [
                  {
                     "reference": "Method write",
                     "match": "java.text.DateFormat.format(*)",
                     "lineNumber": 90
                  }
               ]
            },
            {
               "fileName": "Visualizer_war.ear/Visualizer.war/WEB-INF/lib/gson-2.3.1.jar/com/google/gson/internal/bind/SqlDateTypeAdapter.class",
               "details": [
                  {
                     "reference": "Method write",
                     "match": "java.text.DateFormat.format(*)",
                     "lineNumber": 65
                  }
               ]
            },
            {
               "fileName": "Visualizer_war.ear/Visualizer.war/WEB-INF/lib/gson-2.3.1.jar/com/google/gson/internal/bind/TimeTypeAdapter.class",
               "details": [
                  {
                     "reference": "Method write",
                     "match": "java.text.DateFormat.format(*)",
                     "lineNumber": 64
                  }
               ]
            },
            {
               "fileName": "Visualizer_war.ear/Visualizer.war/WEB-INF/lib/itextpdf-5.0.6.jar/com/itextpdf/text/Document.class",
               "details": [
                  {
                     "reference": "Method addCreationDate",
                     "match": "java.text.SimpleDateFormat.format(*)",
                     "lineNumber": 538
                  }
               ]
            },
            {
               "fileName": "Visualizer_war.ear/Visualizer.war/WEB-INF/lib/itextpdf-5.0.6.jar/com/itextpdf/text/pdf/PdfSignatureAppearance.class",
               "details": [
                  {
                     "reference": "Method getAppearance",
                     "match": "java.text.SimpleDateFormat.format(*)",
                     "lineNumber": 411
                  }
               ]
            }
         ]
      },
      {
         "ruleName": "Behavior change in rounding in NumberFormat and DecimalFormat format methods",
         "ruleId": "NumberFormatRounding",
         "severity": "Information",
         "category": "Java SE version migration / Java SE 8 compatibility impacts",
         "results": [
            {
               "fileName": "Visualizer_war.ear/Visualizer.war/WEB-INF/lib/itextpdf-5.0.6.jar/com/itextpdf/text/pdf/ByteBuffer.class",
               "details": [
                  {
                     "reference": "Method formatDouble",
                     "match": "java.text.DecimalFormat.format(double)",
                     "lineNumber": 318
                  }
               ]
            }
         ]
      },
      {
         "ruleName": "Databases",
         "ruleId": "DatabasesSQLRule",
         "severity": "Warning",
         "category": "Technology connectivity considerations for IBM Cloud",
         "results": [
            {
               "fileName": "Visualizer_war.ear/Visualizer.war/WEB-INF/classes/ColorSpectra.class",
               "details": [
                  {
                     "reference": "Method doGet",
                     "match": "java.sql",
                     "lineNumber": 156
                  }
               ]
            },
            {
               "fileName": "Visualizer_war.ear/Visualizer.war/WEB-INF/lib/gson-2.3.1.jar/com/google/gson/DefaultDateTypeAdapter.class",
               "details": [
                  {
                     "reference": "Method deserialize",
                     "match": "java.sql",
                     "lineNumber": 85
                  }
               ]
            }
         ]
      },
      {
         "ruleName": "Do not start unmanaged threads within the web or EJB container",
         "ruleId": "CreateThreadMethodsInWebOrEjbProject",
         "severity": "Warning",
         "category": "All application servers",
         "results": [
            {
               "fileName": "Visualizer_war.ear/Visualizer.war/WEB-INF/classes/SyncRazuna.class",
               "details": [
                  {
                     "reference": "Method doPost",
                     "match": "java.lang.Thread.start(*)",
                     "lineNumber": 39
                  }
               ]
            }
         ]
      },
      {
         "ruleName": "Handling application configuration in Docker containers",
         "ruleId": "DetectPropertiesFiles",
         "severity": "Warning",
         "category": "Docker (IBM Cloud Kubernetes Service)",
         "results": [
            {
               "fileName": "Visualizer_war.ear/Visualizer.war/WEB-INF/classes/Services/SynchronizeRaunza.class",
               "details": [
                  {
                     "reference": "Method synchronizeRazuna",
                     "match": "java.util.Properties.load(*)",
                     "lineNumber": 68
                  }
               ]
            },
            {
               "fileName": "Visualizer_war.ear/Visualizer.war/WEB-INF/lib/apache-mime4j.jar/META-INF/maven/org.apache.james/apache-mime4j/pom.properties",
               "details": [
                  {
                     "reference": null,
                     "match": "(.*)?\\.properties",
                     "lineNumber": 0
                  }
               ]
            },
            {
               "fileName": "Visualizer_war.ear/Visualizer.war/WEB-INF/lib/commons-codec-1.6.jar/META-INF/maven/commons-codec/commons-codec/pom.properties",
               "details": [
                  {
                     "reference": null,
                     "match": "(.*)?\\.properties",
                     "lineNumber": 0
                  }
               ]
            },
            {
               "fileName": "Visualizer_war.ear/Visualizer.war/WEB-INF/lib/commons-fileupload-1.3.1.jar/META-INF/maven/commons-fileupload/commons-fileupload/pom.properties",
               "details": [
                  {
                     "reference": null,
                     "match": "(.*)?\\.properties",
                     "lineNumber": 0
                  }
               ]
            },
            {
               "fileName": "Visualizer_war.ear/Visualizer.war/WEB-INF/lib/commons-io-2.4.jar/META-INF/maven/commons-io/commons-io/pom.properties",
               "details": [
                  {
                     "reference": null,
                     "match": "(.*)?\\.properties",
                     "lineNumber": 0
                  }
               ]
            },
            {
               "fileName": "Visualizer_war.ear/Visualizer.war/WEB-INF/lib/commons-logging-1.1.1.jar/META-INF/maven/commons-logging/commons-logging/pom.properties",
               "details": [
                  {
                     "reference": null,
                     "match": "(.*)?\\.properties",
                     "lineNumber": 0
                  }
               ]
            },
            {
               "fileName": "Visualizer_war.ear/Visualizer.war/WEB-INF/lib/commons-logging-1.1.3.jar/META-INF/maven/commons-logging/commons-logging/pom.properties",
               "details": [
                  {
                     "reference": null,
                     "match": "(.*)?\\.properties",
                     "lineNumber": 0
                  }
               ]
            },
            {
               "fileName": "Visualizer_war.ear/Visualizer.war/WEB-INF/lib/cors-filter-1.7.jar/META-INF/maven/com.thetransactioncompany/cors-filter/pom.properties",
               "details": [
                  {
                     "reference": null,
                     "match": "(.*)?\\.properties",
                     "lineNumber": 0
                  }
               ]
            },
            {
               "fileName": "Visualizer_war.ear/Visualizer.war/WEB-INF/lib/cors-filter-1.7.jar/com/thetransactioncompany/cors/CORSConfigurationLoader.class",
               "details": [
                  {
                     "reference": "Method loadPropertiesFromFile",
                     "match": "java.util.Properties.load(*)",
                     "lineNumber": 104
                  }
               ]
            },
            {
               "fileName": "Visualizer_war.ear/Visualizer.war/WEB-INF/lib/fluent-hc-4.3.4.jar/META-INF/maven/org.apache.httpcomponents/fluent-hc/pom.properties",
               "details": [
                  {
                     "reference": null,
                     "match": "(.*)?\\.properties",
                     "lineNumber": 0
                  }
               ]
            },
            {
               "fileName": "Visualizer_war.ear/Visualizer.war/WEB-INF/lib/httpclient-4.0.3.jar/META-INF/maven/org.apache.httpcomponents/httpclient/pom.properties",
               "details": [
                  {
                     "reference": null,
                     "match": "(.*)?\\.properties",
                     "lineNumber": 0
                  }
               ]
            },
            {
               "fileName": "Visualizer_war.ear/Visualizer.war/WEB-INF/lib/httpclient-4.0.3.jar/org/apache/http/client/version.properties",
               "details": [
                  {
                     "reference": null,
                     "match": "(.*)?\\.properties",
                     "lineNumber": 0
                  }
               ]
            },
            {
               "fileName": "Visualizer_war.ear/Visualizer.war/WEB-INF/lib/httpclient-4.3.4.jar/META-INF/maven/org.apache.httpcomponents/httpclient/pom.properties",
               "details": [
                  {
                     "reference": null,
                     "match": "(.*)?\\.properties",
                     "lineNumber": 0
                  }
               ]
            },
            {
               "fileName": "Visualizer_war.ear/Visualizer.war/WEB-INF/lib/httpclient-4.3.4.jar/org/apache/http/client/version.properties",
               "details": [
                  {
                     "reference": null,
                     "match": "(.*)?\\.properties",
                     "lineNumber": 0
                  }
               ]
            },
            {
               "fileName": "Visualizer_war.ear/Visualizer.war/WEB-INF/lib/httpclient-cache-4.3.4.jar/META-INF/maven/org.apache.httpcomponents/httpclient-cache/pom.properties",
               "details": [
                  {
                     "reference": null,
                     "match": "(.*)?\\.properties",
                     "lineNumber": 0
                  }
               ]
            },
            {
               "fileName": "Visualizer_war.ear/Visualizer.war/WEB-INF/lib/httpcore-4.1.1.jar/META-INF/maven/org.apache.httpcomponents/httpcore/pom.properties",
               "details": [
                  {
                     "reference": null,
                     "match": "(.*)?\\.properties",
                     "lineNumber": 0
                  }
               ]
            },
            {
               "fileName": "Visualizer_war.ear/Visualizer.war/WEB-INF/lib/httpcore-4.1.1.jar/org/apache/http/version.properties",
               "details": [
                  {
                     "reference": null,
                     "match": "(.*)?\\.properties",
                     "lineNumber": 0
                  }
               ]
            },
            {
               "fileName": "Visualizer_war.ear/Visualizer.war/WEB-INF/lib/httpcore-4.3.2.jar/META-INF/maven/org.apache.httpcomponents/httpcore/pom.properties",
               "details": [
                  {
                     "reference": null,
                     "match": "(.*)?\\.properties",
                     "lineNumber": 0
                  }
               ]
            },
            {
               "fileName": "Visualizer_war.ear/Visualizer.war/WEB-INF/lib/httpcore-4.3.2.jar/org/apache/http/version.properties",
               "details": [
                  {
                     "reference": null,
                     "match": "(.*)?\\.properties",
                     "lineNumber": 0
                  }
               ]
            },
            {
               "fileName": "Visualizer_war.ear/Visualizer.war/WEB-INF/lib/httpmime-4.3.4.jar/META-INF/maven/org.apache.httpcomponents/httpmime/pom.properties",
               "details": [
                  {
                     "reference": null,
                     "match": "(.*)?\\.properties",
                     "lineNumber": 0
                  }
               ]
            },
            {
               "fileName": "Visualizer_war.ear/Visualizer.war/WEB-INF/lib/httpmime-4.3.4.jar/org/apache/http/entity/mime/version.properties",
               "details": [
                  {
                     "reference": null,
                     "match": "(.*)?\\.properties",
                     "lineNumber": 0
                  }
               ]
            },
            {
               "fileName": "Visualizer_war.ear/Visualizer.war/WEB-INF/lib/httpmime.jar/META-INF/maven/org.apache.httpcomponents/httpmime/pom.properties",
               "details": [
                  {
                     "reference": null,
                     "match": "(.*)?\\.properties",
                     "lineNumber": 0
                  }
               ]
            },
            {
               "fileName": "Visualizer_war.ear/Visualizer.war/WEB-INF/lib/httpmime.jar/org/apache/http/entity/mime/version.properties",
               "details": [
                  {
                     "reference": null,
                     "match": "(.*)?\\.properties",
                     "lineNumber": 0
                  }
               ]
            },
            {
               "fileName": "Visualizer_war.ear/Visualizer.war/WEB-INF/lib/itextpdf-5.0.6.jar/com/itextpdf/text/pdf/CJKFont.class",
               "details": [
                  {
                     "reference": "Method loadProperties",
                     "match": "java.util.Properties.load(*)",
                     "lineNumber": 101
                  },
                  {
                     "reference": "Method loadProperties",
                     "match": "java.util.Properties.load(*)",
                     "lineNumber": 104
                  },
                  {
                     "reference": "Method readFontProperties",
                     "match": "java.util.Properties.load(*)",
                     "lineNumber": 594
                  }
               ]
            },
            {
               "fileName": "Visualizer_war.ear/Visualizer.war/WEB-INF/lib/java-property-utils-1.7.1.jar/META-INF/maven/com.thetransactioncompany/java-property-utils/pom.properties",
               "details": [
                  {
                     "reference": null,
                     "match": "(.*)?\\.properties",
                     "lineNumber": 0
                  }
               ]
            },
            {
               "fileName": "Visualizer_war.ear/Visualizer.war/WEB-INF/lib/javax.json-1.0.jar/META-INF/maven/org.glassfish/javax.json/pom.properties",
               "details": [
                  {
                     "reference": null,
                     "match": "(.*)?\\.properties",
                     "lineNumber": 0
                  }
               ]
            },
            {
               "fileName": "Visualizer_war.ear/Visualizer.war/WEB-INF/lib/jersey-client-1.18.jar/META-INF/maven/com.sun.jersey/jersey-client/pom.properties",
               "details": [
                  {
                     "reference": null,
                     "match": "(.*)?\\.properties",
                     "lineNumber": 0
                  }
               ]
            },
            {
               "fileName": "Visualizer_war.ear/Visualizer.war/WEB-INF/lib/jersey-core-1.18.jar/META-INF/maven/com.sun.jersey/jersey-core/pom.properties",
               "details": [
                  {
                     "reference": null,
                     "match": "(.*)?\\.properties",
                     "lineNumber": 0
                  }
               ]
            },
            {
               "fileName": "Visualizer_war.ear/Visualizer.war/WEB-INF/lib/jersey-core-1.18.jar/com/sun/jersey/impl/api.properties",
               "details": [
                  {
                     "reference": null,
                     "match": "(.*)?\\.properties",
                     "lineNumber": 0
                  }
               ]
            },
            {
               "fileName": "Visualizer_war.ear/Visualizer.war/WEB-INF/lib/jersey-core-1.18.jar/com/sun/jersey/impl/impl.properties",
               "details": [
                  {
                     "reference": null,
                     "match": "(.*)?\\.properties",
                     "lineNumber": 0
                  }
               ]
            },
            {
               "fileName": "Visualizer_war.ear/Visualizer.war/WEB-INF/lib/jersey-core-1.18.jar/com/sun/jersey/impl/spi.properties",
               "details": [
                  {
                     "reference": null,
                     "match": "(.*)?\\.properties",
                     "lineNumber": 0
                  }
               ]
            },
            {
               "fileName": "Visualizer_war.ear/Visualizer.war/WEB-INF/lib/jersey-multipart-1.18.1.jar/META-INF/maven/com.sun.jersey.contribs/jersey-multipart/pom.properties",
               "details": [
                  {
                     "reference": null,
                     "match": "(.*)?\\.properties",
                     "lineNumber": 0
                  }
               ]
            },
            {
               "fileName": "Visualizer_war.ear/Visualizer.war/WEB-INF/lib/json-simple-1.1.1.jar/META-INF/maven/com.googlecode.json-simple/json-simple/pom.properties",
               "details": [
                  {
                     "reference": null,
                     "match": "(.*)?\\.properties",
                     "lineNumber": 0
                  }
               ]
            },
            {
               "fileName": "Visualizer_war.ear/Visualizer.war/WEB-INF/lib/ojdbc14.jar/oracle/jdbc/driver/Messages.properties",
               "details": [
                  {
                     "reference": null,
                     "match": "(.*)?\\.properties",
                     "lineNumber": 0
                  }
               ]
            },
            {
               "fileName": "Visualizer_war.ear/Visualizer.war/WEB-INF/lib/ojdbc14.jar/oracle/jdbc/driver/Messages_ar.properties",
               "details": [
                  {
                     "reference": null,
                     "match": "(.*)?\\.properties",
                     "lineNumber": 0
                  }
               ]
            },
            {
               "fileName": "Visualizer_war.ear/Visualizer.war/WEB-INF/lib/ojdbc14.jar/oracle/jdbc/driver/Messages_ca.properties",
               "details": [
                  {
                     "reference": null,
                     "match": "(.*)?\\.properties",
                     "lineNumber": 0
                  }
               ]
            },
            {
               "fileName": "Visualizer_war.ear/Visualizer.war/WEB-INF/lib/ojdbc14.jar/oracle/jdbc/driver/Messages_cs.properties",
               "details": [
                  {
                     "reference": null,
                     "match": "(.*)?\\.properties",
                     "lineNumber": 0
                  }
               ]
            },
            {
               "fileName": "Visualizer_war.ear/Visualizer.war/WEB-INF/lib/ojdbc14.jar/oracle/jdbc/driver/Messages_da.properties",
               "details": [
                  {
                     "reference": null,
                     "match": "(.*)?\\.properties",
                     "lineNumber": 0
                  }
               ]
            },
            {
               "fileName": "Visualizer_war.ear/Visualizer.war/WEB-INF/lib/ojdbc14.jar/oracle/jdbc/driver/Messages_de.properties",
               "details": [
                  {
                     "reference": null,
                     "match": "(.*)?\\.properties",
                     "lineNumber": 0
                  }
               ]
            },
            {
               "fileName": "Visualizer_war.ear/Visualizer.war/WEB-INF/lib/ojdbc14.jar/oracle/jdbc/driver/Messages_el.properties",
               "details": [
                  {
                     "reference": null,
                     "match": "(.*)?\\.properties",
                     "lineNumber": 0
                  }
               ]
            },
            {
               "fileName": "Visualizer_war.ear/Visualizer.war/WEB-INF/lib/ojdbc14.jar/oracle/jdbc/driver/Messages_es.properties",
               "details": [
                  {
                     "reference": null,
                     "match": "(.*)?\\.properties",
                     "lineNumber": 0
                  }
               ]
            },
            {
               "fileName": "Visualizer_war.ear/Visualizer.war/WEB-INF/lib/ojdbc14.jar/oracle/jdbc/driver/Messages_fi.properties",
               "details": [
                  {
                     "reference": null,
                     "match": "(.*)?\\.properties",
                     "lineNumber": 0
                  }
               ]
            },
            {
               "fileName": "Visualizer_war.ear/Visualizer.war/WEB-INF/lib/ojdbc14.jar/oracle/jdbc/driver/Messages_fr.properties",
               "details": [
                  {
                     "reference": null,
                     "match": "(.*)?\\.properties",
                     "lineNumber": 0
                  }
               ]
            },
            {
               "fileName": "Visualizer_war.ear/Visualizer.war/WEB-INF/lib/ojdbc14.jar/oracle/jdbc/driver/Messages_hu.properties",
               "details": [
                  {
                     "reference": null,
                     "match": "(.*)?\\.properties",
                     "lineNumber": 0
                  }
               ]
            },
            {
               "fileName": "Visualizer_war.ear/Visualizer.war/WEB-INF/lib/ojdbc14.jar/oracle/jdbc/driver/Messages_it.properties",
               "details": [
                  {
                     "reference": null,
                     "match": "(.*)?\\.properties",
                     "lineNumber": 0
                  }
               ]
            },
            {
               "fileName": "Visualizer_war.ear/Visualizer.war/WEB-INF/lib/ojdbc14.jar/oracle/jdbc/driver/Messages_iw.properties",
               "details": [
                  {
                     "reference": null,
                     "match": "(.*)?\\.properties",
                     "lineNumber": 0
                  }
               ]
            },
            {
               "fileName": "Visualizer_war.ear/Visualizer.war/WEB-INF/lib/ojdbc14.jar/oracle/jdbc/driver/Messages_ja.properties",
               "details": [
                  {
                     "reference": null,
                     "match": "(.*)?\\.properties",
                     "lineNumber": 0
                  }
               ]
            },
            {
               "fileName": "Visualizer_war.ear/Visualizer.war/WEB-INF/lib/ojdbc14.jar/oracle/jdbc/driver/Messages_ko.properties",
               "details": [
                  {
                     "reference": null,
                     "match": "(.*)?\\.properties",
                     "lineNumber": 0
                  }
               ]
            },
            {
               "fileName": "Visualizer_war.ear/Visualizer.war/WEB-INF/lib/ojdbc14.jar/oracle/jdbc/driver/Messages_nl.properties",
               "details": [
                  {
                     "reference": null,
                     "match": "(.*)?\\.properties",
                     "lineNumber": 0
                  }
               ]
            },
            {
               "fileName": "Visualizer_war.ear/Visualizer.war/WEB-INF/lib/ojdbc14.jar/oracle/jdbc/driver/Messages_no.properties",
               "details": [
                  {
                     "reference": null,
                     "match": "(.*)?\\.properties",
                     "lineNumber": 0
                  }
               ]
            },
            {
               "fileName": "Visualizer_war.ear/Visualizer.war/WEB-INF/lib/ojdbc14.jar/oracle/jdbc/driver/Messages_pl.properties",
               "details": [
                  {
                     "reference": null,
                     "match": "(.*)?\\.properties",
                     "lineNumber": 0
                  }
               ]
            },
            {
               "fileName": "Visualizer_war.ear/Visualizer.war/WEB-INF/lib/ojdbc14.jar/oracle/jdbc/driver/Messages_pt.properties",
               "details": [
                  {
                     "reference": null,
                     "match": "(.*)?\\.properties",
                     "lineNumber": 0
                  }
               ]
            },
            {
               "fileName": "Visualizer_war.ear/Visualizer.war/WEB-INF/lib/ojdbc14.jar/oracle/jdbc/driver/Messages_pt_BR.properties",
               "details": [
                  {
                     "reference": null,
                     "match": "(.*)?\\.properties",
                     "lineNumber": 0
                  }
               ]
            },
            {
               "fileName": "Visualizer_war.ear/Visualizer.war/WEB-INF/lib/ojdbc14.jar/oracle/jdbc/driver/Messages_ro.properties",
               "details": [
                  {
                     "reference": null,
                     "match": "(.*)?\\.properties",
                     "lineNumber": 0
                  }
               ]
            },
            {
               "fileName": "Visualizer_war.ear/Visualizer.war/WEB-INF/lib/ojdbc14.jar/oracle/jdbc/driver/Messages_ru.properties",
               "details": [
                  {
                     "reference": null,
                     "match": "(.*)?\\.properties",
                     "lineNumber": 0
                  }
               ]
            },
            {
               "fileName": "Visualizer_war.ear/Visualizer.war/WEB-INF/lib/ojdbc14.jar/oracle/jdbc/driver/Messages_sk.properties",
               "details": [
                  {
                     "reference": null,
                     "match": "(.*)?\\.properties",
                     "lineNumber": 0
                  }
               ]
            },
            {
               "fileName": "Visualizer_war.ear/Visualizer.war/WEB-INF/lib/ojdbc14.jar/oracle/jdbc/driver/Messages_sv.properties",
               "details": [
                  {
                     "reference": null,
                     "match": "(.*)?\\.properties",
                     "lineNumber": 0
                  }
               ]
            },
            {
               "fileName": "Visualizer_war.ear/Visualizer.war/WEB-INF/lib/ojdbc14.jar/oracle/jdbc/driver/Messages_th.properties",
               "details": [
                  {
                     "reference": null,
                     "match": "(.*)?\\.properties",
                     "lineNumber": 0
                  }
               ]
            },
            {
               "fileName": "Visualizer_war.ear/Visualizer.war/WEB-INF/lib/ojdbc14.jar/oracle/jdbc/driver/Messages_tr.properties",
               "details": [
                  {
                     "reference": null,
                     "match": "(.*)?\\.properties",
                     "lineNumber": 0
                  }
               ]
            },
            {
               "fileName": "Visualizer_war.ear/Visualizer.war/WEB-INF/lib/ojdbc14.jar/oracle/jdbc/driver/Messages_zh_CN.properties",
               "details": [
                  {
                     "reference": null,
                     "match": "(.*)?\\.properties",
                     "lineNumber": 0
                  }
               ]
            },
            {
               "fileName": "Visualizer_war.ear/Visualizer.war/WEB-INF/lib/ojdbc14.jar/oracle/jdbc/driver/Messages_zh_TW.properties",
               "details": [
                  {
                     "reference": null,
                     "match": "(.*)?\\.properties",
                     "lineNumber": 0
                  }
               ]
            },
            {
               "fileName": "Visualizer_war.ear/Visualizer.war/WEB-INF/lib/ojdbc14.jar/oracle/net/mesg/Message.properties",
               "details": [
                  {
                     "reference": null,
                     "match": "(.*)?\\.properties",
                     "lineNumber": 0
                  }
               ]
            },
            {
               "fileName": "Visualizer_war.ear/Visualizer.war/WEB-INF/lib/sanselan-0.97-incubator.jar/META-INF/maven/org.apache.sanselan/sanselan/pom.properties",
               "details": [
                  {
                     "reference": null,
                     "match": "(.*)?\\.properties",
                     "lineNumber": 0
                  }
               ]
            }
         ]
      },
      {
         "ruleName": "Managing data inside and between Docker containers",
         "ruleId": "FileSystemRule",
         "severity": "Warning",
         "category": "Docker (IBM Cloud Kubernetes Service)",
         "results": [
            {
               "fileName": "Visualizer_war.ear/Visualizer.war/WEB-INF/classes/ColorSpectra.class",
               "details": [
                  {
                     "reference": "Method doGet",
                     "match": "java.io.FileOutputStream",
                     "lineNumber": 340
                  },
                  {
                     "reference": "Method doGet",
                     "match": "java.io.FileOutputStream",
                     "lineNumber": 341
                  },
                  {
                     "reference": "Method doGet",
                     "match": "java.io.FileOutputStream",
                     "lineNumber": 342
                  },
                  {
                     "reference": "Method doGet",
                     "match": "java.io.FileOutputStream",
                     "lineNumber": 343
                  },
                  {
                     "reference": "Method doGet",
                     "match": "java.io.FileOutputStream",
                     "lineNumber": 344
                  }
               ]
            },
            {
               "fileName": "Visualizer_war.ear/Visualizer.war/WEB-INF/classes/DAMService/LogToDB.class",
               "details": [
                  {
                     "reference": "Method logToFile",
                     "match": "java.io.FileWriter",
                     "lineNumber": 91
                  },
                  {
                     "reference": "Method logToFile",
                     "match": "java.io.FileWriter",
                     "lineNumber": 95
                  },
                  {
                     "reference": "Method logToFile",
                     "match": "java.io.FileWriter",
                     "lineNumber": 101
                  }
               ]
            },
            {
               "fileName": "Visualizer_war.ear/Visualizer.war/WEB-INF/classes/DAMService/Upload_File_To_DAM_Service.class",
               "details": [
                  {
                     "reference": "Method upload_DAM",
                     "match": "java.io.FileOutputStream",
                     "lineNumber": 224
                  },
                  {
                     "reference": "Method upload_DAM",
                     "match": "java.io.FileOutputStream",
                     "lineNumber": 225
                  },
                  {
                     "reference": "Method upload_DAM",
                     "match": "java.io.FileOutputStream",
                     "lineNumber": 226
                  },
                  {
                     "reference": "Method upload_DAM",
                     "match": "java.io.FileOutputStream",
                     "lineNumber": 298
                  }
               ]
            },
            {
               "fileName": "Visualizer_war.ear/Visualizer.war/WEB-INF/classes/Services/SynchronizeRaunza.class",
               "details": [
                  {
                     "reference": "Method Download",
                     "match": "java.io.FileOutputStream",
                     "lineNumber": 264
                  },
                  {
                     "reference": "Method Download",
                     "match": "java.io.FileOutputStream",
                     "lineNumber": 265
                  },
                  {
                     "reference": "Method Download",
                     "match": "java.io.FileOutputStream",
                     "lineNumber": 266
                  },
                  {
                     "reference": "Method Download",
                     "match": "java.io.FileOutputStream",
                     "lineNumber": 267
                  },
                  {
                     "reference": "Method Download",
                     "match": "java.io.FileOutputStream",
                     "lineNumber": 274
                  },
                  {
                     "reference": "Static initializer",
                     "match": "java.io.FileOutputStream",
                     "lineNumber": 38
                  }
               ]
            },
            {
               "fileName": "Visualizer_war.ear/Visualizer.war/WEB-INF/classes/Services/UploadImages.class",
               "details": [
                  {
                     "reference": "Method saveImage",
                     "match": "java.io.FileOutputStream",
                     "lineNumber": 97
                  }
               ]
            },
            {
               "fileName": "Visualizer_war.ear/Visualizer.war/WEB-INF/classes/search/ZipCreation.class",
               "details": [
                  {
                     "reference": "Method zip",
                     "match": "java.io.FileOutputStream",
                     "lineNumber": 32
                  },
                  {
                     "reference": "Method zip",
                     "match": "java.io.FileOutputStream",
                     "lineNumber": 57
                  }
               ]
            },
            {
               "fileName": "Visualizer_war.ear/Visualizer.war/WEB-INF/lib/itextpdf-5.0.6.jar/com/itextpdf/text/pdf/PdfSignatureAppearance.class",
               "details": [
                  {
                     "reference": "Method close",
                     "match": "java.io.RandomAccessFile.write(*)",
                     "lineNumber": 1087
                  },
                  {
                     "reference": "Method preClose",
                     "match": "java.io.RandomAccessFile.write(*)",
                     "lineNumber": 1048
                  }
               ]
            },
            {
               "fileName": "Visualizer_war.ear/Visualizer.war/WEB-INF/lib/itextpdf-5.0.6.jar/com/itextpdf/text/pdf/PdfStamper.class",
               "details": [
                  {
                     "reference": "Method createSignature",
                     "match": "java.io.FileOutputStream",
                     "lineNumber": 656
                  },
                  {
                     "reference": "Method createSignature",
                     "match": "java.io.FileOutputStream",
                     "lineNumber": 670
                  }
               ]
            },
            {
               "fileName": "Visualizer_war.ear/Visualizer.war/WEB-INF/lib/itextpdf-5.0.6.jar/com/itextpdf/text/pdf/codec/Base64.class",
               "details": [
                  {
                     "reference": "Method decodeFileToFile",
                     "match": "java.io.FileOutputStream",
                     "lineNumber": 1253
                  },
                  {
                     "reference": "Method decodeToFile",
                     "match": "java.io.FileOutputStream",
                     "lineNumber": 1104
                  },
                  {
                     "reference": "Method encodeFileToFile",
                     "match": "java.io.FileOutputStream",
                     "lineNumber": 1229
                  },
                  {
                     "reference": "Method encodeToFile",
                     "match": "java.io.FileOutputStream",
                     "lineNumber": 1074
                  }
               ]
            },
            {
               "fileName": "Visualizer_war.ear/Visualizer.war/WEB-INF/lib/itextpdf-5.0.6.jar/com/itextpdf/text/pdf/parser/PdfContentReaderTool.class",
               "details": [
                  {
                     "reference": "Method main",
                     "match": "java.io.FileOutputStream",
                     "lineNumber": 238
                  }
               ]
            }
         ]
      },
      {
         "ruleName": "The use of java.sql.Driver and java.sql.DriverManager interfaces requires configuration ",
         "ruleId": "SqlDriverRule",
         "severity": "Severe",
         "category": "WebSphere traditional to Liberty",
         "results": [
            {
               "fileName": "Visualizer_war.ear/Visualizer.war/WEB-INF/classes/search/FolderCreation.class",
               "details": [
                  {
                     "reference": "Method main",
                     "match": "java.sql.DriverManager.getConnection(*)",
                     "lineNumber": 23
                  },
                  {
                     "reference": "Method main",
                     "match": "java.sql.DriverManager.getConnection(*)",
                     "lineNumber": 24
                  }
               ]
            }
         ]
      },
      {
         "ruleName": "Validate the URL host and port for cloud access",
         "ruleId": "URLRuleDockerCloud",
         "severity": "Warning",
         "category": "Connectivity considerations for IBM Cloud (Docker and WebSphere in IBM Cloud)",
         "results": [
            {
               "fileName": "Visualizer_war.ear/Visualizer.war/WEB-INF/classes/DAMService/AssetServices.class",
               "details": [
                  {
                     "reference": "Method main",
                     "match": "http://digital.razuna.org",
                     "lineNumber": 21
                  }
               ]
            },
            {
               "fileName": "Visualizer_war.ear/Visualizer.war/WEB-INF/classes/DAMService/CustomDamServices.class",
               "details": [
                  {
                     "reference": "Field LINK",
                     "match": "http://digital.razuna.org",
                     "lineNumber": 0
                  }
               ]
            },
            {
               "fileName": "Visualizer_war.ear/Visualizer.war/WEB-INF/classes/DAMService/UploadToDAM.class",
               "details": [
                  {
                     "reference": "Constructor",
                     "match": "http://digital.razuna.org",
                     "lineNumber": 7
                  },
                  {
                     "reference": "Field LINK",
                     "match": "http://digital.razuna.org",
                     "lineNumber": 0
                  }
               ]
            },
            {
               "fileName": "Visualizer_war.ear/Visualizer.war/WEB-INF/classes/DAMService/Upload_File_To_DAM_Service.class",
               "details": [
                  {
                     "reference": "Constructor",
                     "match": "http://digital.razuna.org",
                     "lineNumber": 31
                  },
                  {
                     "reference": "Field LINK",
                     "match": "http://digital.razuna.org",
                     "lineNumber": 0
                  },
                  {
                     "reference": "Method upload_DAM",
                     "match": "http://digital.razuna.org",
                     "lineNumber": 108
                  },
                  {
                     "reference": "Method upload_DAM",
                     "match": "http://digital.razuna.org",
                     "lineNumber": 109
                  },
                  {
                     "reference": "Method upload_DAM",
                     "match": "http://digital.razuna.org",
                     "lineNumber": 123
                  },
                  {
                     "reference": "Method upload_DAM",
                     "match": "http://digital.razuna.org",
                     "lineNumber": 134
                  },
                  {
                     "reference": "Method upload_DAM",
                     "match": "http://digital.razuna.org",
                     "lineNumber": 145
                  },
                  {
                     "reference": "Method upload_DAM",
                     "match": "http://digital.razuna.org",
                     "lineNumber": 168
                  },
                  {
                     "reference": "Method upload_DAM",
                     "match": "http://digital.razuna.org",
                     "lineNumber": 170
                  },
                  {
                     "reference": "Method upload_DAM",
                     "match": "http://digital.razuna.org",
                     "lineNumber": 181
                  },
                  {
                     "reference": "Method upload_DAM",
                     "match": "http://digital.razuna.org",
                     "lineNumber": 191
                  },
                  {
                     "reference": "Method upload_DAM",
                     "match": "http://digital.razuna.org",
                     "lineNumber": 200
                  },
                  {
                     "reference": "Method upload_DAM",
                     "match": "http://digital.razuna.org",
                     "lineNumber": 269
                  },
                  {
                     "reference": "Method upload_DAM",
                     "match": "http://digital.razuna.org/index.cfm",
                     "lineNumber": 232
                  }
               ]
            },
            {
               "fileName": "Visualizer_war.ear/Visualizer.war/WEB-INF/classes/Services/SynchronizeRaunza.class",
               "details": [
                  {
                     "reference": "Method synchronizeRazuna",
                     "match": "http://digital.razuna.org",
                     "lineNumber": 59
                  }
               ]
            },
            {
               "fileName": "Visualizer_war.ear/Visualizer.war/WEB-INF/classes/search/AssetUpload.class",
               "details": [
                  {
                     "reference": "Method getAssestInfo",
                     "match": "http://digital.razuna.org/global/api2/asset.cfc?method=getasset&api_key=",
                     "lineNumber": 155
                  },
                  {
                     "reference": "Method main",
                     "match": "http://digital.razuna.org//index.cfm",
                     "lineNumber": 40
                  }
               ]
            },
            {
               "fileName": "Visualizer_war.ear/Visualizer.war/WEB-INF/classes/search/FolderCreation.class",
               "details": [
                  {
                     "reference": "Method createFolder",
                     "match": "http://digital.razuna.com/global/api2/folder.cfc?method=setfolder&api_key=",
                     "lineNumber": 55
                  },
                  {
                     "reference": "Method createFolder",
                     "match": "http://digital.razuna.com/global/api2/folder.cfc?method=setfolder&api_key=",
                     "lineNumber": 61
                  }
               ]
            },
            {
               "fileName": "Visualizer_war.ear/Visualizer.war/WEB-INF/classes/search/FolderSearch.class",
               "details": [
                  {
                     "reference": "Method SearchRazuna",
                     "match": "http://digital.razuna.org/global/api2/folder.cfc?method=getfolders&api_key=",
                     "lineNumber": 33
                  },
                  {
                     "reference": "Method SearchRazuna",
                     "match": "http://digital.razuna.org/global/api2/folder.cfc?method=getfolders&api_key=BEDAB24F80064841A967E8FBA260C37&folderid=",
                     "lineNumber": 43
                  }
               ]
            },
            {
               "fileName": "Visualizer_war.ear/Visualizer.war/WEB-INF/classes/webservicecall/WebService.class",
               "details": [
                  {
                     "reference": "Method main",
                     "match": "http://digital.razuna.com/global/api2/folder.cfc?method=getfolders&api_key=9F04DDBB80E34459B52673A8210319C7&folderid=8028E97AFE824A5AA7C03ACD2290D34D",
                     "lineNumber": 14
                  }
               ]
            },
            {
               "fileName": "Visualizer_war.ear/Visualizer.war/WEB-INF/lib/itextpdf-5.0.6.jar/com/itextpdf/text/pdf/PdfStamperImp.class",
               "details": [
                  {
                     "reference": "Method close",
                     "match": "http://ns.adobe.com/pdf/1.3/",
                     "lineNumber": 248
                  },
                  {
                     "reference": "Method close",
                     "match": "http://ns.adobe.com/pdf/1.3/",
                     "lineNumber": 250
                  },
                  {
                     "reference": "Method close",
                     "match": "http://ns.adobe.com/xap/1.0/",
                     "lineNumber": 251
                  },
                  {
                     "reference": "Method close",
                     "match": "http://ns.adobe.com/xap/1.0/",
                     "lineNumber": 253
                  },
                  {
                     "reference": "Method close",
                     "match": "http://ns.adobe.com/xap/1.0/",
                     "lineNumber": 254
                  }
               ]
            },
            {
               "fileName": "Visualizer_war.ear/Visualizer.war/WEB-INF/lib/itextpdf-5.0.6.jar/com/itextpdf/text/pdf/XfaForm$Xml2SomDatasets.class",
               "details": [
                  {
                     "reference": "Method hasChildren",
                     "match": "http://www.xfa.org/schema/xfa-data/1.0/",
                     "lineNumber": 812
                  },
                  {
                     "reference": "Method insertNode",
                     "match": "http://www.xfa.org/schema/xfa-data/1.0/",
                     "lineNumber": 799
                  }
               ]
            },
            {
               "fileName": "Visualizer_war.ear/Visualizer.war/WEB-INF/lib/itextpdf-5.0.6.jar/com/itextpdf/text/pdf/XfaForm.class",
               "details": [
                  {
                     "reference": "Field XFA_DATA_SCHEMA",
                     "match": "http://www.xfa.org/schema/xfa-data/1.0/",
                     "lineNumber": 0
                  },
                  {
                     "reference": "Method fillXfaForm",
                     "match": "http://www.xfa.org/schema/xfa-data/1.0/",
                     "lineNumber": 1139
                  },
                  {
                     "reference": "Method fillXfaForm",
                     "match": "http://www.xfa.org/schema/xfa-data/1.0/",
                     "lineNumber": 1145
                  },
                  {
                     "reference": "Method setNodeText",
                     "match": "http://www.xfa.org/schema/xfa-data/1.0/",
                     "lineNumber": 350
                  },
                  {
                     "reference": "Method setNodeText",
                     "match": "http://www.xfa.org/schema/xfa-data/1.0/",
                     "lineNumber": 351
                  }
               ]
            },
            {
               "fileName": "Visualizer_war.ear/Visualizer.war/WEB-INF/lib/itextpdf-5.0.6.jar/com/itextpdf/text/pdf/internal/PdfXConformanceImp.class",
               "details": [
                  {
                     "reference": "Method completeExtraCatalog",
                     "match": "http://www.color.org",
                     "lineNumber": 168
                  }
               ]
            },
            {
               "fileName": "Visualizer_war.ear/Visualizer.war/WEB-INF/lib/itextpdf-5.0.6.jar/com/itextpdf/text/xml/xmp/DublinCoreSchema.class",
               "details": [
                  {
                     "reference": "Field DEFAULT_XPATH_URI",
                     "match": "http://purl.org/dc/elements/1.1/",
                     "lineNumber": 0
                  }
               ]
            },
            {
               "fileName": "Visualizer_war.ear/Visualizer.war/WEB-INF/lib/itextpdf-5.0.6.jar/com/itextpdf/text/xml/xmp/PdfA1Schema.class",
               "details": [
                  {
                     "reference": "Field DEFAULT_XPATH_URI",
                     "match": "http://www.aiim.org/pdfa/ns/id/",
                     "lineNumber": 0
                  }
               ]
            },
            {
               "fileName": "Visualizer_war.ear/Visualizer.war/WEB-INF/lib/itextpdf-5.0.6.jar/com/itextpdf/text/xml/xmp/PdfSchema.class",
               "details": [
                  {
                     "reference": "Field DEFAULT_XPATH_URI",
                     "match": "http://ns.adobe.com/pdf/1.3/",
                     "lineNumber": 0
                  }
               ]
            },
            {
               "fileName": "Visualizer_war.ear/Visualizer.war/WEB-INF/lib/itextpdf-5.0.6.jar/com/itextpdf/text/xml/xmp/XmpBasicSchema.class",
               "details": [
                  {
                     "reference": "Field DEFAULT_XPATH_URI",
                     "match": "http://ns.adobe.com/xap/1.0/",
                     "lineNumber": 0
                  }
               ]
            },
            {
               "fileName": "Visualizer_war.ear/Visualizer.war/WEB-INF/lib/itextpdf-5.0.6.jar/com/itextpdf/text/xml/xmp/XmpMMSchema.class",
               "details": [
                  {
                     "reference": "Field DEFAULT_XPATH_URI",
                     "match": "http://ns.adobe.com/xap/1.0/mm/",
                     "lineNumber": 0
                  }
               ]
            }
         ]
      }
   ]
}