{
  "isVirtual": "false",
  "assessmentUnitName": "Visualizer_war.ear",
  "middleware": "was",
  "serverXml": {
    "server": {
      "jdbcDriver": {
        "id": "Oracle_JDBC_Driver_(XA)_-_Cluster",
        "library": {
          "file": {
            "name": "${shared.config.dir}/lib/global/ojdbc6.jar"
          }
        },
        "javax.sql.DataSource": "oracle.jdbc.xa.client.OracleXADataSource"
      },
      "dataSource": [
        {
          "jdbcDriverRef": "Oracle_JDBC_Driver_(XA)_-_Cluster",
          "jndiName": "CMS_DS",
          "properties.oracle": {
            "freeResourcesOnClose": false,
            "nonTransactionalDataSource": false,
            "enableMultithreadedAccessDetection": false,
            "validateNewConnectionRetryInterval": 3,
            "oracleLogTraceLevel": "INFO",
            "validateNewConnection": false,
            "preTestSQLString": "SELECT 1 FROM DUAL",
            "portNumber": 1521,
            "reauthentication": false,
            "oracleLogPackageName": "oracle.jdbc.driver",
            "name": "CMS_DS",
            "errorDetectionModel": "ExceptionMapping",
            "oracleLogFileCount": 1,
            "URL": "jdbc:oracle:thin:@172.25.10.11:1521:ora2",
            "oracleRACXARecoveryDelay": 0,
            "validateNewConnectionRetryCount": 100,
            "beginTranForVendorAPIs": false,
            "oracleLogFileSizeLimit": 0,
            "oracleLogFormat": "SimpleFormat",
            "enableClientInformation": false,
            "connectionSharing": 1,
            "beginTranForResultSetScrollingAPIs": false
          },
          "id": "CMS_DS",
          "connectionManager": {
            "maxPoolSize": 10,
            "connectionTimeout": 180,
            "maxIdleTime": 1800,
            "agedTimeout": 0,
            "minPoolSize": 1,
            "reapTime": 180
          }
        },
        {
          "jdbcDriverRef": "Oracle_JDBC_Driver_(XA)_-_Cluster",
          "jndiName": "GDATA_PRD",
          "properties.oracle": {
            "freeResourcesOnClose": false,
            "nonTransactionalDataSource": false,
            "enableMultithreadedAccessDetection": false,
            "validateNewConnectionRetryInterval": 3,
            "oracleLogTraceLevel": "INFO",
            "validateNewConnection": false,
            "preTestSQLString": "SELECT 1 FROM DUAL",
            "portNumber": 1521,
            "reauthentication": false,
            "oracleLogPackageName": "oracle.jdbc.driver",
            "name": "GDATA_PRD",
            "errorDetectionModel": "ExceptionMapping",
            "oracleLogFileCount": 1,
            "URL": "jdbc:oracle:thin:@172.25.10.9:1521:ora1",
            "oracleRACXARecoveryDelay": 0,
            "validateNewConnectionRetryCount": 100,
            "beginTranForVendorAPIs": false,
            "oracleLogFileSizeLimit": 0,
            "oracleLogFormat": "SimpleFormat",
            "enableClientInformation": false,
            "connectionSharing": 1,
            "beginTranForResultSetScrollingAPIs": false
          },
          "id": "GDATA_PRD",
          "connectionManager": {
            "maxPoolSize": 10,
            "connectionTimeout": 180,
            "maxIdleTime": 300,
            "agedTimeout": 0,
            "minPoolSize": 1,
            "reapTime": 180
          }
        },
        {
          "jdbcDriverRef": "Oracle_JDBC_Driver_(XA)_-_Cluster",
          "jndiName": "SUP_DEV",
          "properties.oracle": {
            "freeResourcesOnClose": false,
            "nonTransactionalDataSource": false,
            "enableMultithreadedAccessDetection": false,
            "validateNewConnectionRetryInterval": 3,
            "oracleLogTraceLevel": "INFO",
            "validateNewConnection": false,
            "preTestSQLString": "SELECT 1 FROM DUAL",
            "portNumber": 1521,
            "reauthentication": false,
            "oracleLogPackageName": "oracle.jdbc.driver",
            "name": "SUP_DEV",
            "errorDetectionModel": "ExceptionMapping",
            "oracleLogFileCount": 1,
            "URL": "jdbc:oracle:thin:@172.25.10.11:1521:ora2",
            "oracleRACXARecoveryDelay": 0,
            "validateNewConnectionRetryCount": 100,
            "beginTranForVendorAPIs": false,
            "oracleLogFileSizeLimit": 0,
            "oracleLogFormat": "SimpleFormat",
            "enableClientInformation": false,
            "connectionSharing": 1,
            "beginTranForResultSetScrollingAPIs": false
          },
          "id": "SUP_DEV",
          "connectionManager": {
            "maxPoolSize": 10,
            "connectionTimeout": 180,
            "maxIdleTime": 1800,
            "agedTimeout": 0,
            "minPoolSize": 1,
            "reapTime": 180
          }
        }
      ],
      "featureManager": {
        "feature": [
          "jaxb-2.2",
          "jdbc-4.0",
          "jndi-1.0",
          "servlet-3.0"
        ]
      },
      "variable": [
        {
          "value": "${shared.config.dir}/lib/global",
          "name": "DB2UNIVERSAL_JDBC_DRIVER_PATH"
        },
        {
          "value": "${shared.config.dir}/lib/global",
          "name": "ORACLE_JDBC_DRIVER_PATH"
        },
        {
          "value": "${shared.config.dir}/lib/global",
          "name": "WAS_INSTALL_ROOT"
        },
        {
          "value": "${shared.config.dir}/lib/global",
          "name": "DERBY_JDBC_DRIVER_PATH"
        },
        {
          "value": "${shared.config.dir}/lib/global",
          "name": "UNIVERSAL_JDBC_DRIVER_PATH"
        },
        {
          "value": "${shared.config.dir}/lib/global",
          "name": "DB2UNIVERSAL_JDBC_DRIVER_NATIVEPATH"
        }
      ],
      "httpEndpoint": {
        "host": "*",
        "httpPort": 9080,
        "id": "defaultHttpEndpoint",
        "httpsPort": 9443
      },
      "applicationManager": {
        "autoExpand": true
      }
    }
  },
  "domain": "javaAppServer",
  "host": "apwasdev",
  "dcVersion": "1.9.8",
  "archiveType": "profile",
  "archiveName": "Dmgr01"
}