{
   "report": "analysis",
   "version": "1.2",
   "productVersion": "9.0",
   "productRelease": "19.0.0.2-TA1",
   "options": [
      "--sourceAppServer=was855",
      "--sourceJava=ibm7",
      "--sourceJavaEE=ee6",
      "--targetAppServer=was90",
      "--targetJava=ibm8",
      "--targetJavaEE=ee7",
      "--targetCloud=vmIBMCloud",
      "--excludePackages=com.ibm,com.informix,com.microsoft,com.sybase,com.sun,java,javax,net,oracle,org,sqlj,_ibmjsp"
   ],
   "totalRulesFlagged": 8,
   "filesAffected": 17,
   "totalResults": 99,
   "severitySummary": [
      {
         "severity": "Severe",
         "totalRulesFlagged": 1,
         "totalResults": 51
      },
      {
         "severity": "Warning",
         "totalRulesFlagged": 6,
         "totalResults": 17
      },
      {
         "severity": "Information",
         "totalRulesFlagged": 1,
         "totalResults": 31
      }
   ],
   "applications": [
      "/opt/IBM/WebSphere/AppServer/profiles/Dmgr01/config/cells/apwasdevCell01/applications/VSI.ear/VSI.ear"
   ],
   "rules": [
      {
         "ruleName": "Behavior change in java.lang.String and java.util.regex.Pattern split methods",
         "ruleId": "StringSplit",
         "severity": "Warning",
         "category": "Java SE version migration / Java SE 8 compatibility impacts",
         "results": [
            {
               "fileName": "VSI.ear/VSI.war/WEB-INF/classes/AddDealer.class",
               "details": [
                  {
                     "reference": "Method doPost",
                     "match": "java.lang.String.split(*)",
                     "lineNumber": 83
                  }
               ]
            },
            {
               "fileName": "VSI.ear/VSI.war/WEB-INF/classes/DVRReport.class",
               "details": [
                  {
                     "reference": "Method doGet",
                     "match": "java.lang.String.split(*)",
                     "lineNumber": 79
                  }
               ]
            },
            {
               "fileName": "VSI.ear/VSI.war/WEB-INF/classes/Fetch_Dealers.class",
               "details": [
                  {
                     "reference": "Method doGet",
                     "match": "java.lang.String.split(*)",
                     "lineNumber": 74
                  }
               ]
            },
            {
               "fileName": "VSI.ear/VSI.war/WEB-INF/classes/Login.class",
               "details": [
                  {
                     "reference": "Method doPost",
                     "match": "java.lang.String.split(*)",
                     "lineNumber": 276
                  }
               ]
            },
            {
               "fileName": "VSI.ear/VSI.war/WEB-INF/classes/RegisterDevice.class",
               "details": [
                  {
                     "reference": "Method doPost",
                     "match": "java.lang.String.split(*)",
                     "lineNumber": 103
                  }
               ]
            },
            {
               "fileName": "VSI.ear/VSI.war/WEB-INF/classes/Search.class",
               "details": [
                  {
                     "reference": "Method doGet",
                     "match": "java.lang.String.split(*)",
                     "lineNumber": 123
                  }
               ]
            },
            {
               "fileName": "VSI.ear/VSI.war/WEB-INF/classes/SubmitDVR.class",
               "details": [
                  {
                     "reference": "Method doPost",
                     "match": "java.lang.String.split(*)",
                     "lineNumber": 105
                  }
               ]
            },
            {
               "fileName": "VSI.ear/VSI.war/WEB-INF/classes/getDealer.class",
               "details": [
                  {
                     "reference": "Method doGet",
                     "match": "java.lang.String.split(*)",
                     "lineNumber": 77
                  }
               ]
            }
         ]
      },
      {
         "ruleName": "Behavior change in month name formatting for some languages",
         "ruleId": "MonthFormattingNames",
         "severity": "Information",
         "category": "Java SE version migration / Java SE 8 compatibility impacts",
         "results": [
            {
               "fileName": "VSI.ear/VSI.war/WEB-INF/classes/DVRReport.class",
               "details": [
                  {
                     "reference": "Method doGet",
                     "match": "java.text.SimpleDateFormat.format(*)",
                     "lineNumber": 244
                  },
                  {
                     "reference": "Method doGet",
                     "match": "java.text.SimpleDateFormat.format(*)",
                     "lineNumber": 245
                  },
                  {
                     "reference": "Method doGet",
                     "match": "java.text.SimpleDateFormat.format(*)",
                     "lineNumber": 259
                  },
                  {
                     "reference": "Method doGet",
                     "match": "java.text.SimpleDateFormat.format(*)",
                     "lineNumber": 260
                  },
                  {
                     "reference": "Method doGet",
                     "match": "java.text.SimpleDateFormat.format(*)",
                     "lineNumber": 265
                  }
               ]
            },
            {
               "fileName": "VSI.ear/VSI.war/WEB-INF/classes/RegisterDevice.class",
               "details": [
                  {
                     "reference": "Method doPost",
                     "match": "java.text.SimpleDateFormat.format(*)",
                     "lineNumber": 123
                  },
                  {
                     "reference": "Method doPost",
                     "match": "java.text.SimpleDateFormat.format(*)",
                     "lineNumber": 139
                  }
               ]
            },
            {
               "fileName": "VSI.ear/VSI.war/WEB-INF/classes/Services/PushNotification.class",
               "details": [
                  {
                     "reference": "Method registerDevice",
                     "match": "java.text.SimpleDateFormat.format(*)",
                     "lineNumber": 337
                  },
                  {
                     "reference": "Method registerDevice",
                     "match": "java.text.SimpleDateFormat.format(*)",
                     "lineNumber": 339
                  },
                  {
                     "reference": "Method registerDevice",
                     "match": "java.text.SimpleDateFormat.format(*)",
                     "lineNumber": 352
                  },
                  {
                     "reference": "Method sendAllNotification",
                     "match": "java.text.SimpleDateFormat.format(*)",
                     "lineNumber": 141
                  },
                  {
                     "reference": "Method sendAllNotification",
                     "match": "java.text.SimpleDateFormat.format(*)",
                     "lineNumber": 235
                  },
                  {
                     "reference": "Method unregisterDevice",
                     "match": "java.text.SimpleDateFormat.format(*)",
                     "lineNumber": 437
                  }
               ]
            },
            {
               "fileName": "VSI.ear/VSI.war/WEB-INF/classes/Services/RESTCall.class",
               "details": [
                  {
                     "reference": "Method run",
                     "match": "java.text.SimpleDateFormat.format(*)",
                     "lineNumber": 190
                  },
                  {
                     "reference": "Method run",
                     "match": "java.text.SimpleDateFormat.format(*)",
                     "lineNumber": 197
                  },
                  {
                     "reference": "Method run",
                     "match": "java.text.SimpleDateFormat.format(*)",
                     "lineNumber": 236
                  }
               ]
            },
            {
               "fileName": "VSI.ear/VSI.war/WEB-INF/classes/SubmitDVR.class",
               "details": [
                  {
                     "reference": "Method doPost",
                     "match": "java.text.SimpleDateFormat.format(*)",
                     "lineNumber": 322
                  },
                  {
                     "reference": "Method doPost",
                     "match": "java.text.SimpleDateFormat.format(*)",
                     "lineNumber": 611
                  },
                  {
                     "reference": "Method doPost",
                     "match": "java.text.SimpleDateFormat.format(*)",
                     "lineNumber": 615
                  },
                  {
                     "reference": "Method doPost",
                     "match": "java.text.SimpleDateFormat.format(*)",
                     "lineNumber": 640
                  },
                  {
                     "reference": "Method doPost",
                     "match": "java.text.SimpleDateFormat.format(*)",
                     "lineNumber": 640
                  },
                  {
                     "reference": "Method doPost",
                     "match": "java.text.SimpleDateFormat.format(*)",
                     "lineNumber": 676
                  },
                  {
                     "reference": "Method doPost",
                     "match": "java.text.SimpleDateFormat.format(*)",
                     "lineNumber": 676
                  },
                  {
                     "reference": "Method doPost",
                     "match": "java.text.SimpleDateFormat.format(*)",
                     "lineNumber": 676
                  },
                  {
                     "reference": "Method doPost",
                     "match": "java.text.SimpleDateFormat.format(*)",
                     "lineNumber": 732
                  },
                  {
                     "reference": "Method doPost",
                     "match": "java.text.SimpleDateFormat.format(*)",
                     "lineNumber": 733
                  },
                  {
                     "reference": "Method doPost",
                     "match": "java.text.SimpleDateFormat.format(*)",
                     "lineNumber": 734
                  }
               ]
            },
            {
               "fileName": "VSI.ear/VSI.war/WEB-INF/classes/UpdateDealerMaster.class",
               "details": [
                  {
                     "reference": "Method updateDealer",
                     "match": "java.text.SimpleDateFormat.format(*)",
                     "lineNumber": 101
                  },
                  {
                     "reference": "Method updateDealer",
                     "match": "java.text.SimpleDateFormat.format(*)",
                     "lineNumber": 102
                  }
               ]
            },
            {
               "fileName": "VSI.ear/VSI.war/WEB-INF/lib/sapidoc3.jar/com/sap/conn/idoc/rt/ErrorTrace.class",
               "details": [
                  {
                     "reference": "Method trace",
                     "match": "java.text.DateFormat.format(*)",
                     "lineNumber": 147
                  }
               ]
            },
            {
               "fileName": "VSI.ear/VSI.war/WEB-INF/lib/sapidoc3.jar/com/sap/conn/idoc/rt/util/SyncDateFormat.class",
               "details": [
                  {
                     "reference": "Method format",
                     "match": "java.text.SimpleDateFormat.format(*)",
                     "lineNumber": 50
                  }
               ]
            }
         ]
      },
      {
         "ruleName": "CDI scans for implicit beans when there is no beans.xml file",
         "ruleId": "MissingBeansFile",
         "severity": "Warning",
         "category": "Java EE 7 / CDI",
         "results": [
            {
               "fileName": "VSI.ear/VSI.war",
               "details": [
                  {
                     "reference": null,
                     "match": ".*(\\.war|\\.jar)",
                     "lineNumber": 0
                  }
               ]
            },
            {
               "fileName": "VSI.ear/VSI.war/WEB-INF/lib/ojdbc6.jar",
               "details": [
                  {
                     "reference": null,
                     "match": ".*(\\.war|\\.jar)",
                     "lineNumber": 0
                  }
               ]
            },
            {
               "fileName": "VSI.ear/VSI.war/WEB-INF/lib/sapidoc3.jar",
               "details": [
                  {
                     "reference": null,
                     "match": ".*(\\.war|\\.jar)",
                     "lineNumber": 0
                  }
               ]
            }
         ]
      },
      {
         "ruleName": "Databases",
         "ruleId": "DatabasesSQLRule",
         "severity": "Warning",
         "category": "Technology connectivity considerations for IBM Cloud",
         "results": [
            {
               "fileName": "VSI.ear/VSI.war/WEB-INF/classes/AddDealer.class",
               "details": [
                  {
                     "reference": "Method doPost",
                     "match": "java.sql",
                     "lineNumber": 258
                  }
               ]
            }
         ]
      },
      {
         "ruleName": "Do not start unmanaged threads within the web or EJB container",
         "ruleId": "CreateThreadMethodsInWebOrEjbProject",
         "severity": "Warning",
         "category": "All application servers",
         "results": [
            {
               "fileName": "VSI.ear/VSI.war/WEB-INF/classes/Services/CRMCallScheduler.class",
               "details": [
                  {
                     "reference": "Method main",
                     "match": "Services.CRMCallScheduler.run(*)",
                     "lineNumber": 149
                  },
                  {
                     "reference": "Method run",
                     "match": "Services.RESTCall.run(*)",
                     "lineNumber": 97
                  }
               ]
            },
            {
               "fileName": "VSI.ear/VSI.war/WEB-INF/classes/SubmitDVR.class",
               "details": [
                  {
                     "reference": "Method doPost",
                     "match": "java.lang.Thread.start(*)",
                     "lineNumber": 793
                  }
               ]
            }
         ]
      },
      {
         "ruleName": "Java EE security",
         "ruleId": "ApplicationSecurityRule",
         "severity": "Warning",
         "category": "Technology connectivity considerations for IBM Cloud",
         "results": [
            {
               "fileName": "VSI.ear/VSI.war/WEB-INF/classes/AddDealer.class",
               "details": [
                  {
                     "reference": "Method doPost",
                     "match": "javax.servlet.http.HttpServletRequest.getRemoteUser(*)",
                     "lineNumber": 88
                  }
               ]
            }
         ]
      },
      {
         "ruleName": "The Apache HTTP client API was removed",
         "ruleId": "ApacheHTTPRule",
         "severity": "Severe",
         "category": "WebSphere version migration / V8.0, V8.5 and V9.0 migration",
         "results": [
            {
               "fileName": "VSI.ear/VSI.war/WEB-INF/classes/DVRReport.class",
               "details": [
                  {
                     "reference": "Method doGet",
                     "match": "org.apache.http",
                     "lineNumber": 182
                  },
                  {
                     "reference": "Method doGet",
                     "match": "org.apache.http",
                     "lineNumber": 185
                  },
                  {
                     "reference": "Method doGet",
                     "match": "org.apache.http",
                     "lineNumber": 193
                  },
                  {
                     "reference": "Method doGet",
                     "match": "org.apache.http",
                     "lineNumber": 423
                  },
                  {
                     "reference": "Method doGet",
                     "match": "org.apache.http.client",
                     "lineNumber": 182
                  },
                  {
                     "reference": "Method doGet",
                     "match": "org.apache.http.client",
                     "lineNumber": 423
                  },
                  {
                     "reference": "Method doGet",
                     "match": "org.apache.http.client.methods",
                     "lineNumber": 176
                  },
                  {
                     "reference": "Method doGet",
                     "match": "org.apache.http.client.methods",
                     "lineNumber": 177
                  },
                  {
                     "reference": "Method doGet",
                     "match": "org.apache.http.client.methods",
                     "lineNumber": 178
                  },
                  {
                     "reference": "Method doGet",
                     "match": "org.apache.http.client.methods",
                     "lineNumber": 179
                  },
                  {
                     "reference": "Method doGet",
                     "match": "org.apache.http.client.methods",
                     "lineNumber": 180
                  },
                  {
                     "reference": "Method doGet",
                     "match": "org.apache.http.client.methods",
                     "lineNumber": 182
                  },
                  {
                     "reference": "Method doGet",
                     "match": "org.apache.http.client.methods",
                     "lineNumber": 423
                  },
                  {
                     "reference": "Method doGet",
                     "match": "org.apache.http.impl.client",
                     "lineNumber": 175
                  }
               ]
            },
            {
               "fileName": "VSI.ear/VSI.war/WEB-INF/classes/Services/PushNotification.class",
               "details": [
                  {
                     "reference": "Constructor",
                     "match": "org.apache.http.client",
                     "lineNumber": 38
                  },
                  {
                     "reference": "Constructor",
                     "match": "org.apache.http.client.methods",
                     "lineNumber": 40
                  },
                  {
                     "reference": "Constructor",
                     "match": "org.apache.http.impl.client",
                     "lineNumber": 39
                  },
                  {
                     "reference": "Field client",
                     "match": "org.apache.http.client",
                     "lineNumber": 0
                  },
                  {
                     "reference": "Field httpclient",
                     "match": "org.apache.http.impl.client",
                     "lineNumber": 0
                  },
                  {
                     "reference": "Field post",
                     "match": "org.apache.http.client.methods",
                     "lineNumber": 0
                  },
                  {
                     "reference": "Method sendAllNotification",
                     "match": "org.apache.http",
                     "lineNumber": 112
                  },
                  {
                     "reference": "Method sendAllNotification",
                     "match": "org.apache.http",
                     "lineNumber": 114
                  },
                  {
                     "reference": "Method sendAllNotification",
                     "match": "org.apache.http",
                     "lineNumber": 115
                  },
                  {
                     "reference": "Method sendAllNotification",
                     "match": "org.apache.http",
                     "lineNumber": 133
                  },
                  {
                     "reference": "Method sendAllNotification",
                     "match": "org.apache.http",
                     "lineNumber": 287
                  },
                  {
                     "reference": "Method sendAllNotification",
                     "match": "org.apache.http.client",
                     "lineNumber": 88
                  },
                  {
                     "reference": "Method sendAllNotification",
                     "match": "org.apache.http.client",
                     "lineNumber": 114
                  },
                  {
                     "reference": "Method sendAllNotification",
                     "match": "org.apache.http.client.methods",
                     "lineNumber": 89
                  },
                  {
                     "reference": "Method sendAllNotification",
                     "match": "org.apache.http.client.methods",
                     "lineNumber": 90
                  },
                  {
                     "reference": "Method sendAllNotification",
                     "match": "org.apache.http.client.methods",
                     "lineNumber": 91
                  },
                  {
                     "reference": "Method sendAllNotification",
                     "match": "org.apache.http.client.methods",
                     "lineNumber": 112
                  },
                  {
                     "reference": "Method sendAllNotification",
                     "match": "org.apache.http.client.methods",
                     "lineNumber": 114
                  },
                  {
                     "reference": "Method sendAllNotification",
                     "match": "org.apache.http.entity",
                     "lineNumber": 111
                  },
                  {
                     "reference": "Method sendAllNotification",
                     "match": "org.apache.http.impl.client",
                     "lineNumber": 88
                  }
               ]
            },
            {
               "fileName": "VSI.ear/VSI.war/WEB-INF/classes/Services/RESTCall.class",
               "details": [
                  {
                     "reference": "Method createDVR",
                     "match": "org.apache.http",
                     "lineNumber": 93
                  },
                  {
                     "reference": "Method createDVR",
                     "match": "org.apache.http",
                     "lineNumber": 95
                  },
                  {
                     "reference": "Method createDVR",
                     "match": "org.apache.http",
                     "lineNumber": 98
                  },
                  {
                     "reference": "Method createDVR",
                     "match": "org.apache.http",
                     "lineNumber": 106
                  },
                  {
                     "reference": "Method createDVR",
                     "match": "org.apache.http",
                     "lineNumber": 166
                  },
                  {
                     "reference": "Method createDVR",
                     "match": "org.apache.http.client",
                     "lineNumber": 95
                  },
                  {
                     "reference": "Method createDVR",
                     "match": "org.apache.http.client",
                     "lineNumber": 166
                  },
                  {
                     "reference": "Method createDVR",
                     "match": "org.apache.http.client.methods",
                     "lineNumber": 85
                  },
                  {
                     "reference": "Method createDVR",
                     "match": "org.apache.http.client.methods",
                     "lineNumber": 86
                  },
                  {
                     "reference": "Method createDVR",
                     "match": "org.apache.http.client.methods",
                     "lineNumber": 87
                  },
                  {
                     "reference": "Method createDVR",
                     "match": "org.apache.http.client.methods",
                     "lineNumber": 88
                  },
                  {
                     "reference": "Method createDVR",
                     "match": "org.apache.http.client.methods",
                     "lineNumber": 89
                  },
                  {
                     "reference": "Method createDVR",
                     "match": "org.apache.http.client.methods",
                     "lineNumber": 93
                  },
                  {
                     "reference": "Method createDVR",
                     "match": "org.apache.http.client.methods",
                     "lineNumber": 95
                  },
                  {
                     "reference": "Method createDVR",
                     "match": "org.apache.http.client.methods",
                     "lineNumber": 166
                  },
                  {
                     "reference": "Method createDVR",
                     "match": "org.apache.http.entity",
                     "lineNumber": 92
                  },
                  {
                     "reference": "Method createDVR",
                     "match": "org.apache.http.impl.client",
                     "lineNumber": 84
                  }
               ]
            }
         ]
      },
      {
         "ruleName": "Validate the URL host and port for cloud access",
         "ruleId": "URLRuleDockerCloud",
         "severity": "Warning",
         "category": "Connectivity considerations for IBM Cloud (Docker and WebSphere in IBM Cloud)",
         "results": [
            {
               "fileName": "VSI.ear/VSI.war/WEB-INF/classes/Login.class",
               "details": [
                  {
                     "reference": "Method doPost",
                     "match": "ldap://192.168.40.15:389/DC=asianpaints,DC=com",
                     "lineNumber": 252
                  }
               ]
            }
         ]
      }
   ]
}