{
   "report": "inventory",
   "version": "2.4",
   "productVersion": "9.0",
   "productRelease": "19.0.0.2-TA1",
   "options": [
      "--excludePackages=com.ibm,com.informix,com.microsoft,com.sybase,com.sun,java,javax,net,oracle,org,sqlj,_ibmjsp"
   ],
   "applications": [
      "/opt/IBM/WebSphere/AppServer/profiles/Dmgr01/config/cells/apwasdevCell01/applications/WebSphereOauth20SP.ear/WebSphereOauth20SP.ear"
   ],
   "sharedLibraries": [
   ],
   "archives": {
      "ears": 1,
      "wars": 1,
      "rars": 0,
      "ejbs": 0,
      "webFragments": 0,
      "utilityJars": 1,
      "appClients": 0
   },
   "summary": {
      "servlets": 3,
      "jsps": 3,
      "jpaEntities": 0,
      "bmpEntityBeans": 0,
      "cmpEntityBeans": 0,
      "messageDrivenBeans": 0,
      "singletonSessionBeans": 0,
      "statefulSessionBeans": 0,
      "statelessSessionBeans": 0,
      "jaxrpcConsumers": 0,
      "jaxrpcProviders": 0,
      "jaxrsConsumers": 0,
      "jaxrsProviders": 0,
      "jaxwsConsumers": 0,
      "jaxwsProviders": 0
   },
   "archiveInventory": [
      {
         "archiveName": "/opt/IBM/WebSphere/AppServer/profiles/Dmgr01/config/cells/apwasdevCell01/applications/WebSphereOauth20SP.ear/WebSphereOauth20SP.ear",
         "moduleType": "Enterprise archive",
         "moduleVersion": "1.4",
         "metadataComplete": null,
         "moduleSize": 67723,
         "archives": {
            "wars": 1,
            "rars": 0,
            "ejbs": 0,
            "utilityJars": 1,
            "appClients": 0
         },
         "summary": {
            "servlets": 3,
            "jsps": 3,
            "jpaEntities": 0,
            "bmpEntityBeans": 0,
            "cmpEntityBeans": 0,
            "messageDrivenBeans": 0,
            "singletonSessionBeans": 0,
            "statefulSessionBeans": 0,
            "statelessSessionBeans": 0,
            "jaxrpcConsumers": 0,
            "jaxrpcProviders": 0,
            "jaxrsConsumers": 0,
            "jaxrsProviders": 0,
            "jaxwsConsumers": 0,
            "jaxwsProviders": 0
         },
         "potentialDeploymentProblemsSummary": {
            "archivesContainingDuplicateClasses": 0,
            "archivesContainingJavaEEorSEClasses": 0,
            "archivesContainingConflictingOpenSourceSoftwareClasses": 0,
            "archivesContainingWebSphereClasses": 1,
            "archivesNotReferencedInTheApplication": 0,
            "archivesWithMissingDependenciesInTheApplication": 1,
            "classesWithSystemLevelJVMConfiguration": 0,
            "sharedLibrariesReferencingApplicationClasses": 0
         },
         "potentialDeploymentProblemsDetails": [
            {
               "duplicateClassesWithinClassLoader": [
               ]
            },
            {
               "duplicateClassesAcrossApplication": [
               ]
            },
            {
               "javaEEandSEClasses": [
               ]
            },
            {
               "duplicateWebSphereClasses": [
                  {
                     "conflictingPackages": [
                        "com.ibm.ws.security.oauth20.error",
                        "com.ibm.ws.security.oauth20.error.impl",
                        "com.ibm.ws.security.oauth20.form",
                        "com.ibm.ws.security.oauth20.util",
                        "com.ibm.ws.security.oauth20.web"
                     ],
                     "packageLocation": [
                        "WebSphereOauth20SPWeb.war/WEB-INF/lib/oauth20.web.jar"
                     ]
                  }
               ]
            },
            {
               "openSourceSoftwareClasses": [
               ]
            },
            {
               "archivesNotReferenced": [
               ]
            },
            {
               "missingDependencies": [
                  {
                     "missingDependencies": [
                        "com.ibm.ejs.ras",
                        "com.ibm.oauth.core.api",
                        "com.ibm.oauth.core.api.attributes",
                        "com.ibm.oauth.core.api.error",
                        "com.ibm.oauth.core.api.error.oauth20",
                        "com.ibm.oauth.core.api.oauth20",
                        "com.ibm.oauth.core.api.oauth20.client",
                        "com.ibm.oauth.core.api.oauth20.token",
                        "com.ibm.oauth.core.internal",
                        "com.ibm.oauth.core.internal.oauth20"
                     ],
                     "archive": [
                        "WebSphereOauth20SPWeb.war/WEB-INF/lib/oauth20.web.jar"
                     ]
                  }
               ]
            },
            {
               "classesWithSystemLevelJVMConfiguration": [
               ]
            },
            {
               "sharedLibraryDependencies": [
               ]
            }
         ],
         "performanceConsiderations": {
            "archivesThatAreCandidatesForMetadataCompleteTrueAttribute": [
            ],
            "webModulesWithExcessiveClassFiles": [
            ],
            "webModulesWithExcessiveStaticResources": [
            ]
         },
         "containedArchiveInventory": [
            {
               "archiveName": "/opt/IBM/WebSphere/AppServer/profiles/Dmgr01/config/cells/apwasdevCell01/applications/WebSphereOauth20SP.ear/WebSphereOauth20SP.ear/WebSphereOauth20SPWeb.war",
               "moduleType": "Web module",
               "moduleVersion": "2.4",
               "metadataComplete": "true",
               "archives": {
                  "ejbs": 0,
                  "webFragments": 0,
                  "utilityJars": 1
               },
               "summary": {
                  "servlets": 3,
                  "jsps": 3,
                  "jpaEntities": 0,
                  "bmpEntityBeans": 0,
                  "cmpEntityBeans": 0,
                  "messageDrivenBeans": 0,
                  "singletonSessionBeans": 0,
                  "statefulSessionBeans": 0,
                  "statelessSessionBeans": 0,
                  "jaxrpcConsumers": 0,
                  "jaxrpcProviders": 0,
                  "jaxrsConsumers": 0,
                  "jaxrsProviders": 0,
                  "jaxwsConsumers": 0,
                  "jaxwsProviders": 0
               },
               "containedArchiveInventory": [
                  {
                     "archiveName": "/opt/IBM/WebSphere/AppServer/profiles/Dmgr01/config/cells/apwasdevCell01/applications/WebSphereOauth20SP.ear/WebSphereOauth20SP.ear/WebSphereOauth20SPWeb.war/WEB-INF/lib/oauth20.web.jar",
                     "moduleType": "Utility JAR",
                     "containedPackages": [
                        "com.ibm.ws"
                     ]
                  }
               ]
            }
         ]
      }
   ],
   "sharedLibraryDetails": [
   ]
}